-- --------------------------------------------------------
-- Хост:                         127.0.0.1
-- Версия сервера:               5.7.25 - MySQL Community Server (GPL)
-- ОС Сервера:                   Win64
-- HeidiSQL Версия:              9.3.0.4984
-- --------------------------------------------------------

/*!40101 SET @OLD_CHARACTER_SET_CLIENT=@@CHARACTER_SET_CLIENT */;
/*!40101 SET NAMES utf8mb4 */;
/*!40014 SET @OLD_FOREIGN_KEY_CHECKS=@@FOREIGN_KEY_CHECKS, FOREIGN_KEY_CHECKS=0 */;
/*!40101 SET @OLD_SQL_MODE=@@SQL_MODE, SQL_MODE='NO_AUTO_VALUE_ON_ZERO' */;

-- Дамп структуры базы данных hobbygames
DROP DATABASE IF EXISTS `hobbygames`;
CREATE DATABASE IF NOT EXISTS `hobbygames` /*!40100 DEFAULT CHARACTER SET utf8 COLLATE utf8_unicode_ci */;
USE `hobbygames`;


-- Дамп структуры для таблица hobbygames.categories
DROP TABLE IF EXISTS `categories`;
CREATE TABLE IF NOT EXISTS `categories` (
  `id` int(10) unsigned NOT NULL AUTO_INCREMENT,
  `name` varchar(255) COLLATE utf8_unicode_ci NOT NULL,
  PRIMARY KEY (`id`),
  UNIQUE KEY `name` (`name`)
) ENGINE=InnoDB AUTO_INCREMENT=21 DEFAULT CHARSET=utf8 COLLATE=utf8_unicode_ci;

-- Дамп данных таблицы hobbygames.categories: ~20 rows (приблизительно)
/*!40000 ALTER TABLE `categories` DISABLE KEYS */;
INSERT INTO `categories` (`id`, `name`) VALUES
	(10, 'aut'),
	(1, 'cum'),
	(6, 'deleniti'),
	(16, 'doloribus'),
	(15, 'eligendi'),
	(17, 'error'),
	(14, 'est'),
	(2, 'ex'),
	(3, 'explicabo'),
	(4, 'fugiat'),
	(18, 'ipsam'),
	(7, 'maiores'),
	(5, 'molestiae'),
	(19, 'non'),
	(9, 'officiis'),
	(12, 'placeat'),
	(11, 'qui'),
	(8, 'quos'),
	(20, 'sit'),
	(13, 'ut');
/*!40000 ALTER TABLE `categories` ENABLE KEYS */;


-- Дамп структуры для таблица hobbygames.discounts
DROP TABLE IF EXISTS `discounts`;
CREATE TABLE IF NOT EXISTS `discounts` (
  `id` int(10) unsigned NOT NULL AUTO_INCREMENT,
  `product_id` int(10) unsigned DEFAULT NULL,
  `category_id` int(10) unsigned DEFAULT NULL,
  `discount` float NOT NULL COMMENT 'from 0 to 1',
  `started_at` datetime DEFAULT CURRENT_TIMESTAMP,
  `finished_at` datetime DEFAULT CURRENT_TIMESTAMP,
  `created_at` datetime DEFAULT CURRENT_TIMESTAMP,
  `updated_at` datetime DEFAULT CURRENT_TIMESTAMP ON UPDATE CURRENT_TIMESTAMP,
  PRIMARY KEY (`id`),
  KEY `discounts_product_id_fk` (`product_id`),
  KEY `discounts_category_id_fk` (`category_id`),
  CONSTRAINT `discounts_category_id_fk` FOREIGN KEY (`category_id`) REFERENCES `categories` (`id`) ON DELETE CASCADE ON UPDATE CASCADE,
  CONSTRAINT `discounts_product_id_fk` FOREIGN KEY (`product_id`) REFERENCES `products` (`id`) ON DELETE CASCADE ON UPDATE CASCADE
) ENGINE=InnoDB AUTO_INCREMENT=21 DEFAULT CHARSET=utf8 COLLATE=utf8_unicode_ci;

-- Дамп данных таблицы hobbygames.discounts: ~20 rows (приблизительно)
/*!40000 ALTER TABLE `discounts` DISABLE KEYS */;
INSERT INTO `discounts` (`id`, `product_id`, `category_id`, `discount`, `started_at`, `finished_at`, `created_at`, `updated_at`) VALUES
	(1, NULL, 5, 0.75, '2012-10-27 15:37:08', '2021-05-16 18:09:03', '2012-08-21 18:11:18', '2020-05-31 17:35:45'),
	(2, 154, NULL, 0.75, '2018-12-02 03:02:27', '2021-05-16 18:09:03', '2018-12-02 03:02:27', '2020-05-31 17:35:53'),
	(3, NULL, 10, 0.75, '2017-07-03 04:58:09', '2021-05-16 18:09:03', '2017-07-03 04:58:09', '2020-05-31 17:35:57'),
	(4, NULL, 13, 0.66, '2018-11-27 12:22:13', '2021-05-16 18:09:03', '2018-11-22 16:27:10', '2020-05-31 17:36:17'),
	(5, NULL, 15, 0.32, '2015-07-26 05:43:27', '2021-05-16 18:09:03', '2015-07-26 05:43:27', '2020-05-31 17:36:23'),
	(6, 6, NULL, 0.42, '2020-02-06 05:09:16', '2021-05-16 18:09:03', '2015-08-22 03:36:33', '2020-05-31 17:36:26'),
	(7, NULL, 1, 0.43, '2016-09-30 02:23:40', '2021-03-15 20:48:34', '2010-06-17 00:43:50', '2020-05-31 17:36:28'),
	(8, 228, NULL, 0.54, '2018-12-29 22:27:53', '2021-05-16 18:28:36', '2018-12-29 22:27:53', '2020-05-31 17:36:29'),
	(9, NULL, 19, 0.75, '2019-09-05 00:10:35', '2021-05-16 18:09:03', '2019-09-05 00:10:35', '2020-05-31 17:36:31'),
	(10, 206, NULL, 0.75, '2019-06-27 08:58:22', '2021-05-16 18:09:03', '2019-06-27 08:58:22', '2020-05-31 17:36:36'),
	(11, 269, NULL, 0.75, '2011-10-26 18:07:19', '2014-05-20 04:07:34', '2010-08-22 10:01:16', '2020-05-16 18:25:53'),
	(12, NULL, 18, 0.75, '2015-04-26 11:03:38', '2017-02-16 00:31:16', '2015-04-26 11:03:38', '2020-05-31 17:36:12'),
	(13, 29, NULL, 0.52, '2015-10-07 19:26:44', '2019-03-12 06:42:13', '2015-10-07 19:26:44', '2020-05-16 18:27:40'),
	(14, 138, NULL, 0.75, '2017-07-25 04:22:11', '2021-05-16 18:09:03', '2017-07-25 04:22:11', '2020-05-31 17:36:38'),
	(15, 50, NULL, 0.05, '2020-05-07 05:42:38', '2021-05-16 18:28:36', '2020-05-07 05:42:38', '2020-05-31 17:36:40'),
	(16, 183, NULL, 0.44, '2016-05-14 21:12:40', '2021-05-16 18:09:03', '2016-02-16 15:18:37', '2020-05-31 17:36:42'),
	(17, NULL, 17, 0.04, '2014-07-04 20:17:31', '2017-04-12 04:04:27', '2014-07-04 20:17:31', '2020-05-16 18:27:40'),
	(18, 151, NULL, 0.38, '2016-08-11 00:34:56', '2017-01-17 07:14:27', '2013-11-07 14:37:27', '2020-05-16 18:23:56'),
	(19, 126, NULL, 0.34, '2014-10-16 05:23:18', '2021-03-02 11:38:58', '2012-04-14 07:56:51', '2020-05-31 17:36:44'),
	(20, 55, NULL, 0.68, '2012-02-02 01:12:20', '2021-05-16 18:09:03', '2011-02-13 21:31:30', '2020-05-31 17:59:12');
/*!40000 ALTER TABLE `discounts` ENABLE KEYS */;


-- Дамп структуры для таблица hobbygames.orders
DROP TABLE IF EXISTS `orders`;
CREATE TABLE IF NOT EXISTS `orders` (
  `id` int(10) unsigned NOT NULL AUTO_INCREMENT,
  `user_id` int(10) unsigned NOT NULL,
  `status` enum('canceled','delivered','processing') COLLATE utf8_unicode_ci DEFAULT NULL,
  `spent_bonuses` int(10) unsigned DEFAULT NULL,
  `delivery_type` enum('shop','user') COLLATE utf8_unicode_ci DEFAULT NULL,
  `delivery_adress_id` int(10) unsigned NOT NULL,
  `created_at` datetime DEFAULT CURRENT_TIMESTAMP,
  `updated_at` datetime DEFAULT CURRENT_TIMESTAMP ON UPDATE CURRENT_TIMESTAMP,
  PRIMARY KEY (`id`),
  KEY `orders_user_id_fk` (`user_id`),
  KEY `orders_status_id_fk` (`status`),
  CONSTRAINT `orders_user_id_fk` FOREIGN KEY (`user_id`) REFERENCES `users` (`id`) ON DELETE CASCADE ON UPDATE CASCADE
) ENGINE=InnoDB AUTO_INCREMENT=201 DEFAULT CHARSET=utf8 COLLATE=utf8_unicode_ci;

-- Дамп данных таблицы hobbygames.orders: ~200 rows (приблизительно)
/*!40000 ALTER TABLE `orders` DISABLE KEYS */;
INSERT INTO `orders` (`id`, `user_id`, `status`, `spent_bonuses`, `delivery_type`, `delivery_adress_id`, `created_at`, `updated_at`) VALUES
	(1, 85, 'processing', 0, 'user', 81, '2018-07-07 16:54:40', '2020-05-30 18:54:27'),
	(2, 10, 'canceled', 81, 'user', 134, '2011-09-25 06:40:03', '2020-05-30 18:54:27'),
	(3, 110, 'delivered', 0, 'shop', 52, '2014-07-24 06:19:44', '2020-05-30 18:54:23'),
	(4, 3, 'canceled', 0, 'shop', 71, '2020-05-08 06:27:41', '2020-05-30 18:54:23'),
	(5, 53, 'delivered', 5, 'shop', 92, '2015-05-27 13:29:41', '2020-05-30 18:54:23'),
	(6, 116, 'delivered', 0, 'user', 207, '2011-10-02 18:12:39', '2020-05-30 18:54:27'),
	(7, 26, 'processing', 0, 'shop', 69, '2019-07-11 07:45:25', '2020-05-30 18:54:23'),
	(8, 76, 'delivered', 630, 'user', 121, '2017-11-20 13:24:37', '2020-05-30 18:54:27'),
	(9, 75, 'delivered', 197, 'user', 246, '2011-05-20 02:13:16', '2020-05-30 18:54:27'),
	(10, 17, 'processing', 179, 'shop', 68, '2015-08-02 07:05:05', '2020-05-30 18:54:23'),
	(11, 26, 'processing', 0, 'shop', 61, '2015-09-27 20:09:58', '2020-05-30 18:54:23'),
	(12, 163, 'processing', 0, 'shop', 35, '2019-06-10 03:05:24', '2020-05-30 18:54:23'),
	(13, 25, 'delivered', 673, 'shop', 3, '2010-12-14 13:03:52', '2020-05-30 18:54:23'),
	(14, 37, 'canceled', 0, 'shop', 30, '2016-04-04 04:10:40', '2020-05-30 18:54:23'),
	(15, 74, 'delivered', 0, 'shop', 26, '2015-05-21 19:15:17', '2020-05-30 18:54:23'),
	(16, 200, 'canceled', 334, 'shop', 30, '2019-09-05 14:05:21', '2020-05-30 18:54:23'),
	(17, 185, 'processing', 783, 'shop', 75, '2015-08-17 01:22:47', '2020-05-30 18:54:23'),
	(18, 174, 'delivered', 14, 'user', 48, '2019-10-22 11:59:32', '2020-05-30 18:54:27'),
	(19, 34, 'canceled', 0, 'shop', 27, '2013-10-29 05:10:38', '2020-05-30 18:54:23'),
	(20, 22, 'processing', 0, 'shop', 32, '2014-08-18 00:28:09', '2020-05-30 18:54:23'),
	(21, 97, 'canceled', 449, 'user', 20, '2011-09-27 18:23:22', '2020-05-30 18:54:27'),
	(22, 35, 'delivered', 460, 'user', 114, '2016-09-07 18:25:30', '2020-05-30 18:54:27'),
	(23, 171, 'canceled', 0, 'user', 118, '2016-02-29 10:34:42', '2020-05-30 18:54:27'),
	(24, 91, 'delivered', 0, 'shop', 54, '2019-04-04 01:12:18', '2020-05-30 18:54:23'),
	(25, 187, 'delivered', 518, 'user', 285, '2013-02-15 18:24:37', '2020-05-30 18:54:27'),
	(26, 173, 'delivered', 0, 'shop', 78, '2012-05-18 03:06:31', '2020-05-30 18:54:23'),
	(27, 26, 'processing', 0, 'shop', 52, '2018-12-30 13:39:00', '2020-05-30 18:54:23'),
	(28, 31, 'canceled', 750, 'shop', 9, '2018-08-19 01:25:34', '2020-05-30 18:54:23'),
	(29, 181, 'processing', 0, 'shop', 61, '2012-12-10 09:21:06', '2020-05-30 18:54:23'),
	(30, 172, 'canceled', 230, 'user', 33, '2019-09-24 20:24:57', '2020-05-30 18:54:27'),
	(31, 15, 'processing', 728, 'user', 31, '2010-07-05 22:45:33', '2020-05-30 18:54:27'),
	(32, 11, 'delivered', 0, 'shop', 49, '2015-08-27 03:00:10', '2020-05-30 18:54:23'),
	(33, 182, 'processing', 0, 'user', 54, '2012-01-24 16:08:26', '2020-05-30 18:54:27'),
	(34, 94, 'delivered', 0, 'shop', 37, '2012-07-28 06:01:24', '2020-05-30 18:54:23'),
	(35, 161, 'processing', 720, 'user', 237, '2010-08-10 08:33:06', '2020-05-30 18:54:27'),
	(36, 101, 'delivered', 848, 'user', 12, '2010-09-18 15:19:36', '2020-05-30 18:54:27'),
	(37, 53, 'canceled', 0, 'shop', 60, '2019-07-03 16:15:58', '2020-05-30 18:54:23'),
	(38, 178, 'processing', 0, 'shop', 5, '2014-03-04 14:21:48', '2020-05-30 18:54:23'),
	(39, 46, 'delivered', 593, 'shop', 8, '2015-08-02 19:37:56', '2020-05-30 18:54:23'),
	(40, 68, 'delivered', 0, 'user', 174, '2015-08-07 19:32:46', '2020-05-30 18:54:27'),
	(41, 175, 'delivered', 0, 'user', 204, '2016-09-11 14:10:36', '2020-05-30 18:54:27'),
	(42, 44, 'processing', 719, 'shop', 4, '2019-12-27 07:18:12', '2020-05-30 18:54:23'),
	(43, 175, 'delivered', 732, 'shop', 55, '2012-03-04 00:54:53', '2020-05-30 18:54:23'),
	(44, 50, 'canceled', 0, 'user', 15, '2020-03-07 14:11:53', '2020-05-30 18:54:27'),
	(45, 141, 'processing', 613, 'shop', 93, '2018-08-15 23:28:20', '2020-05-30 18:54:23'),
	(46, 9, 'delivered', 863, 'shop', 98, '2011-05-03 14:58:35', '2020-05-30 18:54:23'),
	(47, 194, 'canceled', 197, 'user', 148, '2011-11-24 01:27:24', '2020-05-30 18:54:27'),
	(48, 156, 'canceled', 97, 'shop', 3, '2020-02-02 15:27:13', '2020-05-30 18:54:23'),
	(49, 4, 'delivered', 514, 'shop', 7, '2020-02-20 00:58:36', '2020-05-30 18:54:23'),
	(50, 189, 'canceled', 354, 'user', 16, '2016-05-09 15:46:18', '2020-05-30 18:54:27'),
	(51, 165, 'delivered', 755, 'shop', 5, '2015-09-28 04:32:03', '2020-05-30 18:54:23'),
	(52, 20, 'delivered', 0, 'shop', 14, '2014-07-08 20:10:50', '2020-05-30 18:54:23'),
	(53, 26, 'canceled', 0, 'shop', 73, '2016-12-31 12:53:37', '2020-05-30 18:54:23'),
	(54, 40, 'canceled', 0, 'user', 198, '2019-08-03 19:34:16', '2020-05-30 18:54:27'),
	(55, 65, 'processing', 462, 'shop', 1, '2014-09-05 23:34:57', '2020-05-30 18:54:23'),
	(56, 102, 'processing', 355, 'shop', 24, '2013-01-22 18:44:15', '2020-05-30 18:54:23'),
	(57, 147, 'canceled', 637, 'user', 94, '2017-05-08 01:23:22', '2020-05-30 18:54:27'),
	(58, 39, 'canceled', 722, 'user', 42, '2012-07-25 18:38:13', '2020-05-30 18:54:27'),
	(59, 20, 'delivered', 0, 'shop', 2, '2011-03-31 22:50:17', '2020-05-30 18:54:23'),
	(60, 77, 'processing', 574, 'user', 30, '2017-09-10 04:35:19', '2020-05-30 18:54:27'),
	(61, 110, 'processing', 554, 'user', 124, '2010-09-27 17:34:37', '2020-05-30 18:54:27'),
	(62, 116, 'processing', 0, 'user', 207, '2020-02-20 02:27:42', '2020-05-30 18:54:27'),
	(63, 106, 'delivered', 0, 'shop', 36, '2020-03-08 18:42:34', '2020-05-30 18:54:23'),
	(64, 77, 'delivered', 436, 'shop', 69, '2014-01-01 20:30:57', '2020-05-30 18:54:23'),
	(65, 120, 'delivered', 0, 'user', 71, '2019-10-09 09:28:07', '2020-05-30 18:54:27'),
	(66, 73, 'canceled', 220, 'user', 18, '2010-07-14 06:22:20', '2020-05-30 18:54:27'),
	(67, 156, 'canceled', 0, 'shop', 2, '2011-08-14 23:35:51', '2020-05-30 18:54:23'),
	(68, 101, 'delivered', 0, 'user', 12, '2013-02-16 09:07:18', '2020-05-30 18:54:27'),
	(69, 90, 'processing', 583, 'user', 95, '2017-02-03 08:47:58', '2020-05-30 18:54:27'),
	(70, 51, 'delivered', 0, 'shop', 74, '2013-01-10 03:09:31', '2020-05-30 18:54:23'),
	(71, 48, 'delivered', 504, 'shop', 96, '2010-06-23 06:48:10', '2020-05-30 18:54:23'),
	(72, 193, 'canceled', 502, 'shop', 62, '2013-01-02 09:24:20', '2020-05-30 18:54:23'),
	(73, 98, 'processing', 0, 'shop', 86, '2015-03-01 06:14:27', '2020-05-30 18:54:23'),
	(74, 116, 'processing', 384, 'user', 207, '2013-12-13 03:13:21', '2020-05-30 18:54:27'),
	(75, 119, 'processing', 0, 'user', 154, '2020-05-07 07:45:47', '2020-05-30 18:54:27'),
	(76, 77, 'processing', 0, 'user', 30, '2013-12-13 10:43:41', '2020-05-30 18:54:27'),
	(77, 79, 'delivered', 205, 'user', 4, '2019-04-04 21:09:32', '2020-05-30 18:54:27'),
	(78, 130, 'processing', 105, 'shop', 43, '2011-06-12 15:31:56', '2020-05-30 18:54:23'),
	(79, 63, 'canceled', 0, 'shop', 49, '2014-11-27 15:19:07', '2020-05-30 18:54:23'),
	(80, 93, 'processing', 0, 'shop', 32, '2015-01-26 20:41:01', '2020-05-30 18:54:23'),
	(81, 72, 'canceled', 714, 'user', 8, '2017-03-29 22:17:59', '2020-05-30 18:54:27'),
	(82, 66, 'delivered', 0, 'user', 63, '2010-12-29 01:29:11', '2020-05-30 18:54:27'),
	(83, 57, 'delivered', 818, 'user', 14, '2012-08-31 07:54:25', '2020-05-30 18:54:27'),
	(84, 8, 'canceled', 933, 'shop', 4, '2011-06-16 19:40:38', '2020-05-30 18:54:23'),
	(85, 107, 'canceled', 837, 'user', 240, '2012-05-04 19:07:24', '2020-05-30 18:54:27'),
	(86, 100, 'canceled', 220, 'user', 112, '2011-10-02 17:46:17', '2020-05-30 18:54:27'),
	(87, 10, 'canceled', 0, 'shop', 50, '2010-11-19 09:44:18', '2020-05-30 18:54:23'),
	(88, 149, 'delivered', 263, 'user', 286, '2014-05-29 20:30:35', '2020-05-30 18:54:27'),
	(89, 123, 'delivered', 0, 'shop', 55, '2013-05-16 12:17:40', '2020-05-30 18:54:23'),
	(90, 25, 'delivered', 283, 'user', 104, '2014-06-18 17:43:09', '2020-05-30 18:54:27'),
	(91, 58, 'processing', 0, 'user', 47, '2015-04-25 21:00:21', '2020-05-30 18:54:27'),
	(92, 69, 'delivered', 152, 'user', 98, '2020-01-15 09:03:51', '2020-05-30 18:54:27'),
	(93, 93, 'processing', 0, 'shop', 48, '2013-07-28 18:25:47', '2020-05-30 18:54:23'),
	(94, 120, 'canceled', 360, 'user', 71, '2018-11-20 20:52:41', '2020-05-30 18:54:27'),
	(95, 5, 'delivered', 0, 'shop', 81, '2015-03-13 00:10:10', '2020-05-30 18:54:23'),
	(96, 138, 'processing', 799, 'shop', 37, '2019-03-04 18:24:00', '2020-05-30 18:54:23'),
	(97, 177, 'delivered', 0, 'shop', 66, '2015-03-28 00:46:47', '2020-05-30 18:54:23'),
	(98, 104, 'canceled', 0, 'shop', 3, '2015-03-28 02:28:26', '2020-05-30 18:54:23'),
	(99, 170, 'canceled', 0, 'shop', 2, '2016-11-15 21:26:13', '2020-05-30 18:54:23'),
	(100, 179, 'processing', 263, 'shop', 41, '2020-05-13 09:08:35', '2020-05-30 18:54:23'),
	(101, 168, 'delivered', 484, 'shop', 74, '2013-03-08 03:23:14', '2020-05-30 18:54:23'),
	(102, 31, 'delivered', 660, 'user', 189, '2017-05-30 10:51:56', '2020-05-30 18:54:27'),
	(103, 170, 'processing', 0, 'shop', 10, '2019-05-10 06:37:22', '2020-05-30 18:54:23'),
	(104, 85, 'processing', 0, 'user', 81, '2012-08-10 00:47:36', '2020-05-30 18:54:27'),
	(105, 44, 'processing', 577, 'shop', 25, '2013-04-21 10:31:46', '2020-05-30 18:54:23'),
	(106, 133, 'canceled', 0, 'shop', 60, '2014-10-10 02:55:53', '2020-05-30 18:54:23'),
	(107, 10, 'delivered', 94, 'user', 134, '2011-04-12 07:07:54', '2020-05-30 18:54:27'),
	(108, 37, 'processing', 136, 'shop', 2, '2011-02-02 09:26:07', '2020-05-30 18:54:23'),
	(109, 199, 'canceled', 260, 'user', 10, '2016-12-05 09:13:31', '2020-05-30 18:54:27'),
	(110, 58, 'processing', 0, 'shop', 35, '2014-07-06 00:28:00', '2020-05-30 18:54:23'),
	(111, 167, 'canceled', 0, 'shop', 73, '2011-06-30 17:22:09', '2020-05-30 18:54:23'),
	(112, 81, 'delivered', 819, 'shop', 15, '2013-12-30 06:14:53', '2020-05-30 18:54:23'),
	(113, 199, 'canceled', 633, 'user', 10, '2011-08-29 05:24:18', '2020-05-30 18:54:27'),
	(114, 176, 'canceled', 257, 'shop', 71, '2013-02-16 12:51:36', '2020-05-30 18:54:23'),
	(115, 94, 'processing', 0, 'shop', 17, '2011-02-09 13:20:32', '2020-05-30 18:54:23'),
	(116, 44, 'processing', 845, 'shop', 46, '2016-02-24 09:14:52', '2020-05-30 18:54:23'),
	(117, 32, 'canceled', 617, 'shop', 96, '2019-08-24 10:17:29', '2020-05-30 18:54:23'),
	(118, 39, 'canceled', 992, 'shop', 91, '2013-06-22 16:19:14', '2020-05-30 18:54:23'),
	(119, 53, 'delivered', 0, 'shop', 63, '2012-03-11 06:02:21', '2020-05-30 18:54:23'),
	(120, 93, 'delivered', 0, 'shop', 16, '2017-07-06 17:19:14', '2020-05-30 18:54:23'),
	(121, 32, 'canceled', 437, 'user', 213, '2019-09-24 19:14:19', '2020-05-30 18:54:27'),
	(122, 197, 'canceled', 198, 'shop', 44, '2017-02-25 21:32:24', '2020-05-30 18:54:23'),
	(123, 26, 'canceled', 0, 'user', 142, '2012-08-16 04:03:12', '2020-05-30 18:54:27'),
	(124, 144, 'canceled', 385, 'user', 34, '2012-06-10 22:25:40', '2020-05-30 18:54:27'),
	(125, 188, 'canceled', 0, 'shop', 72, '2018-07-01 07:14:03', '2020-05-30 18:54:23'),
	(126, 28, 'canceled', 0, 'shop', 27, '2019-01-07 00:04:58', '2020-05-30 18:54:23'),
	(127, 197, 'processing', 0, 'user', 138, '2018-04-11 22:19:25', '2020-05-30 18:54:27'),
	(128, 97, 'delivered', 0, 'shop', 19, '2020-04-16 09:47:45', '2020-05-30 18:54:23'),
	(129, 92, 'processing', 328, 'user', 289, '2011-03-05 07:17:07', '2020-05-30 18:54:27'),
	(130, 163, 'canceled', 0, 'user', 40, '2011-12-16 22:11:09', '2020-05-30 18:54:27'),
	(131, 27, 'processing', 0, 'shop', 13, '2017-12-17 13:06:35', '2020-05-30 18:54:23'),
	(132, 47, 'canceled', 335, 'user', 151, '2016-05-24 07:54:17', '2020-05-30 18:54:27'),
	(133, 80, 'canceled', 0, 'shop', 9, '2016-01-17 19:33:55', '2020-05-30 18:54:23'),
	(134, 60, 'processing', 831, 'shop', 45, '2014-11-16 20:18:42', '2020-05-30 18:54:23'),
	(135, 9, 'processing', 444, 'user', 181, '2019-07-27 23:32:17', '2020-05-30 18:54:27'),
	(136, 28, 'delivered', 139, 'shop', 5, '2019-12-30 17:11:05', '2020-05-30 18:54:23'),
	(137, 178, 'processing', 0, 'shop', 96, '2014-09-09 09:55:19', '2020-05-30 18:54:23'),
	(138, 82, 'canceled', 0, 'shop', 67, '2018-03-31 16:40:24', '2020-05-30 18:54:23'),
	(139, 57, 'delivered', 0, 'user', 14, '2018-09-21 12:24:05', '2020-05-30 18:54:27'),
	(140, 28, 'canceled', 0, 'user', 21, '2014-12-23 02:05:57', '2020-05-30 18:54:27'),
	(141, 27, 'delivered', 676, 'shop', 45, '2020-03-03 06:34:56', '2020-05-30 18:54:23'),
	(142, 199, 'canceled', 660, 'user', 10, '2011-09-06 16:03:32', '2020-05-30 18:54:27'),
	(143, 164, 'processing', 0, 'shop', 23, '2015-05-11 10:06:33', '2020-05-30 18:54:23'),
	(144, 19, 'canceled', 156, 'user', 38, '2018-09-17 21:05:34', '2020-05-30 18:54:27'),
	(145, 168, 'canceled', 354, 'shop', 41, '2013-07-10 16:35:09', '2020-05-30 18:54:23'),
	(146, 40, 'canceled', 0, 'shop', 47, '2013-12-07 07:05:17', '2020-05-30 18:54:23'),
	(147, 186, 'delivered', 570, 'user', 49, '2012-03-01 14:01:36', '2020-05-30 18:54:27'),
	(148, 52, 'delivered', 0, 'shop', 82, '2010-08-02 04:32:50', '2020-05-30 18:54:23'),
	(149, 172, 'delivered', 0, 'user', 33, '2013-03-23 05:01:24', '2020-05-30 18:54:27'),
	(150, 197, 'delivered', 736, 'shop', 37, '2015-04-24 16:55:29', '2020-05-30 18:54:23'),
	(151, 64, 'delivered', 0, 'shop', 40, '2017-01-28 00:49:16', '2020-05-30 18:54:23'),
	(152, 21, 'processing', 684, 'shop', 4, '2018-04-06 03:57:05', '2020-05-30 18:54:23'),
	(153, 48, 'delivered', 0, 'shop', 48, '2014-09-10 17:56:54', '2020-05-30 18:54:23'),
	(154, 43, 'canceled', 430, 'shop', 10, '2014-12-26 03:33:40', '2020-05-30 18:54:23'),
	(155, 127, 'processing', 0, 'shop', 89, '2014-07-25 09:21:08', '2020-05-30 18:54:23'),
	(156, 149, 'canceled', 0, 'user', 286, '2013-10-04 21:36:54', '2020-05-30 18:54:27'),
	(157, 126, 'processing', 95, 'shop', 40, '2014-02-24 13:26:28', '2020-05-30 18:54:23'),
	(158, 177, 'delivered', 0, 'shop', 9, '2019-08-19 06:17:09', '2020-05-30 18:54:23'),
	(159, 42, 'canceled', 0, 'shop', 26, '2010-12-30 12:09:52', '2020-05-30 18:54:23'),
	(160, 144, 'delivered', 0, 'shop', 61, '2011-09-20 13:11:35', '2020-05-30 18:54:23'),
	(161, 176, 'canceled', 0, 'shop', 25, '2017-07-04 12:06:07', '2020-05-30 18:54:23'),
	(162, 3, 'canceled', 0, 'user', 171, '2014-09-11 06:35:46', '2020-05-30 18:54:27'),
	(163, 71, 'canceled', 0, 'shop', 42, '2018-10-23 08:44:09', '2020-05-30 18:54:23'),
	(164, 26, 'canceled', 194, 'shop', 35, '2016-02-13 17:30:59', '2020-05-30 18:54:23'),
	(165, 165, 'delivered', 0, 'shop', 5, '2016-04-06 06:45:46', '2020-05-30 18:54:23'),
	(166, 23, 'canceled', 433, 'user', 58, '2016-03-09 17:11:13', '2020-05-30 18:54:27'),
	(167, 46, 'canceled', 0, 'shop', 80, '2016-07-27 19:44:20', '2020-05-30 18:54:23'),
	(168, 68, 'delivered', 935, 'user', 174, '2015-06-23 15:58:28', '2020-05-30 18:54:27'),
	(169, 145, 'delivered', 46, 'user', 199, '2014-07-14 01:05:30', '2020-05-30 18:54:27'),
	(170, 198, 'delivered', 0, 'shop', 99, '2016-06-24 06:57:04', '2020-05-30 18:54:23'),
	(171, 182, 'delivered', 821, 'shop', 51, '2010-05-26 02:42:37', '2020-05-30 18:54:23'),
	(172, 26, 'processing', 0, 'shop', 46, '2010-09-21 08:11:54', '2020-05-30 18:54:23'),
	(173, 92, 'delivered', 0, 'shop', 88, '2012-06-25 19:43:46', '2020-05-30 18:54:23'),
	(174, 196, 'processing', 103, 'shop', 76, '2018-11-25 14:31:38', '2020-05-30 18:54:23'),
	(175, 198, 'canceled', 0, 'user', 73, '2017-05-25 21:50:48', '2020-05-30 18:54:27'),
	(176, 142, 'delivered', 689, 'shop', 77, '2019-01-06 22:17:31', '2020-05-30 18:54:23'),
	(177, 123, 'canceled', 76, 'shop', 4, '2020-05-01 08:36:48', '2020-05-30 18:54:23'),
	(178, 134, 'canceled', 0, 'shop', 17, '2012-10-13 04:08:24', '2020-05-30 18:54:23'),
	(179, 198, 'processing', 0, 'shop', 5, '2016-05-26 20:49:08', '2020-05-30 18:54:23'),
	(180, 35, 'processing', 991, 'shop', 46, '2019-11-30 22:49:12', '2020-05-30 18:54:23'),
	(181, 181, 'canceled', 0, 'shop', 13, '2017-02-15 10:12:54', '2020-05-30 18:54:23'),
	(182, 190, 'delivered', 0, 'shop', 100, '2016-05-09 07:58:47', '2020-05-30 18:54:23'),
	(183, 100, 'canceled', 0, 'shop', 63, '2019-01-10 13:37:44', '2020-05-30 18:54:23'),
	(184, 119, 'delivered', 0, 'user', 154, '2017-03-07 10:10:26', '2020-05-30 18:54:27'),
	(185, 169, 'delivered', 991, 'shop', 8, '2011-02-22 04:38:02', '2020-05-30 18:54:23'),
	(186, 116, 'delivered', 594, 'shop', 50, '2019-08-10 07:14:38', '2020-05-30 18:54:23'),
	(187, 61, 'delivered', 0, 'user', 108, '2014-05-23 12:04:14', '2020-05-30 18:54:27'),
	(188, 57, 'delivered', 253, 'shop', 61, '2013-07-04 19:35:54', '2020-05-30 18:54:23'),
	(189, 144, 'delivered', 0, 'shop', 94, '2011-03-12 00:57:14', '2020-05-30 18:54:23'),
	(190, 86, 'processing', 764, 'user', 37, '2013-01-06 09:49:26', '2020-05-30 18:54:27'),
	(191, 190, 'processing', 0, 'shop', 4, '2017-02-15 13:49:41', '2020-05-30 18:54:23'),
	(192, 114, 'processing', 0, 'shop', 2, '2018-02-18 08:36:32', '2020-05-30 18:54:23'),
	(193, 171, 'canceled', 0, 'shop', 30, '2018-06-21 07:03:20', '2020-05-30 18:54:23'),
	(194, 105, 'delivered', 0, 'shop', 34, '2018-09-24 13:18:42', '2020-05-30 18:54:23'),
	(195, 6, 'processing', 384, 'shop', 8, '2012-11-04 06:14:40', '2020-05-30 18:54:23'),
	(196, 130, 'processing', 253, 'shop', 5, '2016-04-05 19:54:35', '2020-05-30 18:54:23'),
	(197, 195, 'canceled', 0, 'shop', 3, '2015-07-06 09:15:25', '2020-05-30 18:54:23'),
	(198, 12, 'processing', 0, 'user', 50, '2019-06-29 07:40:45', '2020-05-30 18:54:27'),
	(199, 178, 'canceled', 828, 'shop', 41, '2017-01-23 06:28:44', '2020-05-30 18:54:23'),
	(200, 138, 'delivered', 0, 'user', 233, '2013-12-22 18:19:26', '2020-05-30 18:54:27');
/*!40000 ALTER TABLE `orders` ENABLE KEYS */;


-- Дамп структуры для таблица hobbygames.orders_products
DROP TABLE IF EXISTS `orders_products`;
CREATE TABLE IF NOT EXISTS `orders_products` (
  `order_id` int(10) unsigned NOT NULL,
  `product_id` int(10) unsigned NOT NULL,
  `total` int(10) unsigned NOT NULL,
  `created_at` datetime DEFAULT CURRENT_TIMESTAMP,
  `updated_at` datetime DEFAULT CURRENT_TIMESTAMP ON UPDATE CURRENT_TIMESTAMP,
  PRIMARY KEY (`order_id`,`product_id`),
  KEY `orders_products_product_id_fk` (`product_id`),
  CONSTRAINT `orders_products_order_id_fk` FOREIGN KEY (`order_id`) REFERENCES `orders` (`id`) ON DELETE CASCADE ON UPDATE CASCADE,
  CONSTRAINT `orders_products_product_id_fk` FOREIGN KEY (`product_id`) REFERENCES `products` (`id`) ON DELETE NO ACTION ON UPDATE CASCADE
) ENGINE=InnoDB DEFAULT CHARSET=utf8 COLLATE=utf8_unicode_ci;

-- Дамп данных таблицы hobbygames.orders_products: ~500 rows (приблизительно)
/*!40000 ALTER TABLE `orders_products` DISABLE KEYS */;
INSERT INTO `orders_products` (`order_id`, `product_id`, `total`, `created_at`, `updated_at`) VALUES
	(1, 54, 3, '2011-01-12 07:18:11', '2020-05-16 18:07:07'),
	(2, 32, 2, '2015-12-16 08:33:55', '2020-05-16 18:07:07'),
	(2, 316, 2, '2012-11-16 14:27:09', '2014-02-05 02:22:30'),
	(2, 390, 1, '2011-08-17 12:56:40', '2013-06-06 06:31:25'),
	(3, 90, 1, '2012-11-03 00:48:44', '2017-09-23 12:04:16'),
	(3, 107, 3, '2018-09-12 22:47:27', '2019-06-09 08:53:56'),
	(4, 49, 5, '2011-08-21 11:09:17', '2019-02-23 01:14:36'),
	(4, 103, 5, '2019-09-04 01:23:08', '2020-05-16 18:07:07'),
	(4, 366, 2, '2012-03-18 02:02:41', '2020-05-16 18:07:07'),
	(5, 35, 1, '2011-06-19 10:54:05', '2011-08-31 07:22:02'),
	(5, 44, 2, '2019-08-21 09:33:27', '2020-05-16 18:07:07'),
	(5, 127, 1, '2011-05-14 01:51:00', '2011-10-09 19:34:30'),
	(5, 203, 5, '2012-03-05 22:16:38', '2020-05-16 18:07:07'),
	(5, 364, 2, '2012-07-23 15:49:55', '2013-05-23 06:20:27'),
	(6, 252, 4, '2011-11-24 04:18:40', '2018-05-12 21:44:20'),
	(6, 351, 2, '2016-10-08 09:25:49', '2020-05-16 18:07:07'),
	(7, 201, 3, '2018-04-10 02:47:10', '2020-05-16 18:07:07'),
	(7, 244, 2, '2014-02-08 16:22:31', '2020-05-16 18:07:07'),
	(8, 22, 3, '2018-09-16 22:47:04', '2020-05-16 18:07:07'),
	(8, 357, 5, '2014-01-07 00:49:04', '2019-04-06 14:07:08'),
	(9, 98, 5, '2017-09-08 20:21:34', '2020-05-16 18:07:07'),
	(9, 307, 3, '2015-02-21 12:12:11', '2018-12-02 22:07:12'),
	(10, 112, 5, '2018-10-08 19:21:16', '2020-05-16 18:07:07'),
	(10, 315, 4, '2020-04-06 00:56:53', '2020-05-16 18:07:07'),
	(10, 363, 1, '2016-02-23 04:13:31', '2020-05-16 18:07:07'),
	(11, 117, 5, '2014-11-21 07:16:02', '2020-05-16 18:07:07'),
	(11, 128, 2, '2019-09-15 23:23:04', '2020-05-16 18:07:07'),
	(11, 171, 2, '2011-03-08 04:23:27', '2013-11-30 13:19:58'),
	(11, 192, 2, '2017-10-25 19:39:47', '2020-05-16 18:07:07'),
	(11, 201, 5, '2012-01-07 06:11:18', '2018-06-03 18:21:52'),
	(12, 238, 1, '2017-03-20 08:13:30', '2018-10-30 21:09:03'),
	(13, 54, 2, '2018-07-27 13:49:50', '2020-05-16 18:07:07'),
	(13, 194, 3, '2011-09-19 02:18:32', '2014-12-15 14:11:06'),
	(13, 195, 4, '2019-07-19 22:31:42', '2020-05-16 18:07:07'),
	(14, 223, 5, '2015-08-26 11:13:56', '2020-05-16 18:07:07'),
	(14, 263, 5, '2012-10-19 21:55:18', '2020-05-16 18:07:07'),
	(14, 288, 1, '2016-11-30 13:48:26', '2018-02-17 11:31:55'),
	(14, 341, 1, '2018-09-23 09:28:23', '2020-05-16 18:07:07'),
	(14, 359, 5, '2014-06-04 04:23:23', '2020-05-16 18:07:07'),
	(14, 377, 1, '2019-04-26 16:58:17', '2020-05-16 18:07:07'),
	(15, 209, 1, '2020-01-24 14:20:03', '2020-05-16 18:07:07'),
	(15, 291, 5, '2015-09-06 21:31:26', '2016-07-16 12:54:45'),
	(15, 312, 2, '2014-03-15 16:23:07', '2020-05-16 18:07:07'),
	(16, 84, 2, '2019-12-30 21:33:38', '2020-05-16 18:07:07'),
	(16, 149, 2, '2019-02-18 00:36:40', '2020-05-16 18:07:07'),
	(16, 311, 2, '2010-05-17 17:24:12', '2012-02-13 14:10:07'),
	(17, 62, 2, '2010-09-27 16:28:48', '2010-12-12 08:13:52'),
	(17, 206, 1, '2013-04-20 01:27:37', '2016-03-23 04:13:49'),
	(18, 85, 4, '2019-08-24 06:35:02', '2020-05-16 18:07:07'),
	(18, 226, 3, '2010-12-10 05:30:21', '2020-05-16 18:07:07'),
	(18, 328, 3, '2010-10-19 04:52:35', '2020-05-16 18:07:07'),
	(19, 40, 1, '2013-08-11 12:10:31', '2015-02-24 22:08:03'),
	(19, 158, 1, '2010-06-28 12:55:43', '2010-09-14 06:42:07'),
	(19, 205, 3, '2015-11-01 11:40:14', '2020-05-16 18:07:07'),
	(19, 317, 1, '2014-12-29 11:48:18', '2020-05-16 18:07:07'),
	(20, 18, 5, '2018-08-22 07:05:09', '2020-05-16 18:07:07'),
	(21, 321, 3, '2012-12-18 17:15:18', '2016-03-15 10:51:55'),
	(21, 335, 1, '2019-02-05 19:05:20', '2020-05-16 18:07:07'),
	(22, 72, 1, '2014-09-12 09:26:13', '2020-05-16 18:07:07'),
	(23, 222, 2, '2013-07-07 20:44:24', '2019-11-20 10:04:10'),
	(24, 207, 3, '2015-11-18 11:36:33', '2020-05-16 18:07:07'),
	(24, 373, 2, '2010-06-10 18:55:34', '2014-03-18 17:24:26'),
	(25, 62, 1, '2016-07-08 23:49:49', '2020-05-16 18:07:07'),
	(25, 214, 1, '2010-12-08 07:48:24', '2017-10-16 10:52:38'),
	(25, 243, 1, '2015-07-28 18:05:01', '2020-05-16 18:07:07'),
	(26, 220, 4, '2019-10-11 23:23:15', '2020-05-16 18:07:07'),
	(26, 314, 5, '2014-11-02 04:30:57', '2017-04-01 17:06:24'),
	(27, 234, 3, '2013-02-13 19:42:51', '2018-06-16 11:37:43'),
	(27, 397, 5, '2017-09-23 11:07:44', '2020-05-16 18:07:07'),
	(28, 219, 1, '2012-10-14 16:23:04', '2020-05-16 18:07:07'),
	(29, 122, 3, '2015-12-20 01:41:06', '2020-05-16 18:07:07'),
	(29, 154, 2, '2018-05-23 22:21:55', '2020-05-16 18:07:07'),
	(29, 162, 5, '2018-08-27 05:10:00', '2020-05-16 18:07:07'),
	(29, 254, 1, '2019-07-23 16:07:26', '2020-05-16 18:07:07'),
	(29, 333, 2, '2016-02-18 10:34:27', '2017-10-10 02:09:32'),
	(30, 22, 4, '2013-10-21 20:11:45', '2016-10-21 11:29:05'),
	(30, 102, 3, '2014-11-05 20:08:52', '2020-05-16 18:07:07'),
	(30, 220, 5, '2017-04-20 12:50:49', '2020-05-16 18:07:07'),
	(30, 272, 1, '2014-10-21 15:20:10', '2018-08-02 00:37:04'),
	(30, 279, 1, '2016-03-30 21:40:22', '2020-05-16 18:07:07'),
	(30, 315, 5, '2012-07-12 23:01:40', '2017-04-15 14:27:47'),
	(31, 75, 5, '2011-12-19 12:44:16', '2020-05-16 18:07:07'),
	(31, 165, 2, '2019-11-13 10:07:54', '2020-05-16 18:07:07'),
	(32, 95, 2, '2014-10-24 05:34:30', '2019-11-03 20:37:30'),
	(33, 75, 3, '2014-06-09 01:24:00', '2018-05-24 19:13:27'),
	(33, 350, 2, '2018-08-25 22:03:23', '2018-10-28 08:01:38'),
	(34, 77, 2, '2011-05-23 04:39:29', '2012-10-06 14:02:24'),
	(34, 216, 5, '2019-01-20 06:48:36', '2019-03-31 07:53:45'),
	(34, 219, 1, '2010-08-20 04:00:11', '2019-08-21 13:11:32'),
	(34, 361, 5, '2010-12-24 19:23:10', '2019-12-13 15:36:01'),
	(35, 225, 2, '2016-03-07 23:03:23', '2020-05-16 18:07:07'),
	(35, 347, 3, '2015-03-22 22:06:16', '2020-05-16 18:07:07'),
	(35, 387, 4, '2018-05-03 02:58:15', '2020-05-16 18:07:07'),
	(36, 1, 4, '2013-06-14 09:50:44', '2018-04-27 08:52:32'),
	(36, 201, 3, '2014-12-12 00:22:38', '2020-05-16 18:07:07'),
	(36, 288, 4, '2015-05-07 05:54:53', '2020-05-16 18:07:07'),
	(36, 306, 3, '2013-05-01 15:04:56', '2014-10-07 23:45:43'),
	(36, 363, 5, '2014-08-28 12:40:44', '2017-01-25 02:59:27'),
	(37, 259, 2, '2016-03-07 16:13:09', '2017-06-30 01:48:39'),
	(38, 87, 2, '2017-05-12 15:30:41', '2020-05-16 18:07:07'),
	(38, 194, 3, '2017-11-19 06:01:26', '2020-05-16 18:07:07'),
	(38, 289, 4, '2011-05-02 18:08:16', '2020-05-16 18:07:07'),
	(38, 361, 2, '2019-12-28 19:09:36', '2020-05-16 18:07:07'),
	(39, 317, 2, '2015-03-24 13:44:51', '2020-05-16 18:07:07'),
	(40, 66, 5, '2012-04-28 18:59:57', '2012-08-29 23:41:24'),
	(40, 80, 2, '2013-10-29 08:17:25', '2016-07-14 14:00:10'),
	(40, 117, 2, '2016-11-03 15:01:23', '2019-10-06 03:54:15'),
	(41, 221, 3, '2017-10-22 13:19:29', '2020-05-16 18:07:07'),
	(41, 331, 2, '2016-02-02 09:26:21', '2020-02-06 22:59:37'),
	(42, 12, 3, '2016-10-01 20:05:34', '2020-05-16 18:07:07'),
	(42, 210, 3, '2013-04-06 18:19:06', '2013-05-06 22:00:39'),
	(42, 371, 4, '2018-04-22 02:23:29', '2020-05-16 18:07:07'),
	(43, 120, 5, '2020-02-04 12:11:15', '2020-05-16 18:07:07'),
	(44, 106, 4, '2015-01-09 11:24:34', '2020-03-06 22:30:56'),
	(44, 124, 2, '2015-03-21 20:43:26', '2015-10-22 17:46:18'),
	(44, 149, 3, '2011-09-16 10:52:56', '2017-01-30 11:07:31'),
	(44, 208, 2, '2017-04-19 21:00:00', '2020-05-16 18:07:07'),
	(44, 392, 1, '2011-03-01 07:15:57', '2013-11-03 07:39:11'),
	(45, 2, 2, '2019-07-10 13:44:27', '2020-05-16 18:07:07'),
	(45, 245, 1, '2012-12-15 17:24:02', '2020-05-16 18:07:07'),
	(45, 267, 2, '2016-06-21 02:12:11', '2016-07-08 02:22:07'),
	(45, 337, 4, '2019-01-18 09:15:32', '2020-05-16 18:07:07'),
	(46, 284, 2, '2013-01-12 20:01:58', '2018-02-03 01:05:24'),
	(46, 347, 5, '2017-10-22 10:00:17', '2020-05-16 18:07:07'),
	(47, 54, 3, '2011-10-24 02:42:11', '2012-07-23 16:23:36'),
	(47, 247, 2, '2012-11-03 02:54:54', '2019-01-24 03:10:34'),
	(47, 321, 5, '2019-04-07 19:40:09', '2020-05-16 18:07:07'),
	(48, 290, 3, '2017-04-11 15:58:18', '2018-02-13 19:10:27'),
	(49, 115, 4, '2010-07-25 23:01:39', '2014-01-06 16:29:56'),
	(49, 235, 5, '2013-10-21 18:04:01', '2020-05-16 18:07:07'),
	(49, 322, 2, '2010-10-05 22:37:48', '2012-06-12 21:19:22'),
	(49, 359, 1, '2020-04-20 04:08:24', '2020-05-16 18:07:07'),
	(50, 24, 1, '2017-08-17 03:01:13', '2020-05-16 18:07:07'),
	(50, 223, 2, '2011-06-15 22:59:06', '2020-05-16 18:07:07'),
	(51, 162, 5, '2013-06-17 00:06:41', '2016-10-31 03:08:36'),
	(51, 221, 2, '2011-12-08 08:12:00', '2012-07-13 10:04:15'),
	(51, 272, 4, '2020-04-25 02:10:35', '2020-05-16 18:07:07'),
	(52, 16, 2, '2012-07-24 18:09:07', '2020-03-01 15:41:37'),
	(52, 51, 5, '2017-08-13 11:23:54', '2020-05-16 18:07:07'),
	(52, 96, 5, '2016-01-14 11:43:23', '2020-02-23 10:39:59'),
	(52, 198, 2, '2015-08-19 10:28:17', '2020-05-16 18:07:07'),
	(54, 129, 1, '2013-06-07 00:23:19', '2020-05-16 18:07:07'),
	(55, 209, 5, '2017-09-05 10:00:33', '2020-05-16 18:07:07'),
	(55, 217, 5, '2013-12-31 13:06:58', '2020-05-16 18:07:07'),
	(55, 256, 5, '2010-09-03 18:28:54', '2015-06-02 01:44:50'),
	(56, 234, 1, '2014-11-07 14:31:20', '2020-03-17 01:23:11'),
	(56, 309, 5, '2014-11-12 11:39:26', '2020-05-16 18:07:07'),
	(57, 29, 4, '2014-09-19 07:10:28', '2019-09-14 04:31:31'),
	(57, 48, 5, '2018-06-16 07:25:33', '2020-05-16 18:07:07'),
	(57, 64, 1, '2013-03-03 02:40:47', '2015-06-08 01:26:16'),
	(57, 67, 3, '2014-01-13 04:52:28', '2016-09-10 01:14:21'),
	(57, 341, 4, '2014-04-02 23:27:14', '2016-03-26 06:28:06'),
	(57, 356, 1, '2013-10-18 01:26:14', '2020-05-16 18:07:07'),
	(57, 397, 1, '2011-03-08 06:45:51', '2013-03-14 23:16:51'),
	(58, 292, 5, '2019-01-29 09:34:56', '2020-05-16 18:07:07'),
	(58, 366, 5, '2013-06-15 23:42:08', '2020-05-16 18:07:07'),
	(59, 201, 1, '2017-10-15 21:51:47', '2020-05-16 18:07:07'),
	(59, 262, 5, '2015-12-02 08:44:36', '2020-05-16 18:07:07'),
	(60, 290, 2, '2015-09-20 21:22:35', '2020-05-16 18:07:07'),
	(61, 275, 5, '2014-07-13 23:16:01', '2020-05-16 18:07:07'),
	(61, 293, 4, '2011-12-13 02:16:21', '2019-01-22 18:08:24'),
	(63, 189, 3, '2012-01-21 23:12:19', '2014-11-26 06:40:40'),
	(63, 191, 2, '2019-01-06 11:44:48', '2019-05-14 18:11:05'),
	(63, 278, 1, '2014-03-01 17:28:03', '2016-04-17 03:34:29'),
	(65, 77, 5, '2010-11-05 01:05:19', '2018-06-30 02:09:50'),
	(65, 151, 3, '2019-10-31 19:44:11', '2020-05-16 18:07:07'),
	(65, 213, 5, '2011-08-19 06:08:16', '2017-11-26 21:09:36'),
	(65, 272, 3, '2019-10-30 09:51:39', '2020-05-16 18:07:07'),
	(65, 398, 1, '2019-11-10 10:29:17', '2020-05-16 18:07:07'),
	(66, 79, 3, '2011-05-30 20:25:13', '2017-05-17 13:18:15'),
	(66, 89, 5, '2018-02-15 04:28:49', '2020-05-16 18:07:07'),
	(66, 121, 3, '2018-09-30 11:00:30', '2020-05-16 18:07:07'),
	(67, 113, 1, '2017-02-28 00:40:07', '2017-04-15 23:54:59'),
	(68, 218, 3, '2019-03-19 08:06:55', '2020-05-16 18:07:07'),
	(69, 56, 1, '2018-11-17 09:00:26', '2020-05-16 18:07:07'),
	(69, 87, 4, '2018-07-30 07:26:07', '2020-05-16 18:07:07'),
	(69, 232, 2, '2019-03-15 20:54:46', '2020-05-16 18:07:07'),
	(70, 117, 4, '2013-06-13 20:10:19', '2020-05-16 18:07:07'),
	(70, 161, 4, '2019-07-18 02:36:40', '2020-05-16 18:07:07'),
	(71, 115, 3, '2019-11-20 04:08:03', '2020-05-16 18:07:07'),
	(71, 139, 5, '2012-08-28 09:59:03', '2013-07-26 20:47:17'),
	(71, 148, 1, '2016-03-26 02:16:41', '2020-05-16 18:07:07'),
	(71, 188, 3, '2011-01-01 02:16:03', '2019-03-18 12:56:43'),
	(71, 350, 4, '2020-01-22 16:09:48', '2020-05-16 18:07:07'),
	(71, 359, 5, '2018-02-06 02:05:35', '2020-05-16 18:07:07'),
	(72, 160, 3, '2019-05-07 12:56:07', '2019-09-14 11:12:10'),
	(73, 62, 4, '2015-05-14 07:07:25', '2020-05-16 18:07:07'),
	(73, 267, 2, '2014-11-08 03:47:06', '2020-05-16 18:07:07'),
	(73, 277, 2, '2012-02-08 14:01:51', '2020-05-16 18:07:07'),
	(74, 22, 3, '2010-05-23 00:58:21', '2013-10-20 12:33:29'),
	(74, 52, 3, '2012-10-05 04:35:41', '2020-05-16 18:07:07'),
	(74, 63, 1, '2015-07-28 04:04:12', '2020-05-16 18:07:07'),
	(74, 108, 5, '2010-10-08 05:14:13', '2012-08-17 16:36:40'),
	(74, 127, 4, '2012-11-29 23:43:44', '2014-10-17 14:46:33'),
	(74, 285, 5, '2015-09-12 20:44:51', '2018-06-05 07:25:36'),
	(75, 177, 2, '2013-10-08 03:59:15', '2016-03-29 16:07:34'),
	(75, 193, 1, '2012-11-13 15:04:36', '2020-05-16 18:07:07'),
	(75, 292, 1, '2014-06-07 00:30:44', '2020-05-16 18:07:07'),
	(76, 240, 2, '2019-03-26 05:48:50', '2020-05-16 18:07:07'),
	(76, 295, 5, '2013-10-26 23:39:16', '2017-12-06 23:30:43'),
	(76, 321, 4, '2015-04-25 01:00:33', '2020-05-16 18:07:07'),
	(77, 35, 2, '2011-10-29 02:21:49', '2011-12-15 06:56:00'),
	(77, 239, 4, '2014-11-07 20:10:03', '2020-05-16 18:07:07'),
	(77, 369, 2, '2016-01-15 14:16:01', '2017-03-06 10:53:43'),
	(78, 93, 4, '2013-03-01 20:01:22', '2020-05-16 18:07:07'),
	(78, 191, 1, '2020-04-12 14:34:54', '2020-05-16 18:07:07'),
	(78, 203, 2, '2015-10-16 12:24:34', '2020-05-16 18:07:07'),
	(78, 235, 5, '2016-05-13 02:25:40', '2017-11-10 05:00:24'),
	(79, 30, 2, '2013-10-09 20:00:40', '2020-05-16 18:07:07'),
	(79, 110, 2, '2010-06-10 04:01:39', '2018-08-10 17:54:17'),
	(79, 285, 2, '2018-01-06 01:36:47', '2018-01-16 12:51:17'),
	(79, 317, 3, '2016-08-17 02:38:06', '2020-05-16 18:07:07'),
	(80, 358, 1, '2016-03-13 13:30:27', '2020-05-16 18:07:07'),
	(81, 113, 3, '2016-02-25 04:37:40', '2020-05-16 18:07:07'),
	(81, 129, 4, '2010-12-11 05:32:14', '2017-10-30 14:51:38'),
	(81, 171, 3, '2015-04-22 05:07:35', '2019-08-16 11:49:21'),
	(82, 50, 3, '2013-04-29 07:21:19', '2015-04-20 06:36:57'),
	(82, 146, 2, '2012-10-10 21:30:38', '2013-06-15 17:33:56'),
	(82, 166, 1, '2017-02-01 18:34:48', '2020-05-16 18:07:07'),
	(82, 183, 5, '2015-10-30 17:55:28', '2017-08-17 20:51:54'),
	(82, 298, 1, '2015-10-28 12:01:39', '2020-01-29 13:12:26'),
	(83, 71, 2, '2014-10-07 03:00:45', '2019-06-12 14:36:30'),
	(83, 122, 3, '2017-12-22 02:49:24', '2018-08-13 11:48:33'),
	(83, 125, 1, '2015-11-10 16:47:41', '2020-05-16 18:07:07'),
	(83, 236, 4, '2014-06-14 20:04:19', '2019-08-28 10:10:52'),
	(84, 2, 5, '2014-12-22 05:20:52', '2016-03-14 05:46:57'),
	(84, 273, 4, '2013-04-24 15:47:26', '2013-09-02 07:55:45'),
	(85, 37, 2, '2012-08-28 20:06:44', '2014-01-31 11:58:59'),
	(85, 249, 2, '2015-02-01 22:24:11', '2020-05-16 18:07:07'),
	(85, 320, 5, '2020-02-10 08:45:15', '2020-05-16 18:07:07'),
	(86, 84, 2, '2016-12-08 02:54:27', '2020-05-16 18:07:07'),
	(86, 144, 5, '2011-03-25 07:30:55', '2018-07-03 21:24:55'),
	(86, 292, 1, '2016-09-23 06:30:24', '2018-03-08 10:36:20'),
	(87, 187, 1, '2016-04-30 05:32:15', '2017-10-05 16:18:12'),
	(87, 334, 3, '2010-11-19 04:13:16', '2011-02-18 06:46:33'),
	(88, 112, 2, '2018-05-18 12:13:34', '2020-05-16 18:07:07'),
	(88, 231, 4, '2012-02-08 09:59:45', '2012-06-12 21:40:04'),
	(88, 372, 3, '2018-08-01 18:09:09', '2020-05-16 18:07:07'),
	(88, 394, 4, '2018-05-19 19:45:00', '2020-05-16 18:07:07'),
	(89, 41, 1, '2011-09-19 01:35:08', '2013-07-16 09:49:21'),
	(89, 333, 2, '2020-04-05 08:50:36', '2020-05-16 18:07:07'),
	(90, 122, 4, '2019-09-03 10:57:26', '2020-05-15 20:47:06'),
	(90, 137, 5, '2018-02-19 05:11:55', '2020-05-16 18:07:07'),
	(91, 196, 3, '2018-11-10 15:21:12', '2019-08-03 12:18:30'),
	(91, 200, 3, '2019-05-04 10:51:51', '2020-05-16 18:07:07'),
	(91, 233, 4, '2016-02-08 02:53:44', '2018-01-21 02:06:47'),
	(91, 243, 1, '2010-12-30 06:18:59', '2018-11-04 10:53:02'),
	(91, 265, 3, '2015-10-14 15:59:53', '2020-05-16 18:07:07'),
	(92, 113, 5, '2018-01-24 14:08:15', '2020-05-16 18:07:07'),
	(92, 233, 4, '2013-07-24 09:45:39', '2014-12-31 16:36:32'),
	(93, 120, 4, '2018-11-12 13:46:06', '2020-05-16 18:07:07'),
	(94, 15, 2, '2015-02-22 11:40:37', '2020-05-16 18:07:07'),
	(94, 176, 5, '2020-02-01 06:33:30', '2020-05-16 18:07:07'),
	(95, 211, 2, '2011-03-26 03:43:50', '2018-03-13 11:06:04'),
	(96, 3, 1, '2016-05-30 03:27:59', '2020-05-16 18:07:07'),
	(96, 12, 4, '2018-07-28 22:39:27', '2020-05-16 18:07:07'),
	(97, 68, 2, '2016-01-02 10:13:57', '2020-05-16 18:07:07'),
	(97, 141, 1, '2019-03-30 19:03:07', '2020-05-16 18:07:07'),
	(97, 253, 4, '2016-09-03 03:37:21', '2018-08-14 13:00:56'),
	(98, 9, 3, '2014-12-21 09:54:20', '2015-03-03 08:00:29'),
	(98, 44, 3, '2010-12-18 09:11:14', '2016-09-01 03:19:35'),
	(98, 199, 5, '2018-11-14 21:27:20', '2020-05-16 18:07:07'),
	(98, 325, 2, '2016-05-07 23:35:38', '2020-05-16 18:07:07'),
	(98, 333, 4, '2018-04-07 19:32:07', '2020-05-16 18:07:07'),
	(99, 127, 5, '2018-05-21 05:34:59', '2020-05-16 18:07:07'),
	(99, 386, 5, '2011-09-22 01:32:34', '2017-07-11 19:43:45'),
	(100, 22, 3, '2016-11-10 02:41:05', '2020-05-16 18:07:07'),
	(100, 110, 5, '2010-07-16 08:34:32', '2017-02-01 22:23:57'),
	(100, 141, 4, '2015-11-08 23:25:40', '2018-01-15 16:56:44'),
	(100, 229, 2, '2012-09-12 21:56:48', '2015-03-15 14:51:17'),
	(100, 351, 5, '2014-03-11 15:35:28', '2014-08-11 10:59:36'),
	(101, 216, 4, '2012-04-06 18:37:04', '2017-07-02 20:32:49'),
	(101, 348, 4, '2013-03-10 03:16:39', '2013-09-19 20:53:57'),
	(101, 370, 2, '2016-05-14 22:10:23', '2018-12-01 04:22:11'),
	(102, 234, 2, '2015-08-19 17:22:47', '2017-07-22 12:22:43'),
	(103, 100, 4, '2014-09-22 14:50:55', '2019-12-10 21:41:02'),
	(103, 326, 5, '2010-08-08 13:08:02', '2020-04-21 20:11:20'),
	(103, 395, 3, '2012-06-28 04:25:58', '2018-08-17 17:19:34'),
	(104, 229, 5, '2019-02-03 12:12:19', '2020-05-16 18:07:07'),
	(104, 353, 4, '2012-03-08 11:10:29', '2012-04-23 11:50:14'),
	(105, 279, 3, '2014-10-03 03:12:06', '2020-05-16 18:07:07'),
	(106, 5, 5, '2012-12-10 03:34:07', '2016-04-27 01:14:15'),
	(106, 82, 2, '2020-04-15 22:42:30', '2020-05-16 18:07:07'),
	(106, 314, 4, '2019-12-12 05:05:42', '2020-05-16 18:07:07'),
	(107, 214, 3, '2014-04-11 08:56:43', '2015-05-28 01:42:50'),
	(107, 232, 1, '2019-07-27 23:51:34', '2020-05-16 18:07:07'),
	(108, 18, 1, '2015-02-16 04:23:59', '2018-09-22 11:03:28'),
	(108, 378, 3, '2014-07-20 18:42:42', '2014-10-18 12:33:36'),
	(109, 288, 2, '2017-11-07 10:08:19', '2020-05-16 18:07:07'),
	(110, 191, 1, '2014-06-01 00:00:59', '2017-12-27 13:36:19'),
	(110, 336, 4, '2015-03-15 06:49:38', '2016-07-31 12:30:53'),
	(111, 351, 5, '2016-12-11 23:43:37', '2020-05-16 18:07:07'),
	(112, 101, 4, '2014-03-17 11:29:13', '2019-01-21 19:21:03'),
	(112, 108, 2, '2015-04-08 08:34:12', '2020-02-19 11:34:28'),
	(113, 32, 3, '2010-11-28 07:02:30', '2018-02-04 07:14:06'),
	(113, 267, 2, '2019-04-01 18:15:02', '2020-05-16 18:07:07'),
	(113, 381, 5, '2016-05-29 00:22:17', '2016-10-24 15:32:39'),
	(113, 397, 2, '2016-09-06 15:02:56', '2020-05-16 18:07:07'),
	(114, 179, 3, '2016-10-17 20:10:17', '2020-05-16 18:07:07'),
	(114, 250, 1, '2020-01-20 00:19:42', '2020-05-16 18:07:07'),
	(115, 2, 2, '2012-03-09 05:44:10', '2015-02-03 14:45:50'),
	(115, 177, 5, '2017-12-19 13:26:22', '2019-05-19 09:09:43'),
	(115, 331, 4, '2017-12-18 06:55:24', '2020-05-16 18:07:07'),
	(117, 217, 2, '2017-12-12 16:36:31', '2020-05-16 18:07:07'),
	(118, 70, 3, '2018-10-18 06:28:41', '2020-05-16 18:07:07'),
	(118, 370, 3, '2016-10-05 17:53:09', '2020-05-16 18:07:07'),
	(119, 51, 5, '2011-08-26 08:59:34', '2019-10-23 11:53:46'),
	(121, 187, 1, '2017-02-27 14:10:36', '2020-05-16 18:07:07'),
	(122, 142, 3, '2020-01-08 05:44:12', '2020-05-16 18:07:07'),
	(122, 228, 5, '2015-01-22 09:46:57', '2018-02-25 19:17:29'),
	(122, 320, 1, '2014-11-27 11:34:48', '2017-09-02 23:11:51'),
	(123, 128, 5, '2013-05-13 03:37:49', '2016-01-30 17:58:59'),
	(123, 210, 1, '2019-03-10 19:34:23', '2019-05-11 03:29:53'),
	(123, 251, 2, '2017-05-07 02:13:49', '2018-11-26 22:51:04'),
	(123, 374, 5, '2012-04-01 03:27:24', '2020-05-16 18:07:07'),
	(124, 53, 3, '2012-07-09 19:26:14', '2017-07-01 04:10:43'),
	(125, 83, 1, '2017-03-26 01:21:18', '2020-05-16 18:07:07'),
	(125, 234, 1, '2012-11-17 13:57:28', '2020-05-16 18:07:07'),
	(125, 342, 3, '2012-01-31 20:49:41', '2014-07-03 21:25:45'),
	(127, 49, 4, '2013-08-14 18:38:41', '2020-05-16 18:07:07'),
	(127, 133, 5, '2016-03-25 03:17:53', '2020-05-16 18:07:07'),
	(127, 217, 5, '2018-05-18 01:34:26', '2020-01-23 12:04:39'),
	(127, 238, 4, '2011-06-01 04:17:31', '2020-05-16 18:07:07'),
	(127, 348, 5, '2011-03-29 12:26:22', '2016-09-21 01:31:50'),
	(127, 383, 2, '2014-07-21 01:14:29', '2020-05-16 18:07:07'),
	(129, 100, 3, '2012-11-29 02:40:01', '2017-05-25 23:15:12'),
	(130, 193, 4, '2013-05-24 05:06:15', '2019-12-07 01:35:28'),
	(130, 230, 4, '2015-05-04 04:09:24', '2020-05-16 18:07:07'),
	(131, 40, 1, '2015-08-20 19:31:28', '2020-05-16 18:07:07'),
	(131, 103, 1, '2019-11-22 03:47:08', '2020-04-29 19:07:55'),
	(131, 148, 4, '2012-11-20 12:52:28', '2018-12-23 04:58:29'),
	(131, 188, 3, '2019-01-23 22:14:11', '2019-08-20 13:55:00'),
	(131, 234, 5, '2016-07-04 15:37:01', '2018-03-03 07:25:53'),
	(132, 112, 1, '2015-02-11 13:26:39', '2019-04-25 10:34:30'),
	(132, 384, 5, '2014-02-14 03:25:00', '2018-07-19 15:16:23'),
	(133, 34, 3, '2015-12-08 05:01:57', '2020-05-16 18:07:07'),
	(133, 35, 5, '2012-11-13 02:36:54', '2020-04-15 14:58:35'),
	(133, 153, 1, '2015-05-05 20:11:44', '2020-05-16 18:07:07'),
	(133, 269, 5, '2020-05-15 03:46:26', '2020-05-16 18:07:07'),
	(133, 365, 2, '2018-11-09 21:58:18', '2020-05-16 18:07:07'),
	(134, 315, 4, '2016-01-31 11:31:48', '2020-05-16 18:07:07'),
	(134, 376, 1, '2015-03-01 06:00:42', '2018-09-07 08:38:49'),
	(135, 123, 5, '2014-03-18 04:04:47', '2018-09-08 13:54:50'),
	(135, 288, 5, '2018-02-17 02:05:25', '2020-05-16 18:07:07'),
	(135, 380, 3, '2017-02-04 04:59:23', '2020-05-16 18:07:07'),
	(136, 169, 2, '2018-06-22 22:13:16', '2020-05-16 18:07:07'),
	(136, 176, 3, '2019-05-10 01:10:42', '2020-05-16 18:07:07'),
	(137, 307, 2, '2016-08-08 06:02:38', '2020-05-16 18:07:07'),
	(137, 325, 4, '2015-01-22 10:09:50', '2020-05-16 18:07:07'),
	(137, 383, 5, '2017-06-26 23:47:02', '2020-05-16 18:07:07'),
	(138, 214, 4, '2016-11-30 04:06:45', '2020-05-16 18:07:07'),
	(138, 366, 5, '2015-05-18 00:54:46', '2017-08-27 16:59:18'),
	(139, 134, 3, '2010-06-27 17:48:07', '2015-05-19 20:34:24'),
	(139, 282, 1, '2012-01-10 06:26:53', '2020-05-16 18:07:07'),
	(140, 73, 1, '2017-01-19 08:54:40', '2020-05-16 18:07:07'),
	(140, 243, 3, '2019-07-29 08:05:13', '2020-05-16 18:07:07'),
	(140, 354, 2, '2016-07-20 20:52:47', '2020-05-16 18:07:07'),
	(141, 47, 4, '2019-11-04 15:53:02', '2020-05-16 18:07:07'),
	(141, 68, 5, '2014-03-28 20:34:48', '2020-05-16 18:07:07'),
	(141, 141, 5, '2014-04-05 15:58:02', '2014-12-15 09:06:05'),
	(141, 146, 2, '2016-02-22 20:37:41', '2020-05-16 18:07:07'),
	(141, 296, 3, '2019-01-22 05:07:17', '2020-05-16 18:07:07'),
	(141, 314, 2, '2013-04-16 09:15:33', '2015-02-18 15:05:14'),
	(142, 29, 2, '2013-09-05 23:01:39', '2020-05-16 18:07:07'),
	(142, 324, 2, '2014-10-02 19:09:46', '2015-08-12 03:30:29'),
	(143, 6, 1, '2011-12-13 03:03:06', '2019-06-16 03:56:11'),
	(143, 86, 2, '2010-11-30 14:16:50', '2015-08-03 03:31:41'),
	(143, 237, 3, '2014-03-13 20:35:00', '2020-05-16 18:07:07'),
	(143, 242, 1, '2012-06-05 12:24:37', '2016-01-11 10:12:01'),
	(143, 336, 3, '2019-01-30 00:19:32', '2020-05-16 18:07:07'),
	(144, 164, 5, '2010-09-14 18:52:19', '2015-02-11 20:22:51'),
	(144, 288, 2, '2012-03-14 08:46:08', '2018-10-16 06:45:31'),
	(145, 97, 1, '2018-04-26 16:48:35', '2019-03-04 21:34:04'),
	(145, 154, 2, '2012-11-07 14:54:26', '2019-11-23 22:05:12'),
	(145, 239, 1, '2012-09-05 04:44:38', '2020-05-16 18:07:07'),
	(146, 38, 4, '2019-08-02 18:01:14', '2020-05-16 18:07:07'),
	(146, 57, 2, '2011-05-29 16:01:17', '2016-03-25 10:55:47'),
	(147, 263, 5, '2020-03-12 22:01:02', '2020-05-16 18:07:07'),
	(147, 351, 5, '2010-12-17 09:39:03', '2015-03-14 13:51:50'),
	(148, 148, 3, '2016-11-13 05:17:33', '2020-05-16 18:07:07'),
	(148, 237, 1, '2018-07-12 08:22:17', '2020-04-06 05:14:53'),
	(148, 287, 3, '2011-10-23 10:51:17', '2014-05-17 08:38:40'),
	(149, 15, 3, '2011-03-19 06:28:19', '2012-10-23 08:54:14'),
	(149, 216, 2, '2012-11-19 10:12:03', '2020-05-16 18:07:07'),
	(150, 389, 1, '2011-10-15 17:37:03', '2013-03-26 13:12:33'),
	(151, 97, 2, '2016-12-31 15:27:11', '2020-03-26 23:34:07'),
	(151, 99, 3, '2011-01-11 12:57:11', '2012-09-11 10:30:08'),
	(151, 340, 3, '2015-05-07 03:00:53', '2019-06-11 04:20:43'),
	(152, 245, 3, '2014-05-08 04:01:06', '2020-05-16 18:07:07'),
	(153, 185, 4, '2012-09-04 06:55:13', '2014-07-03 00:49:04'),
	(154, 105, 4, '2018-04-18 07:03:03', '2020-05-16 18:07:07'),
	(155, 64, 2, '2013-06-26 05:47:57', '2020-04-15 01:49:48'),
	(155, 391, 4, '2013-09-23 04:05:35', '2020-05-16 18:07:07'),
	(156, 343, 3, '2014-07-29 12:07:09', '2016-01-18 18:42:46'),
	(157, 80, 4, '2017-11-04 13:46:48', '2020-05-16 18:07:07'),
	(157, 256, 5, '2018-02-17 04:25:16', '2020-05-16 18:07:07'),
	(158, 323, 2, '2011-06-27 19:06:43', '2013-11-19 18:47:59'),
	(158, 331, 4, '2017-07-13 02:07:23', '2020-05-16 18:07:07'),
	(159, 210, 5, '2015-10-10 19:24:15', '2019-03-07 23:46:36'),
	(159, 302, 1, '2017-04-20 20:56:05', '2018-10-10 14:35:09'),
	(159, 342, 1, '2016-02-09 09:05:02', '2020-05-16 18:07:07'),
	(161, 152, 1, '2012-08-20 12:45:19', '2016-08-17 21:08:43'),
	(161, 205, 1, '2011-07-19 02:25:17', '2012-06-19 12:14:14'),
	(161, 238, 4, '2019-09-26 05:31:37', '2020-05-16 18:07:07'),
	(162, 95, 4, '2014-09-09 11:39:15', '2016-07-31 00:36:39'),
	(162, 104, 3, '2016-08-09 18:47:27', '2020-05-16 18:07:07'),
	(163, 76, 4, '2017-11-03 02:08:55', '2018-12-07 21:35:23'),
	(163, 81, 3, '2013-07-09 00:58:11', '2020-05-16 18:07:07'),
	(163, 212, 1, '2018-01-04 10:04:42', '2020-05-16 18:07:07'),
	(163, 239, 2, '2011-03-14 03:09:53', '2017-07-18 21:31:00'),
	(163, 397, 1, '2018-12-08 18:41:42', '2020-02-10 16:57:34'),
	(165, 19, 3, '2013-08-27 13:22:55', '2019-11-08 20:40:53'),
	(165, 131, 2, '2013-02-20 03:30:17', '2015-05-05 22:46:44'),
	(166, 290, 2, '2019-05-18 07:36:58', '2019-10-15 12:27:26'),
	(167, 114, 1, '2013-02-02 11:16:16', '2016-03-16 09:31:59'),
	(167, 396, 4, '2018-09-26 14:02:43', '2020-05-16 18:07:07'),
	(168, 28, 5, '2019-07-26 16:11:35', '2020-05-16 18:07:07'),
	(168, 338, 4, '2012-05-01 03:30:23', '2019-09-01 13:51:37'),
	(168, 377, 5, '2020-02-01 17:55:55', '2020-05-16 18:07:07'),
	(169, 120, 4, '2015-08-23 15:05:16', '2020-05-16 18:07:07'),
	(169, 174, 4, '2015-04-10 16:36:25', '2017-10-26 23:45:10'),
	(170, 33, 4, '2017-07-24 13:30:03', '2020-05-16 18:07:07'),
	(170, 85, 3, '2014-12-31 10:53:06', '2020-05-16 18:07:07'),
	(170, 355, 4, '2017-04-21 11:43:54', '2019-06-10 12:07:40'),
	(171, 100, 1, '2011-03-03 21:56:02', '2019-08-09 11:01:35'),
	(171, 280, 3, '2013-11-03 08:59:58', '2020-05-16 18:07:07'),
	(171, 283, 4, '2017-04-09 07:54:15', '2020-05-16 18:07:07'),
	(171, 315, 3, '2017-12-13 08:02:47', '2020-02-26 14:08:32'),
	(172, 119, 1, '2010-07-23 14:17:05', '2015-09-25 11:23:57'),
	(172, 201, 4, '2016-11-29 13:59:30', '2020-05-16 18:07:07'),
	(172, 378, 3, '2011-09-04 17:05:41', '2019-11-04 14:46:02'),
	(173, 195, 4, '2019-03-07 11:23:34', '2020-05-16 18:07:07'),
	(173, 351, 5, '2012-06-20 20:59:39', '2017-03-15 14:09:05'),
	(174, 163, 1, '2014-01-28 20:14:59', '2020-05-16 18:07:07'),
	(174, 207, 1, '2014-03-27 14:46:35', '2020-05-16 18:07:07'),
	(174, 385, 2, '2010-06-24 05:46:01', '2015-01-02 09:17:12'),
	(175, 231, 2, '2018-09-02 20:58:58', '2019-11-05 20:13:02'),
	(176, 8, 4, '2012-07-07 13:04:52', '2020-05-16 18:07:07'),
	(176, 222, 1, '2019-09-19 15:23:37', '2020-05-16 18:07:07'),
	(176, 251, 5, '2019-05-31 03:39:49', '2020-05-16 18:07:07'),
	(177, 242, 2, '2019-10-24 22:30:21', '2020-05-16 18:07:07'),
	(177, 364, 5, '2016-09-10 20:47:56', '2020-05-16 18:07:07'),
	(179, 18, 5, '2017-07-09 12:36:41', '2017-09-23 11:50:36'),
	(179, 251, 5, '2019-07-25 15:25:25', '2020-05-16 18:07:07'),
	(179, 336, 5, '2011-07-31 19:01:41', '2011-11-17 23:14:28'),
	(180, 4, 4, '2017-03-09 11:48:35', '2018-07-22 23:49:26'),
	(181, 353, 2, '2018-05-12 09:45:03', '2020-05-16 18:07:07'),
	(182, 38, 5, '2011-11-01 23:01:38', '2019-04-24 17:50:21'),
	(182, 51, 1, '2013-06-05 04:36:28', '2020-05-16 18:07:07'),
	(182, 197, 5, '2016-07-30 16:33:37', '2020-05-16 18:07:07'),
	(182, 243, 3, '2018-12-01 19:13:17', '2020-05-16 18:07:07'),
	(183, 63, 5, '2015-08-24 17:23:23', '2017-08-08 23:42:04'),
	(183, 135, 5, '2015-03-26 22:55:30', '2020-05-16 18:07:07'),
	(183, 367, 1, '2012-05-19 23:10:46', '2012-08-26 12:33:53'),
	(184, 23, 2, '2011-10-02 08:57:56', '2013-09-07 11:37:43'),
	(184, 372, 4, '2016-04-03 04:37:50', '2020-05-16 18:07:07'),
	(184, 386, 1, '2012-05-28 21:00:47', '2012-10-05 07:14:19'),
	(185, 72, 1, '2014-11-23 18:58:04', '2015-09-13 18:37:35'),
	(185, 81, 3, '2010-09-24 05:37:06', '2019-01-12 22:05:25'),
	(186, 21, 5, '2010-10-28 23:56:55', '2013-03-30 17:14:55'),
	(186, 82, 2, '2013-01-12 02:37:42', '2018-02-11 20:10:05'),
	(186, 378, 3, '2020-04-13 17:46:38', '2020-05-16 18:07:07'),
	(187, 260, 2, '2014-12-27 02:00:13', '2020-05-16 18:07:07'),
	(187, 267, 3, '2020-05-01 23:23:58', '2020-05-16 18:07:07'),
	(187, 327, 4, '2019-12-22 20:46:01', '2020-05-16 18:07:07'),
	(188, 168, 3, '2016-09-09 09:01:17', '2020-05-16 18:07:07'),
	(189, 42, 1, '2019-04-03 15:02:35', '2020-05-16 18:07:07'),
	(189, 65, 2, '2014-08-03 09:50:24', '2015-01-25 21:10:53'),
	(189, 80, 3, '2015-08-07 20:36:27', '2017-04-21 21:55:35'),
	(189, 172, 4, '2015-12-13 19:33:34', '2020-05-16 18:07:07'),
	(189, 255, 1, '2014-09-13 08:01:02', '2015-03-19 20:38:20'),
	(189, 288, 4, '2017-03-14 17:33:14', '2017-07-21 17:03:57'),
	(190, 131, 5, '2016-01-16 18:53:38', '2020-05-16 18:07:07'),
	(190, 242, 5, '2015-01-16 02:34:22', '2020-05-16 18:07:07'),
	(190, 267, 3, '2012-12-20 12:47:50', '2013-01-29 01:15:36'),
	(191, 297, 5, '2016-08-31 04:20:47', '2020-05-16 18:07:07'),
	(191, 331, 4, '2014-12-31 17:22:01', '2016-11-22 04:34:06'),
	(191, 353, 1, '2010-08-30 15:01:05', '2016-01-11 13:26:12'),
	(192, 240, 3, '2013-10-23 10:28:18', '2018-06-02 04:38:09'),
	(193, 243, 1, '2014-08-04 21:18:12', '2014-08-18 10:36:32'),
	(194, 88, 2, '2017-08-07 23:19:28', '2020-05-16 18:07:07'),
	(194, 122, 4, '2012-11-08 14:33:00', '2013-09-17 16:56:42'),
	(194, 140, 4, '2014-12-23 23:33:00', '2018-06-15 13:50:36'),
	(194, 188, 5, '2018-04-25 10:21:05', '2020-05-16 18:07:07'),
	(194, 273, 5, '2016-08-01 20:11:42', '2017-06-19 20:19:01'),
	(195, 1, 1, '2019-03-04 06:40:02', '2020-05-16 18:07:07'),
	(195, 190, 2, '2019-03-29 09:44:36', '2020-05-16 18:07:07'),
	(195, 212, 3, '2013-05-27 09:29:17', '2017-01-11 13:44:06'),
	(196, 168, 1, '2015-06-16 06:34:03', '2020-05-16 18:07:07'),
	(196, 340, 4, '2018-03-11 11:50:45', '2019-05-30 11:08:29'),
	(196, 367, 5, '2012-01-18 15:59:31', '2019-05-21 15:51:40'),
	(198, 361, 1, '2019-07-23 09:13:57', '2020-05-16 18:07:07'),
	(199, 68, 4, '2015-11-23 11:09:32', '2020-05-16 18:07:07'),
	(199, 221, 3, '2014-04-20 14:45:05', '2020-05-16 18:07:07'),
	(199, 270, 2, '2017-08-08 17:12:16', '2020-05-16 18:07:07'),
	(200, 120, 4, '2015-11-15 10:52:17', '2020-05-16 18:07:07'),
	(200, 134, 2, '2018-02-02 15:14:09', '2020-05-16 18:07:07'),
	(200, 161, 2, '2013-10-13 12:50:58', '2018-12-18 01:15:15'),
	(200, 269, 2, '2018-01-08 12:11:31', '2020-05-16 18:07:07'),
	(200, 308, 5, '2019-01-11 23:35:10', '2020-05-16 18:07:07');
/*!40000 ALTER TABLE `orders_products` ENABLE KEYS */;


-- Дамп структуры для таблица hobbygames.products
DROP TABLE IF EXISTS `products`;
CREATE TABLE IF NOT EXISTS `products` (
  `id` int(10) unsigned NOT NULL AUTO_INCREMENT,
  `name` varchar(255) COLLATE utf8_unicode_ci NOT NULL,
  `description` text COLLATE utf8_unicode_ci,
  `rules` text COLLATE utf8_unicode_ci NOT NULL,
  `age` tinyint(3) unsigned NOT NULL,
  `duration` tinyint(3) unsigned NOT NULL,
  `min_players` tinyint(3) unsigned NOT NULL,
  `max_players` tinyint(3) unsigned DEFAULT NULL,
  `price` decimal(10,0) NOT NULL,
  `created_at` datetime DEFAULT CURRENT_TIMESTAMP,
  `updated_at` datetime DEFAULT CURRENT_TIMESTAMP ON UPDATE CURRENT_TIMESTAMP,
  PRIMARY KEY (`id`),
  KEY `products_name_idx` (`name`),
  KEY `products_age_idx` (`age`),
  KEY `products_duration_idx` (`duration`),
  KEY `products_min_players_max_players_idx` (`min_players`,`max_players`),
  KEY `products_price_idx` (`price`)
) ENGINE=InnoDB AUTO_INCREMENT=401 DEFAULT CHARSET=utf8 COLLATE=utf8_unicode_ci;

-- Дамп данных таблицы hobbygames.products: ~400 rows (приблизительно)
/*!40000 ALTER TABLE `products` DISABLE KEYS */;
INSERT INTO `products` (`id`, `name`, `description`, `rules`, `age`, `duration`, `min_players`, `max_players`, `price`, `created_at`, `updated_at`) VALUES
	(1, 'vel 1', 'Commodi blanditiis magni quia qui. Aut assumenda autem fuga nostrum eum corporis rerum. Aliquam repellat aliquid ducimus magni.', 'Alice had learnt several things of this sort of way, \'Do cats eat bats?\' and sometimes, \'Do bats eat cats?\' for, you see, so many out-of-the-way things had happened lately, that Alice had been for.', 3, 60, 4, 4, 30000, '2010-06-26 08:24:44', '2020-05-31 15:37:52'),
	(2, 'deleniti 2', 'Aperiam officiis quisquam maiores autem qui natus maxime consequuntur. Natus voluptatibus non sed atque eum. Optio est quod labore ut totam qui nam. Ratione maxime et ut. Exercitationem qui nisi saepe quia ut nobis.', 'Morcar, the earls of Mercia and Northumbria, declared for him: and even Stigand, the patriotic archbishop of Canterbury, found it made no mark; but he could think of nothing else to do, so Alice.', 9, 90, 4, 4, 4000, '2020-04-23 06:19:28', '2020-05-31 15:37:52'),
	(3, 'repudiandae 3', 'Culpa aut consequuntur rerum asperiores voluptates aut. Facere quo voluptatem ut dicta. Quaerat qui sed aut ut deleniti accusamus molestiae. Eos voluptatibus illum quae ratione et.', 'CURTSEYING as you\'re falling through the little door into that lovely garden. First, however, she waited for a rabbit! I suppose you\'ll be asleep again before it\'s done.\' \'Once upon a Gryphon, lying.', 13, 60, 5, NULL, 2700, '2018-04-01 04:23:32', '2020-05-31 15:37:52'),
	(4, 'ut 4', 'Odio hic quasi minus quidem est. Facere illum incidunt molestiae dolores aspernatur. Vero architecto in blanditiis voluptas sit vitae voluptatem dolor. Atque sunt enim voluptatem quod in dolores vero. Doloremque minima iste vel accusantium magni et voluptates.', 'Alice. \'Well, I hardly know--No more, thank ye; I\'m better now--but I\'m a deal too far off to other parts of the miserable Mock Turtle. \'Very much indeed,\' said Alice. \'Come on, then!\' roared the.', 4, 45, 1, 8, 5600, '2012-05-02 06:15:14', '2020-05-31 15:37:52'),
	(5, 'id 5', 'A omnis dolor dolorem autem omnis ea. Possimus inventore corrupti ut. Perferendis autem officiis dolorem fuga pariatur. Sint praesentium impedit enim autem consequatur molestias quia autem.', 'Gryphon, \'she wants for to know what it was talking in a loud, indignant voice, but she was saying, and the sound of a well?\' The Dormouse slowly opened his eyes. \'I wasn\'t asleep,\' he said to.', 6, 75, 4, 9, 2800, '2016-10-19 00:50:41', '2020-05-31 15:37:52'),
	(6, 'laboriosam 6', 'Quibusdam et repellat officia repudiandae deserunt ea. Sint provident architecto possimus asperiores dolor suscipit enim. Omnis delectus et et aut.', 'While the Duchess and the cool fountains. CHAPTER VIII. The Queen\'s argument was, that she had read about them in books, and she was appealed to by the way, and nothing seems to be two people! Why,.', 3, 90, 4, 8, 2100, '2014-06-18 05:34:49', '2020-05-31 15:37:52'),
	(7, 'est 7', 'Dolores illo ipsum veritatis quas quaerat. Et velit itaque eum ipsam. Aut autem nostrum voluptatum. Quos animi delectus eum.', 'THE KING AND QUEEN OF HEARTS. Alice was only the pepper that had a door leading right into it. \'That\'s very important,\' the King put on one knee. \'I\'m a poor man, your Majesty,\' said the King put on.', 10, 60, 1, 9, 9300, '2011-12-13 22:32:03', '2020-05-31 15:37:52'),
	(8, 'in 8', 'Veniam esse velit libero. Consequuntur consectetur consequatur nulla et nesciunt.', 'It was the Rabbit came up to the whiting,\' said the Mock Turtle went on, taking first one side and then nodded. \'It\'s no business there, at any rate,\' said Alice: \'besides, that\'s not a bit of the.', 16, 75, 2, 7, 2300, '2012-11-03 03:52:05', '2020-05-31 15:37:52'),
	(9, 'voluptatem 9', 'Iste dolorem id est cum consectetur aut omnis. Unde dolor beatae facere rerum sed numquam. Sit omnis id doloremque aut dolorem laborum consequatur.', 'Shakespeare, in the air. Even the Duchess asked, with another dig of her favourite word \'moral,\' and the Queen was to twist it up into the garden door. Poor Alice! It was as much as she ran. \'How.', 8, 75, 1, 10, 2300, '2017-03-31 22:02:18', '2020-05-31 15:37:52'),
	(10, 'voluptatem 10', 'Nihil quia sit provident corporis. Hic quaerat omnis eaque illo. Eos omnis ea libero et rerum.', 'White Rabbit, \'and that\'s a fact.\' Alice did not much surprised at this, she came upon a Gryphon, lying fast asleep in the sand with wooden spades, then a great hurry. An enormous puppy was looking.', 4, 15, 6, NULL, 30000, '2017-02-25 07:59:59', '2020-05-31 15:37:52'),
	(11, 'sed 11', 'Explicabo enim unde et omnis nulla assumenda. Id sed ex est hic reprehenderit sapiente. Quod in ratione cumque sequi porro.', 'Why, it fills the whole party at once and put it to half-past one as long as it was the first verse,\' said the Cat, and vanished again. Alice waited patiently until it chose to speak good English);.', 3, 15, 6, 7, 5300, '2016-01-16 10:46:32', '2020-05-31 15:37:52'),
	(12, 'asperiores 12', 'Enim et iure illum ab. Accusantium accusantium inventore rerum reiciendis est. Ipsa quod qui recusandae occaecati.', 'D,\' she added aloud. \'Do you play croquet?\' The soldiers were silent, and looked at her with large round eyes, and half believed herself in Wonderland, though she knew that were of the guinea-pigs.', 6, 45, 3, 9, 9500, '2010-07-11 09:57:21', '2020-05-31 15:37:52'),
	(13, 'corrupti 13', 'Dolor beatae voluptas et odio quam. Architecto eum omnis dolores rem. Vitae velit officia aut dolorem hic eligendi eum.', 'Hatter was the first to speak. \'What size do you mean that you have just been picked up.\' \'What\'s in it?\' said the King. The White Rabbit was no label this time she went in without knocking, and.', 14, 45, 6, NULL, 8700, '2016-02-05 12:21:03', '2020-05-31 15:37:52'),
	(14, 'voluptatem 14', 'Perspiciatis ut cumque iure nihil qui voluptatibus non. Ut aspernatur pariatur quia quam sunt non earum. Excepturi neque odit temporibus totam consectetur impedit.', 'But do cats eat bats, I wonder?\' And here Alice began to tremble. Alice looked at the other, and making quite a large dish of tarts upon it: they looked so grave and anxious.) Alice could see this,.', 9, 105, 1, NULL, 7600, '2011-06-13 14:13:05', '2020-05-31 15:37:52'),
	(15, 'laborum 15', 'In consequatur nam nihil et quas a ut. Dolores quia et voluptate delectus nulla voluptatem.', 'I THINK; or is it twelve? I--\' \'Oh, don\'t bother ME,\' said Alice desperately: \'he\'s perfectly idiotic!\' And she tried to speak, but for a baby: altogether Alice did not answer, so Alice went on \'And.', 16, 90, 2, 9, 1700, '2010-09-02 13:15:35', '2020-05-31 15:37:52'),
	(16, 'libero 16', 'In laboriosam ut eligendi iusto doloremque qui. Temporibus vel et facilis autem hic consequuntur qui. Rerum quos vero omnis magni quis quo officiis ut.', 'Mouse gave a sudden leap out of it, and behind them a new idea to Alice, they all looked so good, that it felt quite strange at first; but she knew that were of the table, but it was the Rabbit.', 7, 90, 4, NULL, 9900, '2013-06-10 17:32:39', '2020-05-31 15:37:52'),
	(17, 'dolor 17', 'Repudiandae voluptates deleniti rerum et eaque. Alias autem rerum rerum hic sunt. Dicta veritatis exercitationem sequi ut doloremque ipsam ut. Voluptatem in illum aut. Fugit et id cumque nam sit placeat omnis.', 'No, there were ten of them, and then quietly marched off after the birds! Why, she\'ll eat a bat?\' when suddenly, thump! thump! down she came upon a heap of sticks and dry leaves, and the Dormouse.', 18, 60, 2, 7, 30000, '2012-03-13 13:26:23', '2020-05-31 15:37:52'),
	(18, 'voluptatem 18', 'Quaerat quidem eius et. Temporibus perferendis sit iure incidunt rerum. Voluptatem error est quis facere in.', 'THAT like?\' said Alice. \'It must have got into it), and sometimes she scolded herself so severely as to the Mock Turtle. \'No, no! The adventures first,\' said the Mouse. \'Of course,\' the Mock Turtle,.', 6, 45, 1, 8, 30000, '2016-07-12 11:27:06', '2020-05-31 15:37:52'),
	(19, 'debitis 19', 'Animi magni id eos magni fugiat voluptas id. Modi aspernatur nostrum fuga voluptatem. Vitae sed odio molestiae omnis voluptatem quidem.', 'I don\'t put my arm round your waist,\' the Duchess said to herself, in a moment. \'Let\'s go on in a twinkling! Half-past one, time for dinner!\' (\'I only wish people knew that: then they wouldn\'t be so.', 8, 60, 5, NULL, 30000, '2014-11-17 13:42:07', '2020-05-31 15:37:52'),
	(20, 'eaque 20', 'Nulla similique quos quam eos quis beatae. Delectus libero porro voluptas. Amet blanditiis incidunt ea architecto aut aliquid. Voluptates maiores asperiores laudantium perspiciatis.', 'They all made a snatch in the distance, and she hastily dried her eyes immediately met those of a bottle. They all sat down in a tone of great surprise. \'Of course you know that cats COULD grin.\'.', 3, 75, 4, 10, 5400, '2013-10-12 12:14:05', '2020-05-31 15:37:52'),
	(21, 'laboriosam 21', 'Doloribus eligendi et excepturi quisquam. Dolorem praesentium assumenda et nobis quibusdam.', 'I beat him when he sneezes; For he can EVEN finish, if he would deny it too: but the tops of the right-hand bit to try the whole party swam to the baby, it was good practice to say "HOW DOTH THE.', 5, 60, 1, 7, 4700, '2015-12-31 21:51:52', '2020-05-31 15:37:52'),
	(22, 'culpa 22', 'Ea natus fuga autem molestiae tempora ea excepturi enim. Nam et quibusdam eveniet sed. Enim numquam nam facilis omnis.', 'You see the Mock Turtle, and said \'No, never\') \'--so you can find out the verses the White Rabbit blew three blasts on the look-out for serpents night and day! Why, I do so like that curious song.', 7, 75, 6, 10, 5800, '2014-09-26 08:22:25', '2020-05-31 15:37:52'),
	(23, 'possimus 23', 'Veniam alias iste est alias illum itaque. Vel vel alias repudiandae. Assumenda dicta est perspiciatis et sunt. Aut sunt adipisci dolores repudiandae autem.', 'Gryphon, and the other guinea-pig cheered, and was just possible it had come back in their mouths. So they got their tails in their mouths. So they got settled down in a great letter, nearly as.', 6, 60, 6, 7, 3900, '2015-09-10 20:46:55', '2020-05-31 15:37:52'),
	(24, 'iure 24', 'Corporis sit praesentium non fugiat harum voluptatem quia ab. Voluptas quod deleniti sint. Voluptates natus qui et nam dolore.', 'Alice a good opportunity for croqueting one of the party went back to the shore, and then the Mock Turtle a little timidly: \'but it\'s no use in the act of crawling away: besides all this, there was.', 3, 30, 3, NULL, 6200, '2015-03-01 22:03:46', '2020-05-31 15:37:52'),
	(25, 'odio 25', 'Assumenda dolores ut accusantium. Temporibus aut ut odio quia occaecati. Magnam ipsam nam rerum.', 'Go on!\' \'I\'m a poor man, your Majesty,\' said the Mock Turtle went on growing, and she thought it had lost something; and she said to the other side will make you dry enough!\' They all made a snatch.', 3, 45, 3, 10, 2600, '2010-08-28 02:08:00', '2020-05-31 15:37:52'),
	(26, 'omnis 26', 'Libero soluta magni exercitationem dolorum nihil. Pariatur qui exercitationem illo hic ut enim voluptatem. Rerum hic assumenda et earum culpa et consequuntur.', 'March Hare said in a very good height indeed!\' said Alice, a little shriek, and went back to finish his story. CHAPTER IV. The Rabbit Sends in a solemn tone, only changing the order of the busy.', 3, 15, 5, 5, 5200, '2019-08-13 18:11:48', '2020-05-31 15:37:52'),
	(27, 'eos 27', 'Omnis hic necessitatibus veritatis ut enim. Aut earum natus magnam officia vel error tempora. Culpa ab ut natus sapiente aspernatur similique.', 'WHAT?\' thought Alice; \'I can\'t remember half of anger, and tried to fancy what the next witness.\' And he added in an offended tone, \'so I should frighten them out of sight; and an Eaglet, and.', 18, 90, 5, NULL, 4600, '2011-01-31 06:29:43', '2020-05-31 15:37:52'),
	(28, 'odio 28', 'Aut odio quod dolores quas. Modi molestiae occaecati enim maiores. Quam eaque architecto dolorum enim dolorem qui a.', 'I believe.\' \'Boots and shoes under the circumstances. There was a real Turtle.\' These words were followed by a row of lodging houses, and behind them a new idea to Alice, that she might as well go.', 17, 45, 3, NULL, 7400, '2014-03-31 11:42:42', '2020-05-31 15:37:52'),
	(29, 'non 29', 'Beatae dolorum accusamus et minima. Eum ut nisi voluptatem impedit ducimus ea. Et qui perferendis qui quae voluptatem.', 'Mock Turtle at last, with a knife, it usually bleeds; and she had looked under it, and fortunately was just in time to go, for the fan and gloves. \'How queer it seems,\' Alice said nothing: she had.', 10, 90, 3, 5, 3200, '2016-06-26 17:28:46', '2020-05-31 15:37:52'),
	(30, 'quaerat 30', 'Doloribus est sit fugit. Enim non asperiores voluptatibus voluptas earum aut consectetur.', 'Alice, as she could, for the next witness.\' And he got up and picking the daisies, when suddenly a footman because he was obliged to have finished,\' said the Queen. \'Can you play croquet?\' The.', 16, 105, 1, 7, 3700, '2015-06-01 22:58:02', '2020-05-31 15:37:52'),
	(31, 'ea 31', 'Molestias omnis expedita aspernatur corrupti ea culpa. Minus ab rem nam. Deserunt ipsam fugit et. Pariatur a voluptatum consequatur asperiores.', 'Duchess\'s knee, while plates and dishes crashed around it--once more the pig-baby was sneezing and howling alternately without a porpoise.\' \'Wouldn\'t it really?\' said Alice in a low curtain she had.', 16, 60, 2, 10, 8800, '2019-08-06 10:14:20', '2020-05-31 15:37:52'),
	(32, 'veniam 32', 'Ut provident et assumenda veritatis occaecati. Et facilis provident ex esse. Ex atque qui illo vero quis sint explicabo. Error eum quasi consequatur dolores dicta facilis. Illum impedit magnam culpa saepe sint odit.', 'The Cat\'s head began fading away the time. Alice had been to a day-school, too,\' said Alice; \'living at the righthand bit again, and all that,\' he said do. Alice looked up, and began picking them up.', 6, 75, 5, 10, 9200, '2010-10-25 20:21:59', '2020-05-31 15:37:52'),
	(33, 'rem 33', 'Corrupti consequuntur consequuntur totam quasi. Dignissimos eveniet quo tempore non qui omnis. Voluptas repellendus cumque ab odio laboriosam dolore et quaerat.', 'ME\' were beautifully marked in currants. \'Well, I\'ll eat it,\' said the Hatter. \'You might just as if he thought it had no very clear notion how delightful it will be the right words,\' said poor.', 17, 105, 3, 8, 4900, '2018-04-15 16:25:26', '2020-05-31 15:37:52'),
	(34, 'ratione 34', 'Et et eius maxime nostrum qui quasi dolores. Dolorem eum eius non vero molestias voluptatum in. Voluptatibus iure consectetur dolorem aut.', 'I was sent for.\' \'You ought to go near the house till she got back to the game, the Queen never left off writing on his spectacles. \'Where shall I begin, please your Majesty,\' said Two, in a tone of.', 3, 75, 5, 5, 6800, '2012-09-26 18:28:55', '2020-05-31 15:37:52'),
	(35, 'omnis 35', 'Cum odio qui odit explicabo. Ab molestias possimus voluptatem est. Aut repellat aliquid et laborum eum autem officia.', 'Majesty,\' said Two, in a moment: she looked up, and began to get dry very soon. \'Ahem!\' said the young lady to see if she had known them all her knowledge of history, Alice had not noticed before,.', 7, 45, 3, 10, 9400, '2011-11-14 14:04:57', '2020-05-31 15:37:52'),
	(36, 'non 36', 'Voluptatem ratione iusto aperiam autem et. Repellat tempora inventore et. Laborum autem iusto ut ipsa sint vel dolorem.', 'Caterpillar. \'Well, I\'ve tried banks, and I\'ve tried banks, and I\'ve tried to get in?\' asked Alice again, in a court of justice before, but she did not notice this last word two or three pairs of.', 8, 105, 5, 8, 6500, '2013-05-20 03:32:39', '2020-05-31 15:37:52'),
	(37, 'est 37', 'Voluptas minima sunt blanditiis et similique. Enim et consequuntur excepturi expedita rem omnis quia. Omnis culpa voluptatem natus sed in et laborum cum. Omnis dolor ut voluptatibus sit.', 'I can creep under the circumstances. There was exactly one a-piece all round. \'But she must have a trial: For really this morning I\'ve nothing to what I like"!\' \'You might just as usual. I wonder if.', 13, 105, 4, 8, 4400, '2013-12-03 02:34:02', '2020-05-31 15:37:52'),
	(38, 'veniam 38', 'Eos explicabo delectus doloremque quaerat qui quos. Dolore voluptas est quisquam eligendi nihil occaecati dolor aut. Reprehenderit non dolorem eaque nisi consequatur officia.', 'The King looked anxiously at the Caterpillar\'s making such a rule at processions; \'and besides, what would be quite absurd for her to carry it further. So she went on. Her listeners were perfectly.', 8, 105, 3, NULL, 2800, '2018-09-09 13:11:14', '2020-05-31 15:37:52'),
	(39, 'magni 39', 'Ut perferendis eligendi aut non qui exercitationem ratione quos. Quia perferendis omnis velit vitae. Fugiat et et laboriosam doloribus est aut inventore et.', 'This did not seem to put down her flamingo, and began smoking again. This time there could be beheaded, and that is rather a handsome pig, I think.\' And she began thinking over all the time he had.', 4, 30, 6, 7, 500, '2016-05-29 16:02:52', '2020-05-31 15:37:52'),
	(40, 'quis 40', 'Totam dolores iste doloremque aut. Et et illum unde dolorum. Delectus ducimus illo sit illo qui aut. Corrupti quia tenetur non occaecati.', 'Alice recognised the White Rabbit, who was peeping anxiously into her face, and was beating her violently with its head, it WOULD twist itself round and round the rosetree; for, you see, so many.', 15, 105, 2, 4, 4400, '2014-12-08 17:39:00', '2020-05-31 15:37:52'),
	(41, 'veritatis 41', 'Veniam quaerat est dolorem eaque aliquam. Ut voluptatibus quod eum iusto sunt voluptatum natus. Voluptas explicabo ipsam consequuntur tempore laborum repellendus.', 'Caterpillar. Alice said very humbly; \'I won\'t have any rules in particular; at least, if there are, nobody attends to them--and you\'ve no idea what a delightful thing a Lobster Quadrille is!\' \'No,.', 8, 105, 2, 6, 500, '2014-02-09 14:10:38', '2020-05-31 15:37:52'),
	(42, 'totam 42', 'Nostrum qui tempora sunt illum impedit ut. Eum consequatur sed et rerum quidem amet. Illo quam ipsa sit tempora minus sit ea. Est perspiciatis molestias optio omnis. Eos est aut magni exercitationem enim neque esse.', 'Gryphon, \'you first form into a pig, my dear,\' said Alice, \'how am I to do?\' said Alice. \'Exactly so,\' said the Queen, tossing her head impatiently; and, turning to Alice. \'What IS the fun?\' said.', 14, 30, 6, NULL, 30000, '2011-03-26 22:01:10', '2020-05-31 15:37:52'),
	(43, 'qui 43', 'Quisquam dolore sunt corrupti est omnis. Expedita nihil quas enim sed animi pariatur sed. Similique sit laudantium expedita autem nisi porro. Ipsum ut aut iure error quisquam et.', 'ALL RETURNED FROM HIM TO YOU,"\' said Alice. \'Come, let\'s hear some of the hall: in fact she was as long as I do,\' said Alice in a sorrowful tone, \'I\'m afraid I can\'t put it in a ring, and begged the.', 17, 60, 1, 10, 9400, '2015-09-16 04:06:09', '2020-05-31 15:37:52'),
	(44, 'sint 44', 'Fugiat placeat et dolores iusto voluptatem repellat. Cum sint ea maxime velit quia. Blanditiis deserunt harum quas deleniti fugiat labore. Molestiae ut provident quae consequatur nobis.', 'I suppose?\' said Alice. \'Nothing WHATEVER?\' persisted the King. \'Nearly two miles high,\' added the Gryphon, the squeaking of the baby, and not to make ONE respectable person!\' Soon her eye fell on a.', 15, 30, 5, NULL, 5600, '2014-02-16 13:36:42', '2020-05-31 15:37:52'),
	(45, 'neque 45', 'Enim aut ut nemo molestiae molestiae iusto. Et sint praesentium at laborum aut. Ut magni itaque quidem iste quo.', 'I shan\'t grow any more--As it is, I can\'t put it to her very much pleased at having found out that she was up to her that she did not venture to say it out to the Mock Turtle. \'Hold your tongue!\'.', 15, 75, 3, 7, 9800, '2010-08-21 21:14:39', '2020-05-31 15:37:52'),
	(46, 'blanditiis 46', 'Perferendis odit architecto quo nemo nostrum quidem. At labore ut magnam esse voluptatum. Ullam nobis et vero cumque enim pariatur ut. Aspernatur mollitia optio eaque eos non maiores ut.', 'Dodo. Then they all crowded round it, panting, and asking, \'But who is to France-- Then turn not pale, beloved snail, but come and join the dance. Would not, could not, would not join the dance?"\'.', 10, 105, 3, 5, 2100, '2016-03-28 13:41:51', '2020-05-31 15:37:52'),
	(47, 'atque 47', 'Blanditiis aperiam libero fugit voluptas quae. Labore quis et cum consequatur quis quo magni. Alias voluptatum qui saepe dolores mollitia nobis sequi. Cumque autem corporis non distinctio.', 'Dinah: I think I must be the best plan.\' It sounded an excellent plan, no doubt, and very neatly and simply arranged; the only difficulty was, that she never knew so much frightened that she had.', 3, 15, 4, 10, 6100, '2015-09-12 17:59:47', '2020-05-31 15:37:52'),
	(48, 'reprehenderit 48', 'Laborum doloribus architecto nulla expedita et unde sed. Repudiandae dolore iste consequatur. Eum neque error amet nesciunt est. Molestiae doloribus occaecati rerum expedita iusto id perferendis.', 'Mock Turtle: \'nine the next, and so on.\' \'What a curious appearance in the sun. (IF you don\'t know what they\'re like.\' \'I believe so,\' Alice replied very gravely. \'What else have you executed,.', 17, 105, 3, NULL, 1300, '2019-04-01 22:00:57', '2020-05-31 15:37:52'),
	(49, 'provident 49', 'Natus quam dolores dolor vel necessitatibus. Accusantium eligendi consequuntur ab et omnis inventore. Aut soluta doloremque similique libero aspernatur. Molestias consequatur odio sed soluta.', 'Alice\'s shoulder, and it was over at last: \'and I wish you wouldn\'t have come here.\' Alice didn\'t think that proved it at all. However, \'jury-men\' would have made a snatch in the lock, and to wonder.', 10, 60, 3, NULL, 300, '2017-10-16 13:58:23', '2020-05-31 15:37:52'),
	(50, 'et 50', 'Et deserunt sint numquam quod ut tempora. Aut voluptas rerum impedit adipisci. Velit distinctio dignissimos ut reiciendis quis.', 'Cat remarked. \'Don\'t be impertinent,\' said the Hatter. \'Nor I,\' said the March Hare interrupted in a hot tureen! Who for such a new idea to Alice, flinging the baby was howling so much already, that.', 4, 105, 1, 4, 30000, '2016-11-21 09:34:42', '2020-05-31 15:37:52'),
	(51, 'suscipit 51', 'Aut inventore architecto rerum rem neque tempore. Nulla repellat nesciunt dolores tenetur alias. Aut minus dolor facere ea iusto. Quos autem itaque fugit et est hic.', 'Hatter. \'I told you butter wouldn\'t suit the works!\' he added in a bit.\' \'Perhaps it hasn\'t one,\' Alice ventured to remark. \'Tut, tut, child!\' said the Hatter: \'but you could see it written down:.', 17, 105, 6, 10, 600, '2015-02-13 16:02:42', '2020-05-31 15:37:52'),
	(52, 'id 52', 'Est cumque provident rerum aliquid expedita. Est velit enim architecto non perspiciatis vel quo. Suscipit error quis dolorem deleniti quo iste. Fugiat error quia quia debitis id magnam reprehenderit.', 'I was thinking I should be like then?\' And she kept tossing the baby was howling so much at first, the two creatures got so much contradicted in her own ears for having missed their turns, and she.', 16, 75, 1, NULL, 7600, '2014-04-09 23:35:52', '2020-05-31 15:37:52'),
	(53, 'minima 53', 'Quia molestias rerum itaque in autem. Omnis eos et porro minus. Et sit quo repellat totam quasi.', 'Alice said nothing: she had gone through that day. \'A likely story indeed!\' said the Duchess, digging her sharp little chin into Alice\'s shoulder as she could. \'The game\'s going on rather better.', 16, 30, 3, 4, 6900, '2017-03-30 23:12:43', '2020-05-31 15:37:52'),
	(54, 'quia 54', 'Deserunt sed omnis velit natus reiciendis dicta voluptatem. Et corporis autem atque. Inventore pariatur velit perspiciatis totam fugiat ut.', 'There was a little of her own child-life, and the fall NEVER come to the law, And argued each case with my wife; And the moral of that is--"Birds of a good character, But said I could say if I like.', 3, 30, 2, 9, 30000, '2019-05-19 20:32:29', '2020-05-31 15:37:52'),
	(55, 'ea 55', 'Aut at consequuntur aut cumque unde officia aut nam. Veniam omnis expedita qui ea molestiae tempore id. Odio veritatis sed vel a vel quisquam architecto.', 'The long grass rustled at her side. She was a dead silence instantly, and Alice was more and more sounds of broken glass. \'What a curious dream!\' said Alice, rather doubtfully, as she couldn\'t.', 13, 75, 1, 7, 2100, '2019-12-08 22:02:35', '2020-05-31 15:37:52'),
	(56, 'autem 56', 'Eveniet aut iusto consequuntur repudiandae error libero. Numquam assumenda id id rerum est sed.', 'Alice; \'I can\'t help it,\' she said to herself, as she could, \'If you can\'t help that,\' said the King said to herself \'Now I can go back and see that she had caught the baby violently up and bawled.', 15, 45, 2, 4, 9700, '2013-10-03 18:26:47', '2020-05-31 15:37:52'),
	(57, 'qui 57', 'Aut doloribus officia suscipit tempore quas aut nulla. Expedita et nihil rerum doloribus veritatis aut provident sit. Tempora incidunt saepe doloremque temporibus consequatur. Saepe aut porro eum itaque accusantium itaque repudiandae id.', 'Then they all crowded round her at the righthand bit again, and that\'s very like a candle. I wonder if I know is, something comes at me like that!\' By this time she saw in another minute the whole.', 11, 105, 6, NULL, 30000, '2014-03-13 05:32:44', '2020-05-31 15:37:52'),
	(58, 'excepturi 58', 'Consequatur et quidem aperiam expedita eum perspiciatis. Esse optio perferendis tenetur pariatur. Delectus quia quia qui ad corporis sed ipsum.', 'There could be no sort of lullaby to it as you go on? It\'s by far the most interesting, and perhaps after all it might appear to others that what you had been of late much accustomed to usurpation.', 3, 15, 6, 8, 2100, '2016-01-25 02:43:19', '2020-05-31 15:37:52'),
	(59, 'dolorem 59', 'Suscipit fuga quae distinctio unde quo velit delectus. Debitis error porro quis error laudantium. Quibusdam omnis est provident sed molestiae nulla. Quasi dolores adipisci esse.', 'No, no! You\'re a serpent; and there\'s no use going back to the seaside once in the sea. But they HAVE their tails in their mouths. So they began running when they hit her; and when she had quite.', 11, 45, 4, 5, 6400, '2014-08-12 18:58:51', '2020-05-31 15:37:52'),
	(60, 'rem 60', 'Maiores quasi molestias omnis animi voluptas molestias ea. Aperiam molestiae alias eos omnis voluptatem eligendi modi. Vel ipsum dolore omnis natus ut sunt consectetur. Aut illo fugiat nihil nisi quidem beatae voluptate.', 'Between yourself and me.\' \'That\'s the judge,\' she said to herself, \'Now, what am I to do anything but sit with its arms and frowning at the Duchess and the great hall, with the bread-and-butter.', 3, 105, 1, 6, 5400, '2013-10-06 07:52:49', '2020-05-31 15:37:52'),
	(61, 'culpa 61', 'Tenetur deleniti in mollitia earum aspernatur laudantium. Possimus veniam velit qui voluptas ipsa temporibus in. Iure nulla ipsam ea deserunt deleniti voluptates. Et doloremque rerum odio.', 'King said to live. \'I\'ve seen a rabbit with either a waistcoat-pocket, or a serpent?\' \'It matters a good opportunity for repeating his remark, with variations. \'I shall do nothing of the trees upon.', 3, 105, 4, NULL, 1700, '2019-09-09 07:40:09', '2020-05-31 15:37:52'),
	(62, 'cupiditate 62', 'Eum et non quidem quos deleniti reiciendis tempore sapiente. Dolorem tenetur est occaecati nihil consequatur. Ex aut vero in eum tempore modi sit.', 'Duchess: you\'d better ask HER about it.\' \'She\'s in prison,\' the Queen of Hearts, who only bowed and smiled in reply. \'Please come back and see how he did it,) he did it,) he did it,) he did not look.', 5, 15, 2, 4, 2000, '2012-09-21 22:00:17', '2020-05-31 15:37:52'),
	(63, 'et 63', 'Adipisci provident autem ut quam ad velit. Sequi pariatur temporibus cum perspiciatis reiciendis eveniet quia. Quia est vel tempore blanditiis.', 'So she sat still just as she could, and soon found herself falling down a jar from one foot up the conversation dropped, and the words a little, \'From the Queen. \'I haven\'t the least idea what to.', 10, 30, 3, 4, 30000, '2012-10-01 18:56:49', '2020-05-31 15:37:52'),
	(64, 'quia 64', 'Neque dolor ab non molestiae ullam. Et cupiditate quo quam culpa. Omnis dignissimos hic in voluptas.', 'DOTH THE LITTLE BUSY BEE," but it is.\' \'Then you should say what you would seem to come down the chimney as she ran; but the Gryphon in an offended tone. And she began thinking over all the first.', 12, 60, 3, NULL, 9400, '2014-07-23 10:51:02', '2020-05-31 15:37:52'),
	(65, 'doloremque 65', 'Sit ut non rerum cupiditate placeat voluptates inventore ipsam. Neque et dolores cum aut sapiente qui quibusdam. Dolore qui odio eum in cupiditate et voluptate. Odio ipsum error et asperiores.', 'Alice herself, and fanned herself with one eye; but to her that she could for sneezing. There was exactly the right word) \'--but I shall remember it in with a deep voice, \'What are they doing?\'.', 5, 75, 5, 8, 5200, '2012-05-21 17:32:18', '2020-05-31 15:37:52'),
	(66, 'aliquam 66', 'Magni optio voluptatem et temporibus in quis. Quasi voluptatibus distinctio ullam et sint nobis vel. Ad quibusdam ad blanditiis nihil est error. Qui officia consequuntur consequatur nihil.', 'King, \'or I\'ll have you executed.\' The miserable Hatter dropped his teacup and bread-and-butter, and then treading on my tail. See how eagerly the lobsters to the beginning of the other paw, \'lives.', 18, 90, 2, NULL, 9900, '2014-09-11 02:04:23', '2020-05-31 15:37:52'),
	(67, 'dolorem 67', 'Eos ab autem ut quis qui ex. Qui dolorem vel cupiditate a. Repudiandae quis recusandae voluptas accusantium nostrum quia tempora. Deserunt architecto est ad ab tempore ex necessitatibus.', 'But do cats eat bats?\' and sometimes, \'Do bats eat cats?\' for, you see, as they used to know. Let me see: I\'ll give them a new pair of white kid gloves in one hand, and made a memorandum of the.', 5, 45, 3, 6, 3900, '2017-06-03 17:22:07', '2020-05-31 15:37:52'),
	(68, 'voluptate 68', 'Nihil officia quia quisquam exercitationem placeat delectus qui. Sit adipisci consequatur hic voluptatem aut eligendi. Facere est aliquid quos quidem sequi. Quod provident magnam enim illo. Et nulla ut qui.', 'SOMEBODY ought to eat the comfits: this caused some noise and confusion, as the White Rabbit blew three blasts on the ground near the house before she came rather late, and the choking of the.', 10, 60, 1, 5, 100, '2013-12-11 12:34:26', '2020-05-31 15:37:52'),
	(69, 'aliquid 69', 'Ut nulla in sequi ea doloribus aut eveniet. Occaecati eos enim culpa dicta sapiente. Non quis eos corrupti et nihil. Ipsam nesciunt numquam nostrum qui.', 'Alice glanced rather anxiously at the picture.) \'Up, lazy thing!\' said the Gryphon. \'--you advance twice--\' \'Each with a knife, it usually bleeds; and she ran across the garden, called out in a low.', 17, 75, 3, 10, 8700, '2017-06-17 19:51:55', '2020-05-31 15:37:52'),
	(70, 'explicabo 70', 'Optio tenetur voluptatem aliquam pariatur eos est velit rerum. Ut officiis eius est ut expedita veritatis illum. Quae dignissimos aspernatur omnis quibusdam fugit nemo consectetur.', 'You MUST have meant some mischief, or else you\'d have signed your name like an honest man.\' There was not a bit hurt, and she jumped up in her own ears for having cheated herself in a very deep.', 4, 60, 2, 5, 3400, '2019-11-16 02:59:12', '2020-05-31 15:37:52'),
	(71, 'quas 71', 'Eaque qui nam esse ea. Sint esse perspiciatis vero rem et.', 'Majesty!\' the soldiers had to do with this creature when I breathe"!\' \'It IS a Caucus-race?\' said Alice; \'that\'s not at all anxious to have been changed for any lesson-books!\' And so she went on.', 3, 105, 3, NULL, 30000, '2016-10-04 18:13:59', '2020-05-31 15:37:52'),
	(72, 'voluptatem 72', 'Sapiente aut sed quo incidunt non assumenda. Ipsam cumque quae vel tenetur velit non et qui. Ipsa commodi qui ducimus voluptatem minima eum adipisci.', 'I am, sir,\' said Alice; \'I daresay it\'s a very humble tone, going down on one side, to look through into the sea, \'and in that soup!\' Alice said very politely, \'for I can\'t show it you myself,\' the.', 13, 45, 4, 9, 900, '2018-11-28 22:14:00', '2020-05-31 15:37:52'),
	(73, 'architecto 73', 'Quos sint tempora voluptas quia. Sit dolor voluptatum sit dolor ipsam quia earum. Asperiores modi velit et asperiores sapiente. Autem culpa repudiandae et et. Quasi accusantium omnis dolor unde qui et a.', 'King, going up to Alice, flinging the baby was howling so much surprised, that for two Pennyworth only of beautiful Soup? Pennyworth only of beautiful Soup? Pennyworth only of beautiful Soup?.', 3, 15, 1, 7, 3100, '2018-11-29 00:23:29', '2020-05-31 15:37:52'),
	(74, 'eum 74', 'Consectetur ipsum velit quae velit impedit voluptatem corrupti. Eaque incidunt est eveniet repudiandae nam exercitationem vel omnis. Rerum ex rerum enim tempora dicta odit. Numquam quod rem sit laboriosam harum et et.', 'Alice, that she was walking by the officers of the suppressed guinea-pigs, filled the air, and came flying down upon her: she gave a sudden burst of tears, until there was room for her. \'Yes!\'.', 8, 90, 5, NULL, 4400, '2018-07-01 14:55:31', '2020-05-31 15:37:52'),
	(75, 'aspernatur 75', 'Eius ratione et odit in sit et porro quo. Distinctio repellendus qui odio sapiente.', 'March Hare. The Hatter shook his head sadly. \'Do I look like one, but it did not see anything that had made her look up in spite of all this grand procession, came THE KING AND QUEEN OF HEARTS..', 3, 30, 3, 5, 9200, '2019-11-19 01:27:30', '2020-05-31 15:37:52'),
	(76, 'officiis 76', 'Distinctio esse similique delectus deleniti. Totam officiis suscipit molestiae porro consectetur optio quaerat. Fugit aspernatur atque ut earum enim. Rerum saepe laboriosam eos dolores ratione.', 'There was exactly the right distance--but then I wonder if I fell off the subjects on his spectacles and looked along the sea-shore--\' \'Two lines!\' cried the Gryphon, \'you first form into a large.', 6, 105, 3, 9, 3100, '2012-03-30 21:40:46', '2020-05-31 15:37:52'),
	(77, 'repudiandae 77', 'Enim qui est ut sint officia eos et. Qui quidem quis alias velit asperiores laudantium vel dignissimos. Voluptates molestias et aliquam ullam sint et. Possimus qui dicta ut excepturi nihil.', 'VERY short remarks, and she felt that this could not join the dance. \'"What matters it how far we go?" his scaly friend replied. "There is another shore, you know, and he poured a little nervous.', 9, 15, 2, 6, 3200, '2014-09-12 17:15:11', '2020-05-31 15:37:52'),
	(78, 'dolorem 78', 'Quos tenetur incidunt veniam debitis optio. Itaque est sit laboriosam. Voluptates omnis debitis aliquam inventore. Laboriosam magni sit earum aut magnam fuga.', 'Alice was just in time to be a Caucus-race.\' \'What IS a Caucus-race?\' said Alice; \'living at the frontispiece if you drink much from a Caterpillar The Caterpillar and Alice called after her. \'I\'ve.', 6, 75, 1, 10, 2300, '2014-10-18 17:38:50', '2020-05-31 15:37:52'),
	(79, 'tempore 79', 'Culpa in vel nesciunt dolorem atque. Nesciunt ut incidunt dolore quia. Laboriosam repellat aspernatur minima aut.', 'Gryphon, and the March Hare: she thought it over afterwards, it occurred to her head, she tried to get out again. The Mock Turtle to sing you a song?\' \'Oh, a song, please, if the Queen say only.', 3, 30, 3, 9, 2000, '2014-10-19 02:45:05', '2020-05-31 15:37:52'),
	(80, 'omnis 80', 'Dignissimos ut omnis ut labore facere dolorem minus. Adipisci sequi ea qui perferendis. Ipsa in nam quia facere. Libero possimus et consequuntur quo ea sed. Tempore laboriosam mollitia aut iure.', 'THE VOICE OF THE SLUGGARD,"\' said the Caterpillar; and it was not easy to know your history, she do.\' \'I\'ll tell it her,\' said the King. The White Rabbit as he fumbled over the edge of her little.', 4, 45, 4, NULL, 3000, '2016-01-14 23:13:03', '2020-05-31 15:37:52'),
	(81, 'quia 81', 'Nihil doloremque voluptas illo qui. Ratione aut iure aut est ut voluptas quibusdam consequatur. Et quis libero cumque. Ut ut error modi laudantium non libero.', 'Mouse was speaking, and this was not a VERY unpleasant state of mind, she turned away. \'Come back!\' the Caterpillar angrily, rearing itself upright as it went, as if it thought that she had tired.', 5, 75, 5, NULL, 9200, '2010-10-30 12:11:06', '2020-05-31 15:37:52'),
	(82, 'in 82', 'Similique ratione dolores earum. Sint suscipit non voluptatum. Veniam consectetur perspiciatis odio perferendis incidunt quasi magni. Veniam cum provident consequuntur consequatur laborum quia fugiat.', 'I can\'t see you?\' She was close behind us, and he\'s treading on her hand, and a crash of broken glass, from which she concluded that it would be of very little use, as it turned round and swam.', 6, 105, 5, 5, 7800, '2015-06-13 15:27:16', '2020-05-31 15:37:52'),
	(83, 'eum 83', 'Est et suscipit quisquam adipisci aliquid distinctio. Sunt enim deleniti ut soluta recusandae eveniet est ut. Similique eveniet quo quis qui. Voluptates et ipsam facilis totam nihil.', 'Alice. \'Reeling and Writhing, of course, I meant,\' the King said, with a little of her ever getting out of a procession,\' thought she, \'what would become of me? They\'re dreadfully fond of pretending.', 5, 15, 6, 9, 5400, '2019-01-27 18:33:25', '2020-05-31 15:37:52'),
	(84, 'et 84', 'Esse quo consectetur exercitationem quod. Eos occaecati ut voluptatem expedita vel qui corrupti doloribus. Omnis sunt perspiciatis tempora quasi vitae. Eius dolorem eum ut dolores ea.', 'YOUR business, Two!\' said Seven. \'Yes, it IS his business!\' said Five, \'and I\'ll tell you his history,\' As they walked off together. Alice laughed so much surprised, that for two Pennyworth only of.', 3, 90, 2, 7, 30000, '2016-07-11 21:22:24', '2020-05-31 15:37:52'),
	(85, 'cumque 85', 'Et magni cum voluptatem voluptatibus repellat incidunt ad. Blanditiis saepe fugiat est aut. Repellendus tenetur natus velit voluptatibus reprehenderit perspiciatis.', 'Alice. \'I\'ve read that in the other: the only one who had not gone far before they saw the Mock Turtle, \'Drive on, old fellow! Don\'t be all day to day.\' This was such a capital one for catching mice.', 3, 75, 4, 6, 8100, '2015-11-17 02:50:34', '2020-05-31 15:37:52'),
	(86, 'corrupti 86', 'Qui perspiciatis exercitationem quia minus. Adipisci dolorem voluptates exercitationem ea sunt aut totam dignissimos. Placeat illum fugiat nemo omnis aut. Aperiam nesciunt quam aut id.', 'I don\'t take this young lady to see the earth takes twenty-four hours to turn into a pig, my dear,\' said Alice, always ready to sink into the court, by the English, who wanted leaders, and had just.', 3, 15, 5, 7, 9900, '2018-05-11 19:49:36', '2020-05-31 15:37:52'),
	(87, 'quas 87', 'Quas impedit vel similique vel minima aut rerum quod. Illo qui qui sed doloribus. Vitae molestias in quod. Cumque tempore modi reprehenderit error autem doloremque voluptas.', 'CHAPTER IX. The Mock Turtle yet?\' \'No,\' said the Cat. \'Do you know I\'m mad?\' said Alice. \'Come on, then!\' roared the Queen, and Alice, were in custody and under sentence of execution. Then the Queen.', 13, 75, 5, NULL, 30000, '2018-01-10 15:43:45', '2020-05-31 15:37:52'),
	(88, 'tempora 88', 'Illum placeat et eveniet illo. Consequatur velit totam nihil distinctio doloribus nesciunt.', 'Rabbit was no \'One, two, three, and away,\' but they were nowhere to be beheaded!\' \'What for?\' said Alice. \'Exactly so,\' said the March Hare and the reason of that?\' \'In my youth,\' Father William.', 8, 15, 1, 10, 6000, '2012-08-30 18:25:31', '2020-05-31 15:37:52'),
	(89, 'velit 89', 'Omnis itaque et culpa aut. Est sit optio qui. Repellendus et accusamus et est qui qui consequatur. Quia voluptatem ipsum inventore possimus.', 'I was going to dive in among the people near the King exclaimed, turning to the waving of the house, quite forgetting that she had found her head struck against the door, staring stupidly up into.', 11, 120, 1, 6, 6900, '2019-12-23 20:30:04', '2020-05-31 15:37:52'),
	(90, 'in 90', 'Quo ducimus sed quis repellendus mollitia. Est qui soluta iure dolores similique aut. Dolor perferendis in optio et dolor optio. Quo corrupti est sint explicabo voluptatem est fuga.', 'King. \'It began with the time,\' she said this, she came upon a heap of sticks and dry leaves, and the little crocodile Improve his shining tail, And pour the waters of the lefthand bit. * * * * * *.', 3, 30, 3, 3, 300, '2018-05-20 09:36:13', '2020-05-31 15:37:52'),
	(91, 'omnis 91', 'Eum quam ipsum ea et ipsum numquam doloribus. Quod quia nihil dicta et sint. Totam esse officiis similique laborum sint est.', 'She went in without knocking, and hurried off at once: one old Magpie began wrapping itself up very sulkily and crossed over to the Queen. \'Sentence first--verdict afterwards.\' \'Stuff and nonsense!\'.', 13, 30, 6, NULL, 30000, '2013-09-03 11:43:24', '2020-05-31 15:37:52'),
	(92, 'est 92', 'Rerum id et labore suscipit. Et ut esse temporibus voluptates. Iure consequuntur dolor tempore ut et officiis.', 'The door led right into it. \'That\'s very curious.\' \'It\'s all her riper years, the simple and loving heart of her sister, as well she might, what a Mock Turtle in a low curtain she had expected:.', 13, 105, 5, 10, 30000, '2012-02-08 18:23:25', '2020-05-31 15:37:52'),
	(93, 'ut 93', 'Quas ab reprehenderit cumque voluptatem. Laboriosam omnis hic atque et deleniti laudantium explicabo. Et sunt vero et quam sint voluptatem a voluptatem. Dolorum ipsa neque enim tempora autem dolor illum.', 'I think--\' (she was rather doubtful whether she could have told you butter wouldn\'t suit the works!\' he added in a hoarse growl, \'the world would go through,\' thought poor Alice, and she drew.', 15, 75, 1, NULL, 9400, '2016-04-17 19:46:21', '2020-05-31 15:37:52'),
	(94, 'dolorem 94', 'Ea rerum nulla quaerat repudiandae omnis aperiam. Assumenda ut consequatur facilis nemo facere accusantium. Aut sit cupiditate voluptas quasi provident sint.', 'Don\'t be all day about it!\' and he says it\'s so useful, it\'s worth a hundred pounds! He says it kills all the jurymen are back in their mouths; and the poor little feet, I wonder what was coming. It.', 17, 75, 4, 9, 5300, '2017-10-24 13:27:43', '2020-05-31 15:37:52'),
	(95, 'in 95', 'Nesciunt sunt sunt et quisquam porro quae. Molestiae recusandae sit consequatur nihil sint vel unde. Repellat delectus distinctio quia et impedit.', 'Gryphon is, look at all for any of them. However, on the glass table as before, \'and things are "much of a tree a few minutes she heard something splashing about in the pool rippling to the.', 15, 105, 2, 7, 30000, '2019-10-18 10:14:29', '2020-05-31 15:37:52'),
	(96, 'unde 96', 'Corrupti aut doloremque aspernatur at voluptate. Vitae quod corrupti nostrum accusantium. Vero impedit et magnam nihil et et. Saepe similique doloribus occaecati non ut non.', 'The great question is, what?\' The great question is, what did the Dormouse again, so that altogether, for the fan and the Queen, \'and he shall tell you more than nine feet high, and she did not seem.', 3, 15, 4, NULL, 3800, '2016-01-15 13:56:53', '2020-05-31 15:37:52'),
	(97, 'aut 97', 'Magnam maxime consequatur ut et deserunt ut. Voluptatum quia qui delectus repellat molestias. Ab perferendis dolorem sit unde.', 'Like a tea-tray in the back. At last the Mock Turtle. \'Certainly not!\' said Alice more boldly: \'you know you\'re growing too.\' \'Yes, but I can\'t remember,\' said the Queen. \'Sentence first--verdict.', 18, 75, 2, 4, 8000, '2019-04-10 23:55:52', '2020-05-31 15:37:52'),
	(98, 'iste 98', 'Repellendus deleniti tempore quas earum. Ullam tempora occaecati amet. Vel sed deleniti necessitatibus. Veniam nihil quia magni velit nesciunt.', 'Her chin was pressed so closely against her foot, that there was no label this time it all came different!\' the Mock Turtle. \'No, no! The adventures first,\' said the King: \'however, it may kiss my.', 6, 60, 6, NULL, 2800, '2011-10-21 06:17:02', '2020-05-31 15:37:52'),
	(99, 'et 99', 'Ex molestias in quo. Illum laboriosam at omnis qui. Sed quis dignissimos sit dolorem sint itaque illum.', 'King said, for about the crumbs,\' said the Mock Turtle. \'Certainly not!\' said Alice angrily. \'It wasn\'t very civil of you to leave off this minute!\' She generally gave herself very good height.', 13, 60, 5, 7, 8600, '2014-08-01 14:50:21', '2020-05-31 15:37:52'),
	(100, 'nam 100', 'Aut cumque consequatur labore possimus suscipit unde quo voluptatem. Ad voluptatem in laborum aut quasi. Voluptates omnis est dolorum quos aut autem fugit.', 'King and the great wonder is, that there\'s any one of these cakes,\' she thought, and it was all dark overhead; before her was another puzzling question; and as it left no mark on the table. \'Have.', 3, 45, 4, 6, 30000, '2018-08-14 20:31:07', '2020-05-31 15:37:52'),
	(101, 'totam 101', 'Eos expedita consequatur et aliquid. Recusandae omnis repudiandae soluta velit aspernatur eum. Eos magnam doloribus laboriosam. Voluptatum maiores voluptatem consequuntur sit quia quas dolores.', 'Hatter instead!\' CHAPTER VII. A Mad Tea-Party There was not going to do so. \'Shall we try another figure of the accident, all except the Lizard, who seemed ready to make SOME change in my own tears!.', 5, 30, 3, NULL, 30000, '2013-06-23 20:25:31', '2020-05-31 15:37:52'),
	(102, 'qui 102', 'Vero et minima numquam at recusandae. Sit sapiente in magnam sunt. Molestias velit sunt non est aliquid. Rerum ducimus eos velit nulla.', 'The Antipathies, I think--\' (for, you see, Miss, we\'re doing our best, afore she comes, to--\' At this the whole party swam to the other: the only difficulty was, that she remained the same side of.', 11, 30, 5, NULL, 9300, '2016-11-06 17:51:05', '2020-05-31 15:37:52'),
	(103, 'saepe 103', 'Et placeat unde minus ea optio odit in. Quasi minus minus veritatis veniam amet aliquid ipsam. Ut dolorem a porro et laudantium. Exercitationem impedit et earum voluptatibus laboriosam.', 'Alice timidly. \'Would you like the look of the Nile On every golden scale! \'How cheerfully he seems to suit them!\' \'I haven\'t opened it yet,\' said the White Rabbit: it was empty: she did not quite.', 18, 75, 6, NULL, 400, '2011-02-21 06:57:23', '2020-05-31 15:37:52'),
	(104, 'repellat 104', 'Laudantium aut quia molestias praesentium. Quae rem ex repellendus. Sit et consectetur corporis asperiores iusto qui. Eligendi maxime consequatur eos ipsa.', 'I think.\' And she opened the door opened inwards, and Alice\'s first thought was that she had made the whole thing, and she felt a little pattering of feet on the glass table as before, \'It\'s all his.', 11, 45, 6, NULL, 8400, '2012-01-11 22:55:31', '2020-05-31 15:37:52'),
	(105, 'laudantium 105', 'Exercitationem animi ipsum reiciendis fugiat nostrum hic. Dolores placeat labore dolor. Dolor vero deleniti corrupti dolorum velit aut.', 'The Queen smiled and passed on. \'Who ARE you talking to?\' said the last few minutes she heard a little quicker. \'What a curious plan!\' exclaimed Alice. \'And be quick about it,\' said the Hatter..', 3, 60, 2, 10, 3700, '2011-02-08 11:47:10', '2020-05-31 15:37:52'),
	(106, 'est 106', 'Numquam ea consequatur similique. Qui laborum voluptatibus nisi ut. Voluptatem non veritatis facilis.', 'Pat, what\'s that in some book, but I don\'t care which happens!\' She ate a little recovered from the roof. There were doors all round her, about four feet high. \'I wish the creatures argue. It\'s.', 14, 30, 4, 10, 4300, '2015-10-29 20:47:24', '2020-05-31 15:37:52'),
	(107, 'error 107', 'Et nihil autem ducimus. Reprehenderit modi fugit neque deserunt minus facilis qui. Quidem neque animi eveniet qui et explicabo.', 'Alice, very earnestly. \'I\'ve had nothing else to do, and perhaps as this before, never! And I declare it\'s too bad, that it was all dark overhead; before her was another puzzling question; and as he.', 8, 15, 5, 5, 300, '2015-09-22 15:41:57', '2020-05-31 15:37:52'),
	(108, 'consectetur 108', 'Tenetur nihil recusandae quidem sed. Totam atque voluptatum minus adipisci. Inventore vel recusandae architecto repellat fuga suscipit.', 'M?\' said Alice. \'Who\'s making personal remarks now?\' the Hatter said, tossing his head contemptuously. \'I dare say there may be ONE.\' \'One, indeed!\' said the Hatter asked triumphantly. Alice did not.', 14, 60, 6, NULL, 8600, '2017-09-20 20:22:44', '2020-05-31 15:37:52'),
	(109, 'qui 109', 'Corrupti molestias et et rem aliquid voluptatum aut in. Non qui quam exercitationem hic natus. Tempore eum est corrupti voluptatibus aut. Blanditiis ratione esse in ex exercitationem tenetur.', 'I begin, please your Majesty,\' he began, \'for bringing these in: but I shall have to ask the question?\' said the King: \'however, it may kiss my hand if it please your Majesty,\' he began, \'for.', 3, 75, 1, 5, 2400, '2013-01-19 06:30:20', '2020-05-31 15:37:52'),
	(110, 'molestiae 110', 'Ea aut eligendi ea est ea voluptatibus sint. Incidunt et omnis dolor aut blanditiis inventore est nesciunt. Accusamus voluptates distinctio eius modi voluptatibus inventore.', 'I ever saw one that size? Why, it fills the whole place around her became alive with the bread-knife.\' The March Hare said in a piteous tone. And she thought it over here,\' said the Duchess, as she.', 10, 30, 1, NULL, 8800, '2018-12-21 18:14:32', '2020-05-31 15:37:52'),
	(111, 'velit 111', 'Maiores vero est omnis veritatis deleniti temporibus. Qui voluptatem atque sit ab perspiciatis. Asperiores porro necessitatibus incidunt commodi quis. Sit et tenetur non ea inventore fugit. Omnis voluptas in voluptas repellat.', 'Why, there\'s hardly enough of it at all; however, she again heard a little pattering of footsteps in the sun. (IF you don\'t know of any one; so, when the Rabbit just under the door; so either way.', 7, 60, 1, 5, 8800, '2017-11-06 11:24:25', '2020-05-31 15:37:52'),
	(112, 'ipsam 112', 'Nulla omnis rerum veniam tempore. Illum et aliquam a autem consequatur iusto. Ullam id nesciunt dolores sunt at. Veritatis necessitatibus explicabo architecto rerum omnis.', 'There was exactly the right height to rest her chin upon Alice\'s shoulder, and it said nothing. \'When we were little,\' the Mock Turtle, \'Drive on, old fellow! Don\'t be all day to such stuff? Be off,.', 12, 105, 1, 4, 6000, '2010-10-12 06:27:48', '2020-05-31 15:37:52'),
	(113, 'quas 113', 'Ut aut sunt et et ratione omnis. Eligendi laborum adipisci ipsa sunt. Laboriosam sit voluptatem officia reprehenderit ut non doloremque. Eaque molestiae aut a fugit molestiae sint necessitatibus.', 'I do,\' said the others. \'We must burn the house before she had accidentally upset the week before. \'Oh, I know!\' exclaimed Alice, who always took a minute or two. \'They couldn\'t have done just as.', 3, 45, 2, 10, 2800, '2016-07-03 19:38:49', '2020-05-31 15:37:52'),
	(114, 'et 114', 'Dicta voluptatibus sed ducimus corporis aliquam ipsum in maxime. Reprehenderit sunt sunt vitae culpa sint rerum aut hic.', 'FENDER, (WITH ALICE\'S LOVE). Oh dear, what nonsense I\'m talking!\' Just then her head pressing against the ceiling, and had just begun \'Well, of all this time, sat down and make one quite giddy.\'.', 7, 30, 3, 4, 3300, '2012-06-21 08:19:53', '2020-05-31 15:37:52'),
	(115, 'quos 115', 'Pariatur vitae et ipsam. Consequatur in et accusantium hic nihil ipsam ut quam. Dignissimos et est commodi sed.', 'Alice had begun to think this a very long silence, broken only by an occasional exclamation of \'Hjckrrh!\' from the Gryphon, with a table in the middle, being held up by wild beasts and other.', 4, 15, 2, 7, 6000, '2017-06-14 22:03:49', '2020-05-31 15:37:52'),
	(116, 'dolores 116', 'Ut occaecati hic non quod laborum ipsum quia. Ratione non eum sed mollitia ducimus sed quia voluptas. Fuga ipsam et voluptatem quia.', 'Alice, \'Have you guessed the riddle yet?\' the Hatter instead!\' CHAPTER VII. A Mad Tea-Party There was exactly one a-piece all round. \'But she must have been a holiday?\' \'Of course it is,\' said the.', 3, 75, 3, NULL, 1800, '2019-03-23 17:02:45', '2020-05-31 15:37:52'),
	(117, 'totam 117', 'Voluptatem quis et voluptatem voluptas eum quia non occaecati. Autem odit esse et facilis eos repellat.', 'Alice alone with the birds hurried off at once, in a trembling voice, \'--and I hadn\'t drunk quite so much!\' said Alice, \'and if it makes me grow large again, for this curious child was very deep, or.', 10, 60, 2, 8, 1100, '2013-02-10 08:55:40', '2020-05-31 15:37:52'),
	(118, 'molestiae 118', 'Velit cum ex rerum repellendus. Et est voluptatem et facilis velit tempore ut.', 'At last the Caterpillar contemptuously. \'Who are YOU?\' Which brought them back again to the Knave. The Knave of Hearts, he stole those tarts, And took them quite away!\' \'Consider your verdict,\' the.', 8, 105, 1, NULL, 100, '2019-05-17 21:55:59', '2020-05-31 15:37:52'),
	(119, 'incidunt 119', 'Non occaecati itaque esse ut cupiditate voluptate distinctio. Vitae vel ratione est nisi consectetur. Voluptatum est est ab eum quo aut odit. Et et eos pariatur accusamus eveniet.', 'Alice replied in an offended tone, and everybody laughed, \'Let the jury eagerly wrote down all three dates on their throne when they had at the other, looking uneasily at the great hall, with the.', 5, 90, 5, 9, 200, '2014-06-20 08:31:15', '2020-05-31 15:37:52'),
	(120, 'id 120', 'Et ea occaecati voluptatem aut mollitia ipsam sunt. Iste esse commodi dolore earum tempora.', 'King triumphantly, pointing to the porpoise, "Keep back, please: we don\'t want to get out again. The rabbit-hole went straight on like a tunnel for some minutes. Alice thought the whole place around.', 6, 60, 5, NULL, 2900, '2010-05-29 10:38:32', '2020-05-31 15:37:52'),
	(121, 'illo 121', 'Asperiores quis fugiat ipsum ut repellendus cumque qui. Repudiandae veniam modi neque cupiditate. Excepturi nostrum officiis excepturi. Fuga harum eum nostrum.', 'Then the Queen to play with, and oh! ever so many out-of-the-way things had happened lately, that Alice had been wandering, when a sharp hiss made her look up in a low, trembling voice. \'There\'s.', 17, 45, 5, NULL, 7200, '2013-01-05 03:12:53', '2020-05-31 15:37:52'),
	(122, 'sapiente 122', 'Modi vel veniam voluptatem aliquam debitis mollitia assumenda. Quia id fuga consequatur sit ipsam eos.', 'Very soon the Rabbit whispered in a deep voice, \'What are tarts made of?\' \'Pepper, mostly,\' said the Gryphon: \'I went to school in the middle of the tale was something like this:-- \'Fury said to.', 4, 75, 5, NULL, 6000, '2012-02-19 04:41:45', '2020-05-31 15:37:52'),
	(123, 'temporibus 123', 'Necessitatibus ad nisi et occaecati aperiam. Commodi iusto dolore accusantium voluptatem enim. Libero quia occaecati iure non accusamus ratione quis. Neque aliquam sint beatae ipsa hic.', 'Caterpillar. Alice thought she might as well as if she were saying lessons, and began picking them up again with a pair of the court and got behind Alice as he said in an angry voice--the.', 13, 45, 6, 7, 8800, '2010-05-22 07:10:52', '2020-05-31 15:37:52'),
	(124, 'inventore 124', 'Labore et sed sunt et maxime quod. Numquam voluptatem repellendus harum blanditiis ut. Placeat autem deleniti dolorum.', 'YOU must cross-examine THIS witness.\' \'Well, if I know I do!\' said Alice aloud, addressing nobody in particular. \'She\'d soon fetch it here, lad!--Here, put \'em up at this moment Five, who had been.', 3, 90, 3, 4, 8200, '2017-09-22 04:07:57', '2020-05-31 15:37:52'),
	(125, 'similique 125', 'Quibusdam explicabo amet in et et praesentium illum beatae. Ut voluptatem animi et. Eos neque architecto ducimus nobis rerum consequatur.', 'Alice went on planning to herself how she would catch a bad cold if she had succeeded in bringing herself down to nine inches high. CHAPTER VI. Pig and Pepper For a minute or two, and the moment she.', 4, 45, 6, 8, 2900, '2013-02-22 02:54:01', '2020-05-31 15:37:52'),
	(126, 'totam 126', 'Impedit iusto nostrum sed culpa illo dolorem. Dolor magnam temporibus ipsam rerum quidem officiis soluta. Fugit voluptas quis iste iusto enim tempore. Veniam doloremque aperiam mollitia consequuntur recusandae.', 'I could not make out who was talking. \'How CAN I have none, Why, I haven\'t been invited yet.\' \'You\'ll see me there,\' said the Pigeon; \'but if you\'ve seen them at last, and they went up to her usual.', 6, 60, 3, 3, 300, '2015-02-24 16:00:37', '2020-05-31 15:37:52'),
	(127, 'vel 127', 'Dignissimos voluptatibus illum vel repudiandae. Dicta quas sunt et. Eligendi esse impedit eum ipsum ipsum aut sit. Quae ut minima et odit similique.', 'Alice, and she was dozing off, and had come back and see what was the King; and as for the garden!\' and she felt that it was addressed to the little door, so she helped herself to about two feet.', 18, 90, 1, 4, 2700, '2015-03-21 06:20:49', '2020-05-31 15:37:52'),
	(128, 'tenetur 128', 'Numquam voluptatem ipsam dolor temporibus reiciendis veritatis. Est dolores modi dicta repellat. Error porro et modi quia. Nulla doloremque non commodi et iusto.', 'Alice; \'I might as well as she left her, leaning her head impatiently; and, turning to the other end of the March Hare. \'Sixteenth,\' added the Gryphon; and then Alice put down the bottle, saying to.', 16, 90, 3, 4, 30000, '2018-03-04 20:03:17', '2020-05-31 15:37:52'),
	(129, 'reprehenderit 129', 'Voluptatem voluptas cupiditate facilis numquam rerum est. Reiciendis nesciunt in sed iste blanditiis. Ducimus unde officia excepturi fuga. Veniam aut aut esse velit nostrum. Veniam vero ad in consequatur eos dicta quibusdam et.', 'Bill, the Lizard) could not think of anything to say, she simply bowed, and took the thimble, saying \'We beg your pardon,\' said Alice to herself. Imagine her surprise, when the race was over. Alice.', 3, 30, 4, NULL, 2600, '2015-01-21 06:28:19', '2020-05-31 15:37:52'),
	(130, 'aut 130', 'Error architecto est quam nam consequatur quae sed eum. Perspiciatis vel recusandae facilis impedit.', 'Please, Ma\'am, is this New Zealand or Australia?\' (and she tried another question. \'What sort of mixed flavour of cherry-tart, custard, pine-apple, roast turkey, toffee, and hot buttered toast,) she.', 3, 30, 3, 8, 30000, '2017-08-26 21:30:41', '2020-05-31 15:37:52'),
	(131, 'mollitia 131', 'Excepturi tempore odit cumque sed cum rerum. Sit eveniet veniam facere voluptas. Et et natus vero rerum eos aperiam consequatur qui.', 'Duchess, it had grown in the world am I? Ah, THAT\'S the great concert given by the English, who wanted leaders, and had come to the end: then stop.\' These were the two creatures got so close to her.', 5, 60, 4, 9, 8100, '2013-05-19 12:57:04', '2020-05-31 15:37:52'),
	(132, 'aut 132', 'Mollitia sit nulla voluptatem et qui minima. Et itaque maiores aut voluptatibus. Laborum aut assumenda vel quia dignissimos quidem velit nam.', 'I BEG your pardon!\' cried Alice again, for she was beginning to end,\' said the March Hare will be When they take us up and say "Who am I to do with you. Mind now!\' The poor little juror (it was.', 4, 75, 3, 9, 4900, '2012-03-04 05:21:33', '2020-05-31 15:37:52'),
	(133, 'voluptatum 133', 'Nesciunt numquam distinctio praesentium maxime rerum dolore. Dolorem quam odio modi vel. Ut quo fuga magnam cum itaque aut. Incidunt eligendi libero non incidunt impedit voluptatem.', 'EVER happen in a low voice, to the fifth bend, I think?\' he said in a large mushroom growing near her, she began, rather timidly, as she went in without knocking, and hurried upstairs, in great.', 16, 90, 2, 9, 2300, '2018-10-23 11:28:45', '2020-05-31 15:37:52'),
	(134, 'culpa 134', 'Molestiae a ex ut et tempora a vitae. Omnis itaque a est voluptatem vel voluptates. Veniam aut omnis non a delectus laborum rerum. Natus ea ipsam omnis sed harum nihil.', 'So Alice got up and said, \'That\'s right, Five! Always lay the blame on others!\' \'YOU\'D better not do that again!\' which produced another dead silence. \'It\'s a mineral, I THINK,\' said Alice. \'Then it.', 9, 45, 3, NULL, 3600, '2012-09-22 01:22:38', '2020-05-31 15:37:52'),
	(135, 'et 135', 'Officia pariatur esse qui tempora ex officia tempore laborum. Vel perferendis voluptatibus debitis ullam voluptatem rem est. Debitis aut eos adipisci eos alias eum et. Modi doloribus minima nihil quia et omnis autem.', 'Alice doubtfully: \'it means--to--make--anything--prettier.\' \'Well, then,\' the Gryphon whispered in reply, \'for fear they should forget them before the trial\'s over!\' thought Alice. One of the tail,.', 10, 30, 1, 6, 6800, '2010-11-12 13:31:39', '2020-05-31 15:37:52'),
	(136, 'natus 136', 'Quibusdam velit et consequatur velit et nisi. Incidunt accusantium architecto quo et fugit architecto libero sunt. Reprehenderit est doloribus neque voluptas omnis eius amet animi. Est repellendus esse sit aspernatur.', 'Father William replied to his ear. Alice considered a little house in it a very fine day!\' said a timid voice at her with large round eyes, and half of fright and half of them--and it belongs to a.', 5, 30, 6, 7, 9300, '2012-06-03 14:24:53', '2020-05-31 15:37:52'),
	(137, 'atque 137', 'Quasi ipsa repudiandae sed. Consequatur quam rerum dolorem itaque. Molestiae a est quos ab neque porro sint et.', 'I used to do:-- \'How doth the little glass box that was linked into hers began to tremble. Alice looked round, eager to see the Hatter instead!\' CHAPTER VII. A Mad Tea-Party There was exactly the.', 9, 30, 1, 5, 5600, '2019-12-17 19:15:51', '2020-05-31 15:37:52'),
	(138, 'veniam 138', 'Sit eveniet aspernatur ut voluptas facere fugit delectus in. Libero eos cupiditate sit et odit odio. Vel dolor odit voluptas fugiat. Non quis aut laboriosam qui ducimus veniam et. Numquam delectus omnis quibusdam rem eaque sint perferendis fugiat.', 'Gryphon added \'Come, let\'s hear some of YOUR business, Two!\' said Seven. \'Yes, it IS his business!\' said Five, \'and I\'ll tell him--it was for bringing the cook took the regular course.\' \'What was.', 10, 105, 4, 10, 6100, '2010-07-08 11:00:32', '2020-05-31 15:37:52'),
	(139, 'qui 139', 'Et doloribus quos quas qui reiciendis molestiae. Ut commodi soluta placeat velit iusto perferendis occaecati. Cumque vitae quasi quis explicabo quia et et. Eligendi repudiandae ipsa accusamus delectus.', 'I can creep under the window, and one foot up the fan and gloves. \'How queer it seems,\' Alice said to the Gryphon. \'I\'ve forgotten the Duchess asked, with another hedgehog, which seemed to be.', 3, 45, 5, 10, 2700, '2013-05-25 17:12:24', '2020-05-31 15:37:52'),
	(140, 'nam 140', 'Repellat asperiores voluptatum nesciunt molestias quia. Ducimus totam assumenda nesciunt minima harum dicta.', 'Majesty,\' said Two, in a whisper.) \'That would be four thousand miles down, I think--\' (she was so full of the game, the Queen said severely \'Who is this?\' She said the Mock Turtle angrily: \'really.', 3, 105, 4, 7, 30000, '2019-07-20 18:58:15', '2020-05-31 15:37:52'),
	(141, 'iste 141', 'Eum aperiam accusamus quasi quam. Quos non debitis laboriosam. Facere et modi magni optio officiis praesentium.', 'Alice started to her lips. \'I know what they\'re about!\' \'Read them,\' said the Dodo, \'the best way you go,\' said the Caterpillar sternly. \'Explain yourself!\' \'I can\'t help that,\' said the March Hare..', 5, 30, 3, NULL, 5200, '2014-12-25 07:59:57', '2020-05-31 15:37:52'),
	(142, 'temporibus 142', 'Sunt delectus impedit laborum quod nostrum molestiae est rerum. Quia et dignissimos laudantium qui repellendus vel. Sit distinctio distinctio itaque beatae. Ea qui laudantium ut.', 'She had quite forgotten the words.\' So they sat down, and the Queen to-day?\' \'I should have liked teaching it tricks very much, if--if I\'d only been the right size again; and the words \'DRINK ME,\'.', 15, 75, 3, 4, 3600, '2015-03-07 14:44:31', '2020-05-31 15:37:52'),
	(143, 'modi 143', 'Magnam enim at odio esse est. Inventore repellat officia consequatur eum. Est quis ea doloribus aliquam. Sint ut laboriosam reprehenderit aut iure fuga. Voluptas molestiae ratione accusantium error enim reprehenderit tenetur enim.', 'YOU, and no one else seemed inclined to say \'I once tasted--\' but checked herself hastily. \'I thought you did,\' said the Caterpillar. \'Well, perhaps not,\' said the King. \'Nearly two miles high,\'.', 8, 105, 4, NULL, 9800, '2013-08-06 02:57:14', '2020-05-31 15:37:52'),
	(144, 'asperiores 144', 'Voluptates consequatur doloribus debitis eum fuga. Aut veritatis ratione velit sed incidunt. Quae ducimus deleniti quis dolore maxime. Facilis enim necessitatibus tempore id.', 'Alice. \'Off with her head!\' Alice glanced rather anxiously at the mushroom for a minute, trying to make ONE respectable person!\' Soon her eye fell upon a heap of sticks and dry leaves, and the Queen.', 13, 15, 5, NULL, 30000, '2010-12-20 18:19:16', '2020-05-31 15:37:52'),
	(145, 'ad 145', 'Maiores quia rem voluptatem quidem et et maxime. Sapiente laudantium aliquid itaque ut aliquam. Necessitatibus ab ad possimus nihil ipsam.', 'King, who had followed him into the sea, some children digging in the newspapers, at the stick, and made believe to worry it; then Alice, thinking it was written to nobody, which isn\'t usual, you.', 14, 90, 3, 7, 3200, '2013-04-09 06:52:00', '2020-05-31 15:37:52'),
	(146, 'praesentium 146', 'Perferendis officia aspernatur sit dicta. At dolorem ullam quis amet. Nulla dolores necessitatibus cum ea nulla aut provident.', 'Five and Seven said nothing, but looked at them with the glass table as before, \'It\'s all her riper years, the simple rules their friends had taught them: such as, that a red-hot poker will burn you.', 8, 30, 4, 10, 8000, '2019-02-23 11:18:56', '2020-05-31 15:37:52'),
	(147, 'maiores 147', 'Aut dignissimos cumque quis vero molestias repudiandae. Inventore ducimus corporis qui fuga et. Autem commodi similique debitis aut eveniet dolorem. Pariatur suscipit et magnam impedit similique.', 'King eagerly, and he checked himself suddenly: the others looked round also, and all must have been changed in the middle of her voice, and the little door about fifteen inches high: she tried the.', 18, 30, 3, 7, 8400, '2012-01-25 15:43:18', '2020-05-31 15:37:52'),
	(148, 'doloribus 148', 'Error sed ut quo. Necessitatibus facere reiciendis voluptatem deserunt animi commodi. Sunt ipsam cumque voluptas maiores necessitatibus. Reiciendis delectus voluptatem omnis molestiae.', 'KNOW IT TO BE TRUE--" that\'s the jury-box,\' thought Alice, \'as all the time he was speaking, so that altogether, for the end of the sort. Next came the guests, mostly Kings and Queens, and among.', 13, 30, 4, NULL, 4600, '2014-03-23 05:27:43', '2020-05-31 15:37:52'),
	(149, 'nisi 149', 'Voluptatum libero et voluptatem. Quia dolor dicta natus possimus quas. Debitis voluptatem qui dolor aut voluptas temporibus veritatis. Voluptatem et impedit accusamus odit fugit.', 'I chose,\' the Duchess began in a mournful tone, \'he won\'t do a thing before, but she stopped hastily, for the baby, it was labelled \'ORANGE MARMALADE\', but to her feet, for it to speak again. In a.', 12, 30, 3, NULL, 6000, '2017-07-30 21:44:33', '2020-05-31 15:37:52'),
	(150, 'perspiciatis 150', 'Repellendus et corporis excepturi velit impedit animi a. Dolore eos voluptatem quod. Dolor pariatur reprehenderit libero amet et asperiores voluptatem laborum. Expedita numquam molestias atque tempore accusamus eum velit architecto. Tenetur ex similique repellat adipisci.', 'Dodo had paused as if he thought it would be quite absurd for her to wink with one finger, as he came, \'Oh! the Duchess, \'and that\'s why. Pig!\' She said the youth, \'as I mentioned before, And have.', 13, 30, 5, 6, 9100, '2013-06-20 18:23:25', '2020-05-31 15:37:52'),
	(151, 'dolorem 151', 'Voluptas error repellat hic maiores est. Voluptate minima laudantium exercitationem recusandae non cumque nam. Non itaque porro dignissimos impedit facilis autem quia. Sit pariatur accusamus quo magni adipisci quod.', 'I am so VERY nearly at the door--I do wish I could say if I chose,\' the Duchess by this very sudden change, but very glad to do with this creature when I find a number of cucumber-frames there must.', 6, 105, 2, 6, 1600, '2017-10-29 18:55:06', '2020-05-31 15:37:52'),
	(152, 'laudantium 152', 'Eligendi laboriosam neque autem et dicta voluptas sed. Qui quidem adipisci ut dicta. Dicta vel libero aliquam odio.', 'I could show you our cat Dinah: I think you\'d take a fancy to herself what such an extraordinary ways of living would be quite absurd for her to begin.\' For, you see, as she spoke, but no result.', 3, 45, 6, 9, 900, '2018-10-07 23:09:01', '2020-05-31 15:37:52'),
	(153, 'sapiente 153', 'Quis dolores dolore qui nihil asperiores. Maiores architecto ut fugit qui. Totam perspiciatis aliquam voluptatum quia. Nulla a modi et temporibus mollitia.', 'Alice ventured to ask. \'Suppose we change the subject. \'Ten hours the first figure!\' said the Queen, but she ran off at once: one old Magpie began wrapping itself up very carefully, remarking, \'I.', 16, 15, 1, 4, 4500, '2015-10-13 09:00:19', '2020-05-31 15:37:52'),
	(154, 'labore 154', 'Fugit ut itaque libero aut qui. Omnis ea tempora pariatur voluptas sapiente. In sed perferendis consequatur laborum dolores et cumque.', 'This was not quite know what it was too dark to see it quite plainly through the little passage: and THEN--she found herself falling down a good thing!\' she said to the other, and growing sometimes.', 3, 30, 3, 10, 8800, '2019-10-25 18:23:26', '2020-05-31 15:37:52'),
	(155, 'perspiciatis 155', 'Delectus rerum ea est quia dolor quas voluptatem. Non rerum ut et est. Aut sed non culpa corrupti.', 'CHAPTER VI. Pig and Pepper For a minute or two sobs choked his voice. \'Same as if nothing had happened. \'How am I to get us dry would be like, but it said nothing. \'When we were little,\' the Mock.', 17, 15, 5, NULL, 30000, '2018-09-11 05:43:04', '2020-05-31 15:37:52'),
	(156, 'rerum 156', 'Voluptatibus sit dolores facilis ea. Ex aut qui dolorem molestiae et molestiae. Dolorem eveniet dolore sit tempore. Expedita consectetur corrupti adipisci repellendus quos.', 'It was the first day,\' said the Caterpillar. \'Well, perhaps you haven\'t found it made Alice quite jumped; but she thought it had been, it suddenly appeared again. \'By-the-bye, what became of the.', 11, 30, 6, NULL, 30000, '2015-05-31 18:37:05', '2020-05-31 15:37:52'),
	(157, 'quia 157', 'Odit sunt doloribus voluptatem autem aliquam vero ipsam. Neque quaerat in temporibus qui quia voluptatum. Autem provident ullam quia.', 'Why, I do it again and again.\' \'You are old,\' said the Caterpillar. \'Not QUITE right, I\'m afraid,\' said Alice, a good many little girls in my size; and as Alice could hardly hear the name \'W..', 11, 30, 6, NULL, 9600, '2010-11-13 03:18:32', '2020-05-31 15:37:52'),
	(158, 'expedita 158', 'Soluta ab repellat non repudiandae iste. Minima fugit soluta quam ab reprehenderit laborum et. Et animi esse voluptas odio rerum cupiditate voluptatem tempora. Dolores aut atque nemo consequatur sed temporibus.', 'Gryphon as if it wasn\'t very civil of you to learn?\' \'Well, there was no longer to be ashamed of yourself,\' said Alice, \'we learned French and music.\' \'And washing?\' said the Mock Turtle would be.', 10, 60, 5, 6, 5200, '2019-08-06 06:55:26', '2020-05-31 15:37:52'),
	(159, 'at 159', 'Porro incidunt in aliquam provident ut maxime. Modi adipisci vel error. Vero vitae error dolore neque est. Doloremque doloribus cumque eos explicabo saepe.', 'She had just begun \'Well, of all this time, and was going to give the hedgehog had unrolled itself, and was looking at the frontispiece if you could manage it?) \'And what are YOUR shoes done with?\'.', 10, 75, 6, 6, 4500, '2014-07-08 22:48:29', '2020-05-31 15:37:52'),
	(160, 'non 160', 'Quae laborum et consectetur consequuntur doloribus distinctio omnis dolorem. Expedita veritatis ut culpa nulla. Enim omnis officia in molestias dolorum tempora voluptas. Rerum nisi est voluptas.', 'THAT. Then again--"BEFORE SHE HAD THIS FIT--" you never even introduced to a snail. "There\'s a porpoise close behind us, and he\'s treading on her spectacles, and began singing in its hurry to change.', 3, 60, 3, 5, 9700, '2015-07-01 16:38:55', '2020-05-31 15:37:52'),
	(161, 'sint 161', 'Nostrum ut maiores in quaerat. Necessitatibus voluptate non dolores illo suscipit esse velit impedit. Voluptates veniam sequi odit dolor expedita. Quia dolorum amet et cupiditate.', 'King: \'leave out that one of its mouth, and addressed her in an angry voice--the Rabbit\'s--\'Pat! Pat! Where are you?\' And then a voice of the song. \'What trial is it?\' he said. \'Fifteenth,\' said the.', 3, 105, 3, 7, 7400, '2012-09-02 01:10:51', '2020-05-31 15:37:52'),
	(162, 'quia 162', 'Necessitatibus dolor quo sint tempore. Aliquam accusantium corporis impedit est sequi. Impedit porro beatae fugit et cum. Quis impedit omnis reiciendis molestiae. Et earum aut occaecati dolore.', 'King had said that day. \'No, no!\' said the Footman. \'That\'s the most interesting, and perhaps as this is May it won\'t be raving mad--at least not so mad as it settled down again, the Dodo solemnly,.', 7, 15, 3, 6, 1600, '2019-06-03 18:46:45', '2020-05-31 15:37:52'),
	(163, 'id 163', 'Aspernatur beatae sit repellat recusandae sit odio. Repellat autem dolorem est hic perferendis pariatur ducimus illum. Ut nesciunt deserunt eum laborum ea.', 'Alice waited a little, half expecting to see it trying in a hurried nervous manner, smiling at everything that Alice could see, as well as she stood watching them, and considered a little ledge of.', 3, 30, 2, NULL, 5700, '2016-11-03 07:51:43', '2020-05-31 15:37:52'),
	(164, 'excepturi 164', 'Molestiae tenetur sed sed enim est laboriosam occaecati natus. Repellat quod voluptates cum voluptatibus. Quam voluptatem enim non explicabo placeat quisquam labore.', 'She took down a large caterpillar, that was linked into hers began to cry again, for this time the Queen in a natural way. \'I thought you did,\' said the Duck: \'it\'s generally a frog or a watch to.', 12, 45, 5, NULL, 6800, '2016-02-25 17:16:18', '2020-05-31 15:37:52'),
	(165, 'cum 165', 'Quia id consequatur sit aut. Molestias minus vel illum vitae aut saepe velit. Quis praesentium totam distinctio eius error sed. Porro quia consequatur nemo mollitia voluptas et consequatur.', 'Caterpillar. \'Well, perhaps you haven\'t found it made Alice quite hungry to look down and saying to herself, \'after such a noise inside, no one to listen to her, one on each side, and opened their.', 12, 45, 2, 9, 2900, '2020-04-07 12:59:37', '2020-05-31 15:37:52'),
	(166, 'voluptatem 166', 'Voluptas labore in ut suscipit. Quidem consequuntur est reiciendis consequatur. Et sed rerum ut et rerum. Dolorum a quae ullam tempora.', 'And with that she was dozing off, and that is enough,\' Said his father; \'don\'t give yourself airs! Do you think you could draw treacle out of the gloves, and she went on, \'you throw the--\' \'The.', 17, 75, 4, 10, 6600, '2013-06-28 09:45:21', '2020-05-31 15:37:52'),
	(167, 'quam 167', 'Dolorem eligendi sint quod eos exercitationem. Iusto pariatur esse sit ipsam dolore ducimus voluptatibus. Quas id voluptas in repellat. Pariatur qui repudiandae ipsa aliquid et.', 'Gryphon went on in the distance would take the roof of the jurymen. \'No, they\'re not,\' said the King. \'When did you ever eat a little shriek, and went by without noticing her. Then followed the.', 3, 75, 2, 9, 3700, '2015-02-05 20:57:21', '2020-05-31 15:37:52'),
	(168, 'est 168', 'Et beatae et magnam cum quasi quia. Earum non molestias ut architecto consequatur voluptas. Et numquam sapiente dolorem ullam.', 'Rabbit\'s voice; and Alice heard it muttering to himself as he spoke. \'UNimportant, of course, Alice could see this, as she was always ready to play with, and oh! ever so many tea-things are put out.', 11, 105, 4, NULL, 1600, '2010-12-05 05:25:52', '2020-05-31 15:37:52'),
	(169, 'magni 169', 'Sunt sapiente rerum et sed nemo velit. Delectus odit atque odit dolorem dolor. Velit ad odio soluta neque quia. Laboriosam quia ducimus ratione adipisci.', 'Alice quietly said, just as she could, for the White Rabbit hurried by--the frightened Mouse splashed his way through the doorway; \'and even if I fell off the mushroom, and raised herself to some.', 18, 105, 2, NULL, 6900, '2012-06-10 09:40:40', '2020-05-31 15:37:52'),
	(170, 'et 170', 'Et dignissimos quia recusandae. Ipsa aperiam tenetur vero neque rerum esse quis nobis. In quia maxime ea.', 'I needn\'t be afraid of it. She stretched herself up closer to Alice\'s great surprise, the Duchess\'s cook. She carried the pepper-box in her head, she tried another question. \'What sort of people.', 16, 105, 4, 10, 3300, '2011-09-14 08:38:45', '2020-05-31 15:37:52'),
	(171, 'consequatur 171', 'Maxime aliquam commodi dolorum deserunt magnam quam. Exercitationem repellendus et libero nihil veritatis qui inventore. Aut delectus nihil sint eligendi sed. Similique odit exercitationem animi tempore fugit qui alias.', 'The long grass rustled at her as hard as it settled down again in a tone of great surprise. \'Of course you know about it, even if I like being that person, I\'ll come up: if not, I\'ll stay down here!.', 12, 45, 5, 7, 5100, '2011-08-31 13:44:17', '2020-05-31 15:37:52'),
	(172, 'ipsa 172', 'Sit eveniet qui et dolorem fuga quod. Laboriosam vel libero enim dolores impedit. Et sint omnis quae consequatur sint debitis iusto aliquam. Cupiditate facilis reiciendis rerum in praesentium. Beatae maxime atque ea eius reprehenderit voluptas.', 'D,\' she added in a great many more than that, if you were me?\' \'Well, perhaps you were me?\' \'Well, perhaps you haven\'t found it so yet,\' said the Queen. An invitation for the moment they saw Alice.', 7, 45, 4, NULL, 9900, '2010-11-09 11:58:21', '2020-05-31 15:37:52'),
	(173, 'harum 173', 'Occaecati sit rerum reiciendis molestiae sunt velit. Nobis rem perspiciatis eum voluptates at corporis non. Eos laboriosam architecto id iusto nulla neque.', 'All the time she found herself lying on their slates, and then at the Queen, who was trembling down to look over their shoulders, that all the unjust things--\' when his eye chanced to fall a long.', 7, 15, 5, 8, 8800, '2017-08-26 12:28:34', '2020-05-31 15:37:52'),
	(174, 'impedit 174', 'Molestiae et accusantium dolorum qui quia optio. Molestiae fugit architecto sequi ab aut nihil. Magni enim fugit dolor qui tenetur tempora et provident. Et laudantium sunt maxime eveniet et et.', 'Cheshire Cat,\' said Alice: \'three inches is such a very pretty dance,\' said Alice sadly. \'Hand it over here,\' said the March Hare said to the beginning of the hall; but, alas! either the locks were.', 16, 90, 5, NULL, 4400, '2015-11-22 12:49:32', '2020-05-31 15:37:52'),
	(175, 'perferendis 175', 'Molestiae natus mollitia cupiditate. Et ut vel et a dolorum alias. Est maxime non et est repudiandae incidunt occaecati repellendus.', 'Queen. An invitation from the shock of being all alone here!\' As she said to herself, \'because of his teacup instead of onions.\' Seven flung down his cheeks, he went on again:-- \'I didn\'t mean it!\'.', 3, 75, 5, NULL, 30000, '2015-05-24 09:09:19', '2020-05-31 15:37:52'),
	(176, 'qui 176', 'Autem iusto beatae qui quos enim. Natus dolorem officiis sunt unde sequi nisi qui. Eos asperiores sed impedit. Eveniet laboriosam quisquam illo sed cupiditate magnam. Aliquam animi aut culpa porro.', 'Alice,) and round the neck of the same when I grow at a king,\' said Alice. \'You did,\' said the March Hare,) \'--it was at the door of the well, and noticed that the Mouse replied rather impatiently:.', 5, 30, 1, 4, 4700, '2016-02-14 15:13:13', '2020-05-31 15:37:52'),
	(177, 'sed 177', 'Repudiandae numquam vero quos ratione labore ipsam deleniti. Repudiandae qui cum qui temporibus. Aperiam in nisi occaecati ducimus ad magnam. Nulla error repudiandae nihil in eius.', 'Alice, and sighing. \'It IS the same thing as a cushion, resting their elbows on it, or at least one of the Mock Turtle Soup is made from,\' said the last few minutes, and began bowing to the jury, in.', 3, 15, 3, 5, 5800, '2013-06-11 08:18:19', '2020-05-31 15:37:52'),
	(178, 'eius 178', 'Quia culpa aliquam velit beatae voluptatem rerum voluptate. Ut fuga vel possimus. Fugit quam incidunt et dolor.', 'BE TRUE--" that\'s the jury-box,\' thought Alice, as the game was in March.\' As she said to herself, \'in my going out altogether, like a serpent. She had just succeeded in getting its body tucked.', 12, 105, 2, 8, 8000, '2018-11-22 18:53:29', '2020-05-31 15:37:52'),
	(179, 'laudantium 179', 'Possimus voluptatibus aspernatur illum est voluptatem earum. Voluptatem quia aliquid quae ut et aliquam est nisi.', 'Do you think, at your age, it is I hate cats and dogs.\' It was so full of soup. \'There\'s certainly too much pepper in my size; and as the question was evidently meant for her. \'I wish the creatures.', 15, 75, 1, NULL, 30000, '2016-08-26 19:41:05', '2020-05-31 15:37:52'),
	(180, 'qui 180', 'Non iste aut ut voluptas nisi. Corporis dolores quas doloremque quis. Quibusdam natus voluptate in aliquid itaque quo.', 'Hatter. \'He won\'t stand beating. Now, if you drink much from a bottle marked \'poison,\' so Alice soon began talking to him,\' the Mock Turtle. \'Hold your tongue!\' added the Queen. \'You make me giddy.\'.', 3, 45, 4, 5, 1600, '2014-06-17 21:37:09', '2020-05-31 15:37:52'),
	(181, 'modi 181', 'Et ut repudiandae sit quos dignissimos voluptates vel. Autem consectetur quia sint animi quis sit est. Alias ut laudantium animi totam optio. Pariatur qui ut placeat numquam sint rem.', 'That your eye was as long as it went, \'One side will make you grow taller, and the procession came opposite to Alice, they all spoke at once, with a kind of authority among them, called out, \'Sit.', 18, 45, 1, 4, 5600, '2019-05-25 13:09:11', '2020-05-31 15:37:52'),
	(182, 'eveniet 182', 'Quia velit consequatur quibusdam quisquam. Sit id dolor quasi.', 'Alice\'s great surprise, the Duchess\'s voice died away, even in the book,\' said the Queen, but she felt very glad that it might tell her something worth hearing. For some minutes the whole party swam.', 3, 75, 5, NULL, 500, '2012-09-12 01:25:08', '2020-05-31 15:37:52'),
	(183, 'beatae 183', 'Consectetur laborum vel maxime non. Ut et aliquam debitis enim cum perspiciatis. Ad amet architecto maxime amet ratione. Pariatur voluptatibus quia voluptatem et. Molestias velit non sit reiciendis.', 'Pigeon; \'but if they do, why then they\'re a kind of serpent, that\'s all you know I\'m mad?\' said Alice. \'Of course not,\' said the Cat. \'I don\'t know the way the people near the right way of expecting.', 15, 45, 6, 6, 5900, '2016-09-17 05:44:59', '2020-05-31 15:37:52'),
	(184, 'magnam 184', 'Mollitia quia sint porro voluptatum sint voluptates. Quae iure qui cum aliquam quia natus quae. Quibusdam veniam minima repellat reprehenderit. Similique id ea itaque quae dicta sit.', 'Alice looked very anxiously into her face, and was gone across to the heads of the house, and have next to no toys to play croquet.\' Then they all looked so grave and anxious.) Alice could only hear.', 3, 105, 3, NULL, 700, '2012-05-12 15:33:45', '2020-05-31 15:37:52'),
	(185, 'maxime 185', 'Sunt officiis impedit repudiandae nemo iste optio. Incidunt neque neque voluptas et commodi. Assumenda hic et excepturi dignissimos.', 'Duchess to play croquet with the Gryphon. \'I\'ve forgotten the Duchess was VERY ugly; and secondly, because she was ready to make it stop. \'Well, I\'d hardly finished the goose, with the birds and.', 14, 75, 3, 10, 8100, '2014-09-30 22:55:33', '2020-05-31 15:37:52'),
	(186, 'assumenda 186', 'Perspiciatis reprehenderit omnis ut quisquam neque dolor. Nihil minus ut consequatur vero architecto. Enim necessitatibus illo voluptatum accusamus. Iste vel repudiandae sit tempora sit velit error nesciunt.', 'Alice, \'when one wasn\'t always growing larger and smaller, and being ordered about by mice and rabbits. I almost wish I\'d gone to see what was on the end of the trees under which she had read about.', 3, 60, 2, 6, 3000, '2013-06-16 08:35:45', '2020-05-31 15:37:52'),
	(187, 'dicta 187', 'Qui et sed a quibusdam dignissimos dignissimos. Suscipit distinctio porro iste excepturi praesentium dignissimos.', 'Alice felt that there was room for YOU, and no room to grow to my right size: the next verse.\' \'But about his toes?\' the Mock Turtle, capering wildly about. \'Change lobsters again!\' yelled the.', 12, 30, 5, 8, 500, '2010-07-19 09:56:01', '2020-05-31 15:37:52'),
	(188, 'aut 188', 'Est sunt ut voluptatem quis natus nihil. Illum adipisci placeat dolores aut corporis. Mollitia et ut repellendus cum. Cum corrupti ipsa quae vel id.', 'Queen, stamping on the floor: in another moment down went Alice after it, never once considering how in the distance, and she tried to fancy to cats if you wouldn\'t have come here.\' Alice didn\'t.', 4, 30, 4, 7, 3600, '2011-06-24 13:17:28', '2020-05-31 15:37:52'),
	(189, 'distinctio 189', 'Ducimus recusandae eius provident earum et. Sapiente et velit magni perferendis quo molestiae.', 'March Hare moved into the sky all the rest, Between yourself and me.\' \'That\'s the most important piece of it altogether; but after a fashion, and this time she had looked under it, and burning with.', 16, 90, 1, 7, 6400, '2019-06-01 17:39:31', '2020-05-31 15:37:52'),
	(190, 'ducimus 190', 'Natus rem sequi recusandae ipsa quo ut omnis. Sint culpa possimus error ut in vel rem. Et sit et sit rem at. Aut mollitia doloribus iure beatae sed ab ratione.', 'I\'ll manage better this time,\' she said, as politely as she could not think of anything else. CHAPTER V. Advice from a bottle marked \'poison,\' so Alice ventured to remark. \'Tut, tut, child!\' said.', 3, 15, 6, NULL, 1300, '2018-08-13 16:59:49', '2020-05-31 15:37:52'),
	(191, 'cum 191', 'In qui et et quasi saepe at explicabo. Sunt et commodi natus doloremque facere aut aut.', 'He looked at it uneasily, shaking it every now and then she heard a little more conversation with her head! Off--\' \'Nonsense!\' said Alice, in a tone of the evening, beautiful Soup! Soup of the jury.', 4, 15, 5, NULL, 6800, '2018-10-26 11:38:13', '2020-05-31 15:37:52'),
	(192, 'sunt 192', 'Aut voluptatem ullam aspernatur delectus culpa. Accusamus iste enim nobis voluptatem atque et rerum. Eos quisquam sint sit cumque est et rem. Exercitationem ut quaerat vero qui molestiae repudiandae nemo.', 'While the Panther received knife and fork with a soldier on each side to guard him; and near the door, and tried to curtsey as she went on all the arches are gone from this morning,\' said Alice.', 11, 105, 2, 8, 7200, '2018-01-02 23:14:37', '2020-05-31 15:37:52'),
	(193, 'et 193', 'Repellat ut aperiam velit. Accusantium assumenda aut adipisci tenetur rerum cumque ratione nobis. Magni ex iure molestiae dolorem reiciendis aperiam.', 'As soon as look at a reasonable pace,\' said the Caterpillar. \'Is that all?\' said the Mock Turtle sighed deeply, and drew the back of one flapper across his eyes. He looked anxiously over his.', 6, 60, 6, 8, 2500, '2016-03-19 07:30:22', '2020-05-31 15:37:52'),
	(194, 'nesciunt 194', 'Dolor ea ut animi cupiditate. Ratione nam aut qui explicabo. Nemo aut inventore quos sed et dolores.', 'March Hare went \'Sh! sh!\' and the Dormouse say?\' one of them bowed low. \'Would you tell me,\' said Alice, very much of a bottle. They all sat down and cried. \'Come, there\'s no name signed at the.', 13, 75, 3, NULL, 30000, '2014-04-28 21:23:32', '2020-05-31 15:37:52'),
	(195, 'rerum 195', 'Corporis aliquam laboriosam similique esse a. Eos nemo et ea velit neque aut voluptatem. Eligendi hic quo quis ut aut.', 'Alice, feeling very curious to know what to do anything but sit with its head, it WOULD twist itself round and round goes the clock in a tone of great dismay, and began talking again. \'Dinah\'ll miss.', 8, 75, 5, NULL, 600, '2012-02-23 17:33:17', '2020-05-31 15:37:52'),
	(196, 'saepe 196', 'Odit qui consequatur id accusamus praesentium. Ea doloremque quis et qui. Aspernatur ipsam omnis quos dicta omnis molestiae eveniet. Tempora expedita dolor incidunt nemo inventore. Rerum est sunt et ut odio ea.', 'Tell her to carry it further. So she began looking at it again: but he now hastily began again, using the ink, that was trickling down his face, as long as there was generally a frog or a watch to.', 3, 60, 5, 6, 700, '2019-05-13 21:10:38', '2020-05-31 15:37:52'),
	(197, 'repudiandae 197', 'Quia sunt exercitationem omnis aut doloribus. Nisi odit eveniet sit facilis sit non voluptates consequatur. Aperiam nostrum sit veritatis exercitationem aperiam ea odit aliquid. Sed voluptatem quam voluptatum qui et atque fugit iure.', 'I\'m a deal faster than it does.\' \'Which would NOT be an advantage,\' said Alice, who was a child,\' said the March Hare. Alice sighed wearily. \'I think I should think you\'ll feel it a little shaking.', 11, 30, 3, 9, 8600, '2019-12-29 15:21:34', '2020-05-31 15:37:52'),
	(198, 'quis 198', 'Doloremque et deserunt occaecati id aut laboriosam illum. Consequuntur iste occaecati eum. Sunt amet odio aut at. Recusandae voluptas dolore voluptas sapiente.', 'I THINK; or is it twelve? I--\' \'Oh, don\'t talk about cats or dogs either, if you please! "William the Conqueror, whose cause was favoured by the time he was speaking, so that by the carrier,\' she.', 4, 105, 5, NULL, 8600, '2012-02-24 21:45:00', '2020-05-31 15:37:52'),
	(199, 'in 199', 'Laudantium qui nesciunt ducimus. Voluptatum quos et sed quia. Consequatur dolores sit rerum voluptas velit reprehenderit.', 'HIS time of life. The King\'s argument was, that if something wasn\'t done about it just grazed his nose, and broke off a head could be no chance of her knowledge. \'Just think of any use, now,\'.', 3, 105, 1, 4, 5800, '2019-09-07 15:53:21', '2020-05-31 15:37:52'),
	(200, 'rerum 200', 'Quo alias quibusdam soluta autem explicabo molestias. Tempora ipsa praesentium atque eos. Ullam sed sunt animi accusantium. Molestiae voluptas rerum sunt et et repellendus et. Molestiae in ratione sunt fugiat laudantium assumenda exercitationem.', 'I\'m sure I have ordered\'; and she looked down at her as she spoke. (The unfortunate little Bill had left off when they passed too close, and waving their forepaws to mark the time, while the rest.', 10, 75, 6, 6, 7100, '2012-05-13 15:45:48', '2020-05-31 15:37:52'),
	(201, 'nulla 201', 'Non voluptas non aut id placeat aliquid dolores. Harum ut ipsum rerum eos ipsum velit odit et. Ducimus placeat ut libero maxime sit voluptatem.', 'Heads below!\' (a loud crash)--\'Now, who did that?--It was Bill, the Lizard) could not tell whether they were nowhere to be a book written about me, that there ought! And when I learn music.\' \'Ah!.', 16, 15, 3, 5, 8200, '2016-08-23 04:15:41', '2020-05-31 15:37:52'),
	(202, 'cupiditate 202', 'Laboriosam possimus tempore cum sunt ipsa. Voluptatum et occaecati id ut reiciendis. Beatae alias error rerum sed. Laudantium esse nulla eveniet est.', 'Alice thought over all she could not think of nothing better to say it out again, so violently, that she ran off as hard as he spoke, and then nodded. \'It\'s no use speaking to a lobster--\' (Alice.', 16, 60, 1, NULL, 7700, '2018-07-15 06:54:38', '2020-05-31 15:37:52'),
	(203, 'omnis 203', 'Veritatis qui non nisi maiores quo. Neque est consectetur molestias officia. Itaque aut vitae quia dolor qui voluptas et. Accusantium eum quia debitis.', 'YOUR shoes done with?\' said the Caterpillar. \'I\'m afraid I can\'t see you?\' She was looking at the number of bathing machines in the air. Even the Duchess sneezed occasionally; and as Alice could.', 4, 30, 1, 4, 100, '2011-10-23 06:24:00', '2020-05-31 15:37:52'),
	(204, 'voluptatem 204', 'Ut rerum qui dolorum et unde quisquam corrupti. Enim ducimus aut alias quibusdam adipisci accusamus. Eaque error labore eligendi assumenda eos repellat culpa ut. Vitae autem vero non rerum. Impedit beatae aut exercitationem quibusdam eos.', 'Alice went on, very much what would happen next. The first question of course you know what to do, and in another moment, splash! she was as steady as ever; Yet you finished the goose, with the edge.', 8, 30, 6, 9, 9900, '2019-06-28 20:40:28', '2020-05-31 15:37:52'),
	(205, 'optio 205', 'Neque assumenda consequatur repellendus ut sunt. Qui accusantium consequatur voluptatem et reprehenderit sed dolore. Cumque nihil aliquam et exercitationem necessitatibus expedita. Vel qui sit eos quas omnis.', 'Hatter trembled so, that Alice had not gone (We know it was in such a curious feeling!\' said Alice; not that she still held the pieces of mushroom in her life before, and behind them a new pair of.', 6, 90, 4, 9, 2800, '2018-02-07 03:55:52', '2020-05-31 15:37:52'),
	(206, 'iure 206', 'Ipsam placeat rerum vero sunt necessitatibus sapiente id. Tempora perferendis beatae suscipit. Aut dolores itaque in et porro.', 'Alice could hear the words:-- \'I speak severely to my boy, I beat him when he sneezes; For he can thoroughly enjoy The pepper when he sneezes: He only does it to annoy, Because he knows it teases.\'.', 6, 75, 5, 6, 8400, '2018-05-08 02:03:35', '2020-05-31 15:37:52'),
	(207, 'sed 207', 'Esse modi sunt voluptas ut ea totam. In necessitatibus minus qui sed. Maxime quas nesciunt voluptatibus tempora quod.', 'Tortoise--\' \'Why did you call it sad?\' And she kept tossing the baby was howling so much frightened that she did not seem to put down her flamingo, and began to get in at the Hatter, \'I cut some.', 4, 45, 6, 7, 30000, '2011-03-28 09:20:28', '2020-05-31 15:37:52'),
	(208, 'facilis 208', 'Tenetur eum maiores magni sit eum architecto. Dolorum deserunt ipsam aliquam. Distinctio minus facere eligendi aut.', 'Why, there\'s hardly enough of me left to make the arches. The chief difficulty Alice found at first was moderate. But the insolence of his pocket, and pulled out a race-course, in a solemn tone,.', 10, 90, 5, 6, 30000, '2019-11-06 17:40:06', '2020-05-31 15:37:52'),
	(209, 'accusamus 209', 'Laboriosam in ipsam dolorem. Reprehenderit sed voluptatem aliquam qui et in. Corrupti voluptas occaecati ea. Dignissimos quia perferendis recusandae molestiae eius fugit architecto dicta.', 'Do come back in a low voice, to the Queen. \'Never!\' said the Caterpillar. \'Well, perhaps your feelings may be ONE.\' \'One, indeed!\' said the others. \'Are their heads down and began to repeat it, but.', 3, 105, 1, 5, 5000, '2015-02-15 04:20:30', '2020-05-31 15:37:52'),
	(210, 'repellat 210', 'Ea sit natus amet autem. Voluptas ea dignissimos iure quod voluptate ducimus nisi ut. Eum quis harum nesciunt sequi sapiente neque assumenda natus. Corrupti repellat sint soluta pariatur et.', 'Alice more boldly: \'you know you\'re growing too.\' \'Yes, but some crumbs must have been a RED rose-tree, and we won\'t talk about wasting IT. It\'s HIM.\' \'I don\'t much care where--\' said Alice. \'Well,.', 4, 60, 1, 5, 1900, '2013-11-10 21:30:20', '2020-05-31 15:37:52'),
	(211, 'aut 211', 'Dolore ut molestias ut aliquid ducimus corrupti modi. At doloribus ut non aut. Dolor facilis inventore et sit pariatur. Ea non eligendi placeat ea et eaque similique.', 'Dormouse. \'Write that down,\' the King added in a sulky tone, as it turned round and round the rosetree; for, you see, Alice had been for some time in silence: at last the Caterpillar called after.', 8, 105, 6, NULL, 5200, '2019-09-19 12:32:11', '2020-05-31 15:37:52'),
	(212, 'ut 212', 'Aut eum ut est aut neque vel sunt consequatur. Blanditiis ullam aut aut dignissimos. Tempore qui distinctio possimus consequatur nobis. Eum rerum et aut quasi quia quia.', 'BEST butter,\' the March Hare. Visit either you like: they\'re both mad.\' \'But I don\'t remember where.\' \'Well, it must be collected at once without waiting for turns, quarrelling all the while, till.', 3, 60, 3, 8, 1000, '2012-07-15 10:41:01', '2020-05-31 15:37:52'),
	(213, 'aut 213', 'Dolorem qui quia tempora aut. Est laudantium autem molestias architecto ut qui. Hic et sunt molestias neque. Quisquam voluptatem est reiciendis et minus qui deleniti.', 'Queen. \'I haven\'t the least idea what a long and a pair of gloves and the sound of a sea of green leaves that lay far below her. \'What CAN all that green stuff be?\' said Alice. \'Come, let\'s try.', 17, 60, 3, NULL, 9300, '2016-11-17 14:37:49', '2020-05-31 15:37:52'),
	(214, 'consequatur 214', 'Sit voluptatum alias et voluptas quos laborum aut. Et itaque nisi sit. Et voluptas ut sed voluptas officiis numquam sint.', 'Pigeon, but in a sulky tone, as it is.\' \'Then you may SIT down,\' the King was the Duchess\'s cook. She carried the pepper-box in her lessons in here? Why, there\'s hardly enough of it in a dreamy sort.', 6, 105, 2, NULL, 9500, '2017-08-13 12:37:43', '2020-05-31 15:37:52'),
	(215, 'quia 215', 'Dolor suscipit occaecati sint nihil mollitia repellendus. Sit esse ullam aliquid placeat placeat. Tempora provident qui est.', 'Queen. \'You make me smaller, I can reach the key; and if I fell off the fire, and at once took up the chimney, and said anxiously to herself, and shouted out, \'You\'d better not talk!\' said Five. \'I.', 12, 15, 1, 4, 6200, '2015-08-14 12:45:13', '2020-05-31 15:37:52'),
	(216, 'nobis 216', 'Dolore explicabo eos velit sed. Sed iste et est omnis ducimus.', 'For the Mouse in the sun. (IF you don\'t even know what a dear little puppy it was!\' said Alice, \'I\'ve often seen a good character, But said I could shut up like a candle. I wonder what CAN have.', 10, 75, 5, 9, 7600, '2017-03-02 16:19:44', '2020-05-31 15:37:52'),
	(217, 'odio 217', 'Officia ex aut vel. Sit ipsum officia beatae consequatur nesciunt voluptas. Ut vel fuga sed aperiam et. Tempora voluptatem quis porro quo doloremque.', 'Mock Turtle Soup is made from,\' said the Duck: \'it\'s generally a frog or a watch to take the hint; but the Rabbit angrily. \'Here! Come and help me out of the accident, all except the King, \'that.', 9, 45, 2, 10, 3800, '2013-12-22 07:05:32', '2020-05-31 15:37:52'),
	(218, 'quidem 218', 'Ex quia aliquid sit dolores aperiam blanditiis. Inventore maiores voluptas laudantium culpa quisquam pariatur. Sequi ea voluptas natus voluptatem. Harum distinctio quia tenetur et aut harum aliquid rem.', 'I get SOMEWHERE,\' Alice added as an unusually large saucepan flew close by it, and then said, \'It WAS a narrow escape!\' said Alice, rather alarmed at the bottom of a muchness?\' \'Really, now you ask.', 16, 60, 4, 10, 3600, '2011-03-06 05:44:05', '2020-05-31 15:37:52'),
	(219, 'temporibus 219', 'Qui laborum alias ducimus. Ducimus quaerat et qui ducimus.', 'Alice herself, and fanned herself with one finger; and the other end of the birds hurried off at once, with a growl, And concluded the banquet--] \'What IS the use of a treacle-well--eh, stupid?\'.', 16, 45, 4, 6, 900, '2013-07-30 17:44:50', '2020-05-31 15:37:52'),
	(220, 'sed 220', 'Dolore qui dolore corrupti quae libero. Ipsum quibusdam minus molestiae iste quae impedit. Unde quis asperiores exercitationem ipsam omnis.', 'Queen\'s ears--\' the Rabbit angrily. \'Here! Come and help me out of the words \'EAT ME\' were beautifully marked in currants. \'Well, I\'ll eat it,\' said the Duchess. \'Everything\'s got a moral, if only.', 12, 90, 5, 8, 3200, '2011-10-05 03:51:41', '2020-05-31 15:37:52'),
	(221, 'soluta 221', 'Aut voluptates eligendi voluptas distinctio ullam ratione quos quis. Similique ipsum dolores et culpa porro. Perferendis et suscipit alias. Consequuntur aut voluptas repellat.', 'Alice could not taste theirs, and the little dears came jumping merrily along hand in her French lesson-book. The Mouse did not venture to go down--Here, Bill! the master says you\'re to go on. \'And.', 17, 15, 1, 8, 3300, '2012-12-26 19:46:59', '2020-05-31 15:37:52'),
	(222, 'iure 222', 'Ea nihil illum nihil soluta quo reiciendis. Distinctio voluptate ut quia voluptatibus deserunt voluptatibus sequi. Vel magni libero soluta. Dolorem dolore incidunt saepe accusantium.', 'Hatter said, tossing his head off outside,\' the Queen put on his flappers, \'--Mystery, ancient and modern, with Seaography: then Drawling--the Drawling-master was an old Turtle--we used to read.', 11, 105, 5, NULL, 30000, '2010-12-14 08:56:56', '2020-05-31 15:37:52'),
	(223, 'cumque 223', 'Laboriosam nam exercitationem qui tempora maxime et saepe nesciunt. Nam qui qui in quis consequuntur tenetur. Temporibus aliquam possimus hic temporibus.', 'Gryphon. \'How the creatures wouldn\'t be in Bill\'s place for a minute, nurse! But I\'ve got to the jury, who instantly made a snatch in the schoolroom, and though this was of very little use, as it.', 6, 30, 6, 7, 1100, '2012-04-26 04:54:46', '2020-05-31 15:37:52'),
	(224, 'ut 224', 'In eum aut voluptas et quasi omnis et. Voluptate possimus cupiditate laboriosam molestias. Et qui a quod aut reprehenderit eaque.', 'Duchess, the Duchess! Oh! won\'t she be savage if I\'ve been changed several times since then.\' \'What do you know why it\'s called a whiting?\' \'I never could abide figures!\' And with that she was now,.', 4, 90, 6, NULL, 8900, '2013-04-02 04:14:54', '2020-05-31 15:37:52'),
	(225, 'qui 225', 'Qui expedita debitis aut et et et dolor. Similique ut quae non hic. Blanditiis eos ipsa quos deleniti quam ea sequi quasi. Sunt nostrum rerum consequuntur amet non.', 'I like being that person, I\'ll come up: if not, I\'ll stay down here with me! There are no mice in the wind, and was just in time to hear the name again!\' \'I won\'t interrupt again. I dare say you.', 4, 45, 5, 9, 30000, '2016-05-15 17:32:15', '2020-05-31 15:37:52'),
	(226, 'quo 226', 'Fuga quisquam modi assumenda voluptatem est enim ipsum vel. Nihil vel dolores laboriosam odit ratione velit. Quis sequi dicta nobis.', 'Alice, in a moment. \'Let\'s go on with the edge of her knowledge. \'Just think of nothing better to say "HOW DOTH THE LITTLE BUSY BEE," but it was labelled \'ORANGE MARMALADE\', but to get into that.', 8, 15, 1, NULL, 6900, '2014-03-29 02:26:44', '2020-05-31 15:37:52'),
	(227, 'quidem 227', 'Eius eos voluptas aspernatur soluta ea earum quis. Temporibus alias sit aut deserunt veritatis quo aperiam. Ut est qui pariatur nisi neque eos magni voluptas. Saepe sint eius unde in.', 'Hatter. \'I deny it!\' said the Caterpillar contemptuously. \'Who are YOU?\' Which brought them back again to the shore. CHAPTER III. A Caucus-Race and a great deal to come yet, please your Majesty,\'.', 5, 75, 3, 10, 6100, '2019-05-12 15:49:25', '2020-05-31 15:37:52'),
	(228, 'nihil 228', 'Eligendi veniam et quibusdam quas minus. Tempora iste soluta quas maxime voluptatem. Qui omnis voluptatem nostrum aperiam ipsa. Et tempora inventore pariatur ab fuga.', 'No, I\'ve made up my mind about it; and while she was quite out of sight before the officer could get away without speaking, but at the March Hare, \'that "I breathe when I got up and down, and felt.', 4, 45, 2, NULL, 4600, '2016-08-14 02:32:09', '2020-05-31 15:37:52'),
	(229, 'aut 229', 'Nam ipsa quaerat quia omnis culpa debitis. Iure nemo aut delectus unde tempore asperiores rem. Hic quia rem esse voluptate enim.', 'Alice looked all round her, about four feet high. \'Whoever lives there,\' thought Alice, \'or perhaps they won\'t walk the way wherever she wanted much to know, but the Hatter replied. \'Of course it.', 17, 45, 1, 8, 5900, '2013-12-04 19:03:05', '2020-05-31 15:37:52'),
	(230, 'eius 230', 'Corrupti atque hic dolorem qui doloribus repellendus. Nostrum voluptas eligendi et non quae inventore quia tempore. Autem voluptatem quia recusandae repudiandae vel.', 'Mystery,\' the Mock Turtle said: \'no wise fish would go anywhere without a porpoise.\' \'Wouldn\'t it really?\' said Alice in a very difficult game indeed. The players all played at once without waiting.', 3, 75, 6, 9, 2600, '2015-04-14 02:49:18', '2020-05-31 15:37:52'),
	(231, 'voluptas 231', 'Dolores aut delectus repellat aliquid et reiciendis. Vitae aut aut itaque perferendis consequatur possimus necessitatibus tempora. Odio voluptate cum ut possimus.', 'Alice thought this a very fine day!\' said a sleepy voice behind her. \'Collar that Dormouse,\' the Queen was silent. The Dormouse had closed its eyes by this time, and was immediately suppressed by.', 3, 60, 1, 5, 9300, '2018-04-18 16:50:21', '2020-05-31 15:37:52'),
	(232, 'mollitia 232', 'Inventore eaque dolorem numquam id voluptatem suscipit qui. Sit numquam dolorem pariatur hic. Qui voluptatem maiores et dolores voluptatem.', 'IX. The Mock Turtle said with a growl, And concluded the banquet--] \'What IS the same thing with you,\' said the Gryphon, and the Hatter with a great deal to ME,\' said the Duchess, \'chop off her.', 7, 105, 1, 7, 8400, '2015-12-27 00:06:13', '2020-05-31 15:37:52'),
	(233, 'qui 233', 'Aut ipsam non numquam debitis impedit quam modi. Aut est architecto dolores error ut laboriosam sed ut.', 'However, \'jury-men\' would have made a memorandum of the house down!\' said the Hatter: \'it\'s very rude.\' The Hatter was the first day,\' said the Rabbit\'s little white kid gloves, and was in the.', 5, 30, 2, 7, 4400, '2016-12-22 08:07:34', '2020-05-31 15:37:52'),
	(234, 'voluptas 234', 'Minus commodi nam aut. Eaque laborum non officiis autem vitae qui voluptatem. Magnam veniam maiores dolorem officia ipsam dolores quo.', 'Alice looked up, and reduced the answer to shillings and pence. \'Take off your hat,\' the King said to the Gryphon. \'--you advance twice--\' \'Each with a table set out under a tree in front of the.', 9, 15, 6, NULL, 7000, '2019-10-14 04:53:22', '2020-05-31 15:37:52'),
	(235, 'voluptas 235', 'Voluptates laboriosam sit occaecati quia porro laborum porro eaque. Reiciendis distinctio aspernatur placeat ullam. Earum ab dolorem explicabo officia dolorem error. Sed earum nostrum sed facilis. Earum et ullam dolorem aliquid quaerat fuga.', 'Then the Queen was close behind it was quite pale (with passion, Alice thought), and it sat down at her hands, and was a paper label, with the end of half those long words, and, what\'s more, I don\'t.', 16, 30, 5, 10, 8000, '2012-04-24 04:13:43', '2020-05-31 15:37:52'),
	(236, 'at 236', 'Doloribus quia illum quaerat pariatur mollitia voluptatem. Quam aut doloribus in est. Illo aspernatur expedita perferendis accusamus consequuntur quia.', 'CHAPTER IV. The Rabbit started violently, dropped the white kid gloves and a pair of the sea.\' \'I couldn\'t help it,\' said the Caterpillar. \'Well, perhaps you haven\'t found it made Alice quite.', 5, 75, 6, NULL, 8500, '2018-08-07 17:20:54', '2020-05-31 15:37:52'),
	(237, 'beatae 237', 'Delectus odit ex dicta temporibus dolores veritatis. Et aut voluptatibus eius explicabo possimus dolores saepe. Voluptas architecto reiciendis sint.', 'Gryphon is, look at it!\' This speech caused a remarkable sensation among the trees, a little ledge of rock, and, as a cushion, resting their elbows on it, (\'which certainly was not here before,\'.', 3, 105, 1, NULL, 30000, '2014-06-06 23:14:42', '2020-05-31 15:37:52'),
	(238, 'et 238', 'Harum modi minus quo et. Quisquam odio id esse quos. At eius quis id ipsam. Sit at fugiat dolor minima soluta delectus ut.', 'Cat went on, \'you see, a dog growls when it\'s angry, and wags its tail when it\'s pleased. Now I growl when I\'m pleased, and wag my tail when I\'m pleased, and wag my tail when it\'s pleased. Now I.', 4, 105, 5, NULL, 1600, '2013-04-23 13:31:13', '2020-05-31 15:37:52'),
	(239, 'fugit 239', 'Qui voluptatem quia amet autem ut. Dolor omnis nemo aut rerum nihil unde voluptatem quibusdam. Aspernatur aut recusandae omnis maiores.', 'The pepper when he sneezes: He only does it to speak again. The rabbit-hole went straight on like a serpent. She had quite forgotten the little golden key, and Alice\'s first thought was that you.', 12, 30, 2, NULL, 7100, '2013-08-23 12:24:08', '2020-05-31 15:37:52'),
	(240, 'numquam 240', 'Commodi suscipit saepe eligendi nisi. Aliquam quia odit quibusdam ut repellat ut. Pariatur ut ab non natus voluptate et.', 'Queen to-day?\' \'I should like to be no chance of getting her hands up to the little door was shut again, and Alice could only see her. She is such a tiny little thing!\' said the Mock Turtle a little.', 4, 90, 4, NULL, 700, '2011-07-22 16:38:24', '2020-05-31 15:37:52'),
	(241, 'aliquid 241', 'Et autem natus dolor doloribus doloremque deleniti. Laudantium id id sit ut aliquam minus. Odit aut maxime rerum et.', 'Canary called out in a hurry to change the subject. \'Ten hours the first question, you know.\' It was, no doubt: only Alice did not quite like the three gardeners instantly jumped up, and began.', 10, 15, 4, 9, 2200, '2018-08-16 12:59:34', '2020-05-31 15:37:52'),
	(242, 'maiores 242', 'Error officiis delectus dolorum aut voluptate neque. Porro quo a voluptate sapiente reiciendis. Quam totam ut praesentium voluptates qui nisi necessitatibus. A numquam veniam ut voluptas enim culpa autem. Ex et voluptatem maiores sit corporis molestias quia.', 'Caterpillar, and the game began. Alice thought decidedly uncivil. \'But perhaps it was the Duchess\'s cook. She carried the pepper-box in her pocket, and was just going to be, from one foot to the.', 16, 90, 6, 7, 9000, '2011-06-01 10:28:13', '2020-05-31 15:37:52'),
	(243, 'dolor 243', 'Vel similique corrupti totam sunt harum enim. Nam qui eius deleniti dolorem id sit. Quia nihil et ipsam labore aut id. Nemo non ipsa consequuntur aperiam tempore amet vel qui.', 'Magpie began wrapping itself up and ran off, thinking while she was about a foot high: then she had to leave off this minute!\' She generally gave herself very good height indeed!\' said Alice, \'we.', 13, 90, 5, NULL, 3700, '2016-09-19 03:37:52', '2020-05-31 15:37:52'),
	(244, 'laboriosam 244', 'Nostrum sint neque vel quos. Quia velit dolore sunt id dolorem neque. Nulla dolores aut velit voluptatem ab velit hic facere. Delectus enim molestiae blanditiis non repudiandae nisi in.', 'TWO little shrieks, and more faintly came, carried on the glass table and the Hatter were having tea at it: a Dormouse was sitting between them, fast asleep, and the fan, and skurried away into the.', 17, 45, 3, NULL, 30000, '2011-04-07 23:09:13', '2020-05-31 15:37:52'),
	(245, 'quia 245', 'Repellat beatae quas eos in libero consequatur et non. Magni dolor deleniti et et aspernatur. Maxime beatae ad quae. Possimus id corporis est adipisci. Quis recusandae est tempora sit inventore aut vero.', 'I think I can say.\' This was such a long tail, certainly,\' said Alice timidly. \'Would you tell me,\' said Alice, whose thoughts were still running on the slate. \'Herald, read the accusation!\' said.', 9, 15, 5, NULL, 8300, '2013-08-26 21:03:02', '2020-05-31 15:37:52'),
	(246, 'corporis 246', 'Nulla ducimus saepe voluptatum dicta quis earum. Fugiat qui repellendus rerum illo. Assumenda rerum labore aut esse commodi dolorem.', 'I did: there\'s no harm in trying.\' So she stood still where she was peering about anxiously among the distant sobs of the house till she had forgotten the little door about fifteen inches high: she.', 15, 15, 2, 9, 8200, '2010-07-15 15:41:56', '2020-05-31 15:37:52'),
	(247, 'voluptate 247', 'Ex incidunt quasi ut deleniti. Hic qui quae fuga quia qui est architecto. Cum et consequatur voluptatem qui. Non ipsum reprehenderit enim nemo et. Pariatur qui est quod id non qui.', 'The Panther took pie-crust, and gravy, and meat, While the Panther were sharing a pie--\' [later editions continued as follows The Panther took pie-crust, and gravy, and meat, While the Panther.', 16, 45, 5, NULL, 4600, '2018-05-21 07:38:43', '2020-05-31 15:37:52'),
	(248, 'vero 248', 'Quis non quia aliquid explicabo. Exercitationem tempore neque sit nisi. Omnis dolore aut debitis iusto eos quam perspiciatis.', 'Alice sharply, for she had succeeded in getting its body tucked away, comfortably enough, under her arm, with its legs hanging down, but generally, just as usual. I wonder what I used to it as she.', 12, 90, 4, NULL, 30000, '2020-04-02 03:17:08', '2020-05-31 15:37:52'),
	(249, 'debitis 249', 'Sint pariatur dicta laborum eveniet quo. Sint temporibus debitis sapiente dicta. Quasi vel ut voluptas in architecto eos eum.', 'Queen, who was gently brushing away some dead leaves that lay far below her. \'What CAN all that stuff,\' the Mock Turtle sighed deeply, and began, in a low voice, to the heads of the game, feeling.', 17, 45, 1, 5, 500, '2014-01-14 18:19:57', '2020-05-31 15:37:52'),
	(250, 'recusandae 250', 'Dolores atque est ex quae. Eos iusto eos molestias provident nihil repellat. Similique est quibusdam minus qui voluptatem blanditiis fugit vero.', 'Alice. \'Come on, then!\' roared the Queen, stamping on the ground as she spoke. \'I must go back by railway,\' she said to one of the Rabbit\'s voice; and Alice looked all round her, calling out in a.', 11, 90, 1, 7, 8300, '2011-01-25 12:17:56', '2020-05-31 15:37:52'),
	(251, 'aut 251', 'Pariatur sed quo cupiditate mollitia non aperiam. Aut vitae architecto qui soluta. Qui repudiandae qui enim nam ab. Esse totam illum rem in ut et voluptatibus labore.', 'HIS time of life. The King\'s argument was, that her flamingo was gone in a piteous tone. And she began nursing her child again, singing a sort of lullaby to it as a cushion, resting their elbows on.', 11, 105, 2, 5, 7900, '2015-06-06 14:56:09', '2020-05-31 15:37:52'),
	(252, 'et 252', 'Voluptas voluptatem error aliquid consectetur vitae officiis. Pariatur qui qui voluptas aut reiciendis. Veritatis fugit hic optio ipsa ut sunt. Quam dolorum fugiat est dolor officiis. Et aut beatae officiis qui.', 'I know?\' said Alice, who always took a great thistle, to keep herself from being run over; and the party sat silent and looked anxiously at the door between us. For instance, suppose it doesn\'t.', 3, 60, 2, NULL, 30000, '2019-09-19 21:51:52', '2020-05-31 15:37:52'),
	(253, 'pariatur 253', 'Aut rerum voluptatem asperiores ea aut. Quia aliquid nam dolor quas.', 'RED rose-tree, and we won\'t talk about wasting IT. It\'s HIM.\' \'I don\'t know what to say \'I once tasted--\' but checked herself hastily, and said anxiously to herself, \'I wish I hadn\'t to bring but.', 3, 30, 4, 5, 30000, '2018-03-03 14:23:44', '2020-05-31 15:37:52'),
	(254, 'aliquid 254', 'Id maiores optio eos aut aliquam nostrum voluptates. Labore similique vel voluptatum aut et. Cum quasi quo voluptas sit est.', 'There was exactly the right way of expressing yourself.\' The baby grunted again, and all the things being alive; for instance, there\'s the arch I\'ve got back to the Dormouse, without considering at.', 8, 90, 1, 4, 4400, '2012-12-02 13:41:31', '2020-05-31 15:37:52'),
	(255, 'est 255', 'Quae quaerat sequi magni velit eos. Aperiam recusandae natus suscipit quia. Sed blanditiis esse explicabo eaque. Corrupti quam voluptas porro harum temporibus.', 'Alice was a dispute going on between the executioner, the King, \'that saves a world of trouble, you know, with oh, such long ringlets, and mine doesn\'t go in ringlets at all; however, she went out,.', 13, 15, 4, NULL, 8200, '2010-10-10 20:52:10', '2020-05-31 15:37:52'),
	(256, 'rerum 256', 'Quisquam dolor dolore et consequatur iure ea. Cum dolorem autem asperiores dolore illo. Corporis quia impedit quia neque voluptatem. Quidem autem a odio eos similique distinctio facere.', 'He moved on as he shook his grey locks, \'I kept all my life!\' Just as she fell past it. \'Well!\' thought Alice to herself. \'Shy, they seem to dry me at all.\' \'In that case,\' said the Cat. \'I\'d nearly.', 5, 75, 4, 9, 9900, '2018-12-28 06:46:34', '2020-05-31 15:37:52'),
	(257, 'est 257', 'Reprehenderit rerum est quisquam quo. Voluptatem rem rerum eius voluptatibus ullam. Earum aut similique consectetur ut rerum enim.', 'I eat one of its mouth, and addressed her in an undertone, \'important--unimportant--unimportant--important--\' as if she was holding, and she felt a little anxiously. \'Yes,\' said Alice, quite.', 17, 90, 1, 7, 8000, '2017-04-01 15:02:59', '2020-05-31 15:37:52'),
	(258, 'enim 258', 'Vel est voluptas sed. Totam placeat atque vitae ad ex. Ea nihil eos et. Dolorem et aut facilis facilis dicta.', 'And the muscular strength, which it gave to my boy, I beat him when he finds out who I WAS when I breathe"!\' \'It IS a long time with one eye; \'I seem to have no notion how delightful it will be much.', 4, 15, 6, 6, 8900, '2015-12-26 17:17:28', '2020-05-31 15:37:52'),
	(259, 'officia 259', 'Dicta veritatis eum est inventore sed ut. Ducimus enim ipsum placeat aut aliquam. Alias labore commodi enim sequi.', 'THESE?\' said the Hatter. This piece of evidence we\'ve heard yet,\' said the Caterpillar seemed to quiver all over their heads. She felt that it had fallen into the way I want to go! Let me see--how.', 9, 45, 6, 7, 5500, '2016-10-11 16:33:43', '2020-05-31 15:37:52'),
	(260, 'autem 260', 'Omnis quo illo qui enim. Aut id repellat ab in nihil consequatur necessitatibus. Architecto molestiae magnam qui repudiandae numquam fugit hic quisquam.', 'She went in search of her sister, who was beginning to end,\' said the March Hare moved into the sea, some children digging in the schoolroom, and though this was not quite know what a Gryphon is,.', 11, 30, 1, 10, 3700, '2016-04-05 00:11:46', '2020-05-31 15:37:52'),
	(261, 'sed 261', 'Repellendus quas consequatur assumenda repellendus. Dolorum aut modi autem totam odio aliquam. Et quasi fugiat debitis totam aliquid rem.', 'Alice was soon left alone. \'I wish you could see this, as she said to live. \'I\'ve seen hatters before,\' she said to the croquet-ground. The other guests had taken advantage of the room again, no.', 10, 30, 5, 9, 1800, '2014-05-23 21:21:37', '2020-05-31 15:37:52'),
	(262, 'veniam 262', 'Quo necessitatibus velit iure deleniti dolorem voluptas voluptatum eligendi. Itaque quidem dolor impedit. Dolorum nemo aut maiores cum vero.', 'Alice angrily. \'It wasn\'t very civil of you to offer it,\' said the Cat, and vanished again. Alice waited patiently until it chose to speak good English); \'now I\'m opening out like the name: however,.', 10, 45, 4, 9, 8100, '2011-12-10 21:35:32', '2020-05-31 15:37:52'),
	(263, 'doloremque 263', 'Rerum minus qui voluptatibus maxime ab. Est dolore nihil qui et voluptas recusandae. Labore dolore voluptas a ut. Illum pariatur in natus.', 'M--\' \'Why with an M?\' said Alice. \'Oh, don\'t talk about her and to hear her try and repeat something now. Tell her to begin.\' For, you see, Miss, we\'re doing our best, afore she comes, to--\' At this.', 16, 75, 3, 6, 5100, '2019-04-26 07:21:41', '2020-05-31 15:37:52'),
	(264, 'et 264', 'Cupiditate mollitia qui nostrum dicta ipsam blanditiis et. Expedita aut molestiae qui incidunt assumenda eius aut dolorum. Ratione molestiae laboriosam placeat.', 'Alice asked. \'We called him Tortoise because he was going on between the executioner, the King, the Queen, pointing to the other, and making quite a chorus of \'There goes Bill!\' then the other, and.', 17, 60, 1, 10, 1100, '2010-09-19 16:22:42', '2020-05-31 15:37:52'),
	(265, 'ut 265', 'Qui veniam explicabo assumenda autem minus nesciunt saepe. Ducimus rem amet delectus molestiae a. Qui totam autem perspiciatis labore. Aut fugit officiis ea.', 'Alice. \'I\'ve read that in the house opened, and a fall, and a large mushroom growing near her, she began, rather timidly, as she could, for her to speak first, \'why your cat grins like that?\' \'It\'s.', 14, 15, 1, 6, 1400, '2019-10-13 02:43:55', '2020-05-31 15:37:52'),
	(266, 'eum 266', 'Laboriosam et debitis quis quae quia molestias ut. Et adipisci et mollitia.', 'Hatter, and he poured a little three-legged table, all made a memorandum of the trees as well to say a word, but slowly followed her back to the tarts on the end of the sort,\' said the Mouse,.', 14, 60, 1, 7, 5100, '2019-08-17 05:17:44', '2020-05-31 15:37:52'),
	(267, 'autem 267', 'Ullam unde doloribus dolorum laboriosam voluptatem. Quia corrupti quisquam laudantium eligendi quae voluptates. Reprehenderit a dolorem aut consequuntur.', 'Dinah, and saying "Come up again, dear!" I shall have some fun now!\' thought Alice. The King laid his hand upon her knee, and the fall NEVER come to the other, saying, in a helpless sort of a globe.', 15, 90, 3, 6, 400, '2010-12-10 04:28:53', '2020-05-31 15:37:52'),
	(268, 'adipisci 268', 'Sequi aut reprehenderit ex eligendi. Odit eligendi tenetur necessitatibus error consectetur deleniti amet. Recusandae dolores libero quas quod sit sed. In assumenda aperiam sed magni at repellat facere omnis.', 'March Hare. \'Sixteenth,\' added the Gryphon, and all would change to tinkling sheep-bells, and the three gardeners at it, and talking over its head. \'Very uncomfortable for the end of the baby?\' said.', 16, 90, 5, NULL, 8600, '2019-09-06 20:17:51', '2020-05-31 15:37:52'),
	(269, 'nam 269', 'Repellat sunt necessitatibus atque. Ipsa laborum assumenda ab. Doloremque qui eum iste reiciendis maiores.', 'Majesty!\' the Duchess said to one of the sort!\' said Alice. \'Why, there they lay sprawling about, reminding her very earnestly, \'Now, Dinah, tell me your history, you know,\' the Hatter and the.', 18, 60, 1, 9, 1800, '2017-12-10 00:34:12', '2020-05-31 15:37:52'),
	(270, 'officiis 270', 'Fugiat nostrum quia velit. Excepturi qui molestiae alias enim quas et quia. Repellendus beatae et cupiditate autem occaecati magnam. Aut eaque consectetur voluptas repellat.', 'Christmas.\' And she kept fanning herself all the other side of the trees behind him. \'--or next day, maybe,\' the Footman remarked, \'till tomorrow--\' At this moment the door began sneezing all at.', 17, 45, 4, NULL, 3500, '2012-01-07 01:23:46', '2020-05-31 15:37:52'),
	(271, 'ullam 271', 'Minus omnis voluptatem rerum voluptatum nihil quisquam. Adipisci culpa est voluptatem voluptatem laudantium dignissimos. Rerum molestiae corrupti modi iste.', 'Alice quietly said, just as well look and see what was the White Rabbit returning, splendidly dressed, with a T!\' said the King. \'Then it doesn\'t matter a bit,\' said the Mock Turtle, capering wildly.', 7, 75, 6, NULL, 2000, '2014-11-04 21:39:41', '2020-05-31 15:37:52'),
	(272, 'et 272', 'Voluptatum velit ut consequatur nemo qui vero. Et qui commodi eos porro. Ad saepe aut qui.', 'Luckily for Alice, the little door was shut again, and put it into one of the court. (As that is enough,\' Said his father; \'don\'t give yourself airs! Do you think I can reach the key; and if it.', 17, 60, 6, NULL, 9400, '2020-04-10 11:39:50', '2020-05-31 15:37:52'),
	(273, 'neque 273', 'Possimus enim similique libero. Distinctio ipsum in quo sequi. Sit optio quas omnis hic pariatur dolores totam. Qui odit distinctio et in fuga illo.', 'March Hare. \'Then it wasn\'t trouble enough hatching the eggs,\' said the Mock Turtle. So she was a good opportunity for croqueting one of the Lizard\'s slate-pencil, and the other side of the birds.', 3, 105, 1, NULL, 1200, '2017-04-14 01:40:02', '2020-05-31 15:37:52'),
	(274, 'quasi 274', 'Dicta sint aperiam enim sapiente. Vel beatae dolores voluptatem nemo excepturi fugiat beatae. Voluptatem est possimus quam tempore.', 'So Bill\'s got the other--Bill! fetch it back!\' \'And who is Dinah, if I was, I shouldn\'t want YOURS: I don\'t want YOU with us!"\' \'They were obliged to write out a box of comfits, (luckily the salt.', 7, 45, 2, 7, 8000, '2014-07-18 05:10:58', '2020-05-31 15:37:52'),
	(275, 'assumenda 275', 'Libero eligendi tenetur odit ab. Tenetur necessitatibus dolore qui velit saepe eos. Quaerat dignissimos sapiente voluptatibus.', 'The King turned pale, and shut his note-book hastily. \'Consider your verdict,\' he said to itself \'Then I\'ll go round a deal faster than it does.\' \'Which would NOT be an advantage,\' said Alice,.', 12, 15, 3, 5, 5500, '2014-05-07 05:15:59', '2020-05-31 15:37:52'),
	(276, 'sed 276', 'Doloremque aut qui repellat. Rerum et dolorem omnis optio dolores qui enim. Rerum voluptates dolorem quo aut non.', 'It did so indeed, and much sooner than she had grown to her that she had quite forgotten the little crocodile Improve his shining tail, And pour the waters of the March Hare went \'Sh! sh!\' and the.', 18, 15, 2, 9, 8000, '2010-11-24 04:51:08', '2020-05-31 15:37:52'),
	(277, 'quae 277', 'Eos error sed tempora autem. Et possimus officiis provident harum temporibus laborum. Unde consequuntur quo laboriosam deserunt eius deserunt.', 'Turtle said with a lobster as a cushion, resting their elbows on it, for she was as long as I do,\' said the Gryphon. \'Of course,\' the Mock Turtle: \'why, if a fish came to ME, and told me he was in.', 11, 90, 4, NULL, 3100, '2014-11-16 18:24:41', '2020-05-31 15:37:52'),
	(278, 'illum 278', 'Sed aut eaque magnam vero veniam. Aut sit dolorum vel nihil dignissimos nam a. Hic autem inventore quod ut asperiores qui. Temporibus dicta dolore aliquam maxime consequuntur. Exercitationem praesentium aperiam est sunt doloribus eaque modi.', 'Duchess to play with, and oh! ever so many tea-things are put out here?\' she asked. \'Yes, that\'s it,\' said Five, \'and I\'ll tell you more than that, if you were down here till I\'m somebody.', 11, 45, 5, 10, 6200, '2017-09-12 09:31:49', '2020-05-31 15:37:52'),
	(279, 'eum 279', 'Non nemo voluptates non deleniti occaecati. Et ullam sit ut dolorum nulla. Sint quas dolorem quo qui facere perferendis.', 'I like"!\' \'You might just as well say,\' added the Gryphon, \'she wants for to know what to uglify is, you see, as she could remember about ravens and writing-desks, which wasn\'t much. The Hatter.', 14, 30, 3, 10, 8000, '2015-08-30 21:23:44', '2020-05-31 15:37:52'),
	(280, 'aut 280', 'Qui omnis molestiae quam quia amet. Quo aut tempore voluptas sed non placeat. Rem quis qui facere hic. Molestias eveniet quaerat eos quis aliquam.', 'I\'m sure I can\'t remember,\' said the Mock Turtle persisted. \'How COULD he turn them out again. The Mock Turtle sighed deeply, and began, in a tone of great relief. \'Call the next witness. It quite.', 3, 30, 2, 8, 4000, '2020-01-09 19:59:39', '2020-05-31 15:37:52'),
	(281, 'possimus 281', 'Nesciunt eaque modi itaque quasi voluptatem. Consequatur quidem est nostrum fuga. Fugiat praesentium officia natus est architecto. Nihil ut rerum optio qui.', 'Duck and a fall, and a Canary called out \'The race is over!\' and they all crowded round her, calling out in a natural way. \'I thought you did,\' said the Queen. \'Can you play croquet?\' The soldiers.', 14, 15, 4, 8, 4100, '2013-08-07 20:28:25', '2020-05-31 15:37:52'),
	(282, 'omnis 282', 'Consectetur incidunt debitis quia cum nostrum. Molestiae laudantium exercitationem dolorum rerum maiores dignissimos consequatur eos. Nostrum est maxime voluptatibus eveniet esse omnis. Aperiam magnam facere ut cupiditate mollitia animi.', 'THEN--she found herself in a few minutes that she did not venture to ask them what the moral of that dark hall, and close to her ear, and whispered \'She\'s under sentence of execution. Then the Queen.', 17, 15, 4, NULL, 500, '2018-02-06 04:38:54', '2020-05-31 15:37:52'),
	(283, 'sapiente 283', 'Veniam et magni est et provident rem nesciunt. Aut id asperiores iure ut. Ea tempore dignissimos deleniti aliquid.', 'By the use of a muchness?\' \'Really, now you ask me,\' said Alice, as she could not swim. He sent them word I had our Dinah here, I know who I am! But I\'d better take him his fan and the March Hare..', 10, 75, 6, 6, 1500, '2014-09-08 16:11:46', '2020-05-31 15:37:52'),
	(284, 'nisi 284', 'Et iure quas autem enim. Voluptates eligendi possimus doloremque aliquid voluptatem. Magnam eos rerum sed unde reprehenderit ullam. Ipsa velit neque vel voluptas.', 'I could let you out, you know.\' \'I DON\'T know,\' said Alice in a sulky tone; \'Seven jogged my elbow.\' On which Seven looked up eagerly, half hoping that they would die. \'The trial cannot proceed,\'.', 3, 15, 3, 4, 5900, '2017-04-04 20:56:46', '2020-05-31 15:37:52'),
	(285, 'omnis 285', 'Dolores quia enim esse necessitatibus perspiciatis beatae. Et hic quo deleniti quam consequuntur sit dignissimos cumque. Alias cumque ut sit ut nihil consequatur voluptas.', 'King very decidedly, and he hurried off. Alice thought she might find another key on it, or at any rate it would be very likely to eat some of them didn\'t know it to annoy, Because he knows it.', 17, 60, 6, NULL, 6900, '2014-01-10 00:40:04', '2020-05-31 15:37:52'),
	(286, 'ducimus 286', 'Ex ut voluptate et accusamus voluptatem vel ut. Placeat deserunt sunt et sit voluptas. Quo et enim blanditiis quod ut quos. Dicta et eos maiores harum ut.', 'I am very tired of sitting by her sister sat still just as well she might, what a Gryphon is, look at it!\' This speech caused a remarkable sensation among the branches, and every now and then, \'we.', 12, 60, 6, 8, 7700, '2016-01-15 03:08:10', '2020-05-31 15:37:52'),
	(287, 'reiciendis 287', 'Ex voluptatum nemo dolor autem dolores molestiae voluptatem. Accusantium et ut distinctio ratione quo rerum. Quo voluptatem quam consequatur vel et consequatur. Blanditiis officia excepturi natus.', 'I might venture to ask them what the flame of a sea of green leaves that lay far below her. \'What CAN all that green stuff be?\' said Alice. \'Well, then,\' the Gryphon replied very solemnly. Alice was.', 14, 105, 1, NULL, 8400, '2010-11-08 14:04:43', '2020-05-31 15:37:52'),
	(288, 'id 288', 'Architecto vero id dignissimos voluptates ut sint. Reprehenderit aut adipisci sunt quos culpa quibusdam sint.', 'Alice\'s shoulder, and it put the hookah out of the guinea-pigs cheered, and was delighted to find her in an undertone to the three gardeners instantly jumped up, and began an account of the trial.\'.', 9, 45, 5, 7, 6300, '2019-09-14 19:03:20', '2020-05-31 15:37:52'),
	(289, 'delectus 289', 'Adipisci eveniet similique et ipsum. Aut qui sint in et animi suscipit officia. Quod odit aut dignissimos qui tempore voluptatem.', 'March Hare was said to herself; \'his eyes are so VERY remarkable in that; nor did Alice think it was,\' he said. \'Fifteenth,\' said the Rabbit hastily interrupted. \'There\'s a great many more than.', 5, 60, 1, NULL, 3800, '2015-03-06 22:54:19', '2020-05-31 15:37:52'),
	(290, 'id 290', 'Molestiae voluptate suscipit quod. Omnis est dolores harum ipsa. Similique velit culpa sit similique enim quae.', 'So she called softly after it, never once considering how in the same thing as "I sleep when I breathe"!\' \'It IS a long hookah, and taking not the same, the next witness was the Duchess\'s knee,.', 6, 60, 5, NULL, 10000, '2019-06-08 05:21:50', '2020-05-31 15:37:52'),
	(291, 'sint 291', 'Alias natus perferendis et amet quasi. Corporis voluptatem tenetur aperiam dignissimos repudiandae ipsum saepe.', 'Alice; \'living at the picture.) \'Up, lazy thing!\' said Alice, as she could, and soon found an opportunity of taking it away. She did it at all; and I\'m sure I don\'t want YOU with us!"\' \'They were.', 4, 90, 3, NULL, 500, '2012-12-15 03:24:15', '2020-05-31 15:37:52'),
	(292, 'quia 292', 'A veritatis numquam nam ipsum omnis est. Eum et et debitis praesentium. Eum qui sapiente ut deserunt blanditiis ducimus qui. Dolores aut veritatis quo ipsum iusto necessitatibus.', 'I shan\'t go, at any rate,\' said Alice: \'she\'s so extremely--\' Just then she walked sadly down the chimney?--Nay, I shan\'t! YOU do it!--That I won\'t, then!--Bill\'s to go through next walking about at.', 15, 30, 6, NULL, 9800, '2013-02-06 14:51:22', '2020-05-31 15:37:52'),
	(293, 'voluptatem 293', 'Voluptatem et et voluptatem nihil cum explicabo. Aspernatur minus cumque aut sunt. Aut voluptatem optio corrupti enim nam aperiam. Pariatur et magnam cumque dolores reiciendis in.', 'March Hare. Alice sighed wearily. \'I think I can go back by railway,\' she said to the rose-tree, she went on planning to herself how this same little sister of hers would, in the kitchen. \'When I\'M.', 18, 90, 4, NULL, 3600, '2018-07-16 22:23:37', '2020-05-31 15:37:52'),
	(294, 'unde 294', 'Similique accusamus rerum dolores cupiditate voluptas inventore necessitatibus. Saepe suscipit maxime quo porro. Et deserunt velit maxime beatae quisquam facilis.', 'YOU manage?\' Alice asked. \'We called him Tortoise because he was going to be, from one foot up the fan and gloves. \'How queer it seems,\' Alice said to Alice; and Alice could only hear whispers now.', 10, 105, 6, NULL, 1600, '2016-06-04 02:43:45', '2020-05-31 15:37:52'),
	(295, 'perspiciatis 295', 'Accusamus dolores excepturi optio error facilis quibusdam. Explicabo aut et et in praesentium rerum odit. Est dolorem recusandae dolorum. Hic placeat et praesentium nesciunt occaecati.', 'The long grass rustled at her side. She was close behind it was YOUR table,\' said Alice; \'but a grin without a great hurry; \'this paper has just been reading about; and when she had to run back into.', 4, 45, 1, 7, 30000, '2016-04-04 18:55:57', '2020-05-31 15:37:52'),
	(296, 'id 296', 'Tenetur fugiat rem sunt natus aut neque aut. Voluptas dicta provident illo non. Aliquam est mollitia iure unde est.', 'WHAT things?\' said the Mouse. \'Of course,\' the Dodo could not possibly reach it: she could not think of anything else. CHAPTER V. Advice from a Caterpillar The Caterpillar and Alice thought she had.', 9, 15, 3, 10, 3800, '2012-11-07 05:39:21', '2020-05-31 15:37:52'),
	(297, 'dolores 297', 'Et nisi voluptatem dolor. Quod labore vel ut rem fuga cumque tenetur. Temporibus rem cupiditate officia odio tempora pariatur non. Nemo ea voluptate animi officiis veritatis quaerat dolorum nihil.', 'Bill,\' she gave one sharp kick, and waited to see it written down: but I grow at a reasonable pace,\' said the Gryphon: and Alice rather unwillingly took the opportunity of taking it away. She did.', 13, 15, 6, 6, 7700, '2017-09-10 14:04:20', '2020-05-31 15:37:52'),
	(298, 'commodi 298', 'Quia facere doloribus dicta repellendus perferendis ut non. Repudiandae sed et similique soluta itaque est et incidunt. Qui sapiente autem quisquam. Quod rerum ut perferendis optio aut.', 'Gryphon went on, spreading out the verses the White Rabbit, \'and that\'s a fact.\' Alice did not notice this question, but hurriedly went on, \'--likely to win, that it\'s hardly worth while finishing.', 11, 60, 4, 9, 3600, '2018-07-19 17:04:16', '2020-05-31 15:37:52'),
	(299, 'voluptatem 299', 'Non non rerum voluptates et qui. Harum ut tempore aut. Neque sit omnis aut expedita qui cumque repellendus. Nobis ipsum aut dolorem sint.', 'Said the mouse doesn\'t get out." Only I don\'t understand. Where did they live on?\' said Alice, whose thoughts were still running on the look-out for serpents night and day! Why, I do so like that.', 9, 15, 1, 10, 7100, '2012-01-26 20:17:23', '2020-05-31 15:37:52'),
	(300, 'corrupti 300', 'Aperiam consequatur dolorem laudantium dolor et libero sed. Modi sunt in esse corrupti ex dignissimos. Consectetur suscipit ut itaque quas eaque. Exercitationem qui hic enim eos.', 'She was looking at the bottom of the house opened, and a Long Tale They were indeed a queer-looking party that assembled on the bank, with her head!\' Alice glanced rather anxiously at the door and.', 3, 45, 1, NULL, 8200, '2014-06-20 06:07:52', '2020-05-31 15:37:52'),
	(301, 'est 301', 'Nesciunt aperiam deleniti sint. Nam ratione ad eveniet. Veniam animi quod nostrum aliquam consequatur maiores quas. Dolorum sit repellat distinctio officia corrupti harum.', 'Hatter trembled so, that Alice said; \'there\'s a large rabbit-hole under the hedge. In another moment that it is!\' As she said to herself; \'the March Hare interrupted in a sorrowful tone; \'at least.', 4, 90, 3, 6, 2400, '2016-06-27 05:00:44', '2020-05-31 15:37:52'),
	(302, 'quis 302', 'Sapiente sit rerum sit ratione. Ipsum in et totam similique eligendi et aut aliquid. Numquam sunt distinctio et corrupti eum quaerat.', 'Rabbit\'s voice along--\'Catch him, you by the time when she had made the whole window!\' \'Sure, it does, yer honour: but it\'s an arm, yer honour!\' (He pronounced it \'arrum.\') \'An arm, you goose! Who.', 13, 105, 6, NULL, 800, '2018-02-10 08:29:29', '2020-05-31 15:37:52'),
	(303, 'beatae 303', 'Dolor vel voluptas molestiae. Incidunt ut nisi voluptas voluptatem. Harum voluptatem sint sapiente corporis. Sed debitis autem molestias necessitatibus velit sapiente dolorum est.', 'So they couldn\'t see it?\' So she stood still where she was terribly frightened all the jurymen on to her daughter \'Ah, my dear! I shall see it pop down a jar from one foot to the Cheshire Cat.', 11, 15, 1, 7, 3700, '2013-12-27 22:45:33', '2020-05-31 15:37:52'),
	(304, 'optio 304', 'Quibusdam laborum corporis nulla ipsum. Quisquam nobis ipsam dolorum reiciendis laboriosam sunt. Voluptas molestias ut maiores veritatis illum.', 'Lizard in head downwards, and the soldiers remaining behind to execute the unfortunate gardeners, who ran to Alice for protection. \'You shan\'t be beheaded!\' \'What for?\' said the Caterpillar. \'Well,.', 8, 30, 4, 5, 30000, '2012-08-08 22:17:08', '2020-05-31 15:37:52'),
	(305, 'repellat 305', 'Ducimus dolores distinctio dolor ut ad dolores qui repellendus. Nihil at perspiciatis magni perspiciatis voluptatem. Libero animi harum et ratione officia numquam provident. Nobis at iusto nobis nihil cum iste rem qui.', 'The table was a child,\' said the Cat: \'we\'re all mad here. I\'m mad. You\'re mad.\' \'How do you want to see the Mock Turtle. \'Hold your tongue!\' added the Hatter, \'when the Queen shrieked out. \'Behead.', 6, 105, 2, 9, 6600, '2020-02-17 01:08:12', '2020-05-31 15:37:52'),
	(306, 'aut 306', 'Maxime fuga asperiores deleniti nihil nemo laborum porro. Quis omnis alias eius. Incidunt tenetur sit in quam. Molestiae animi ut rerum.', 'White Rabbit, jumping up in a voice she had somehow fallen into it: there were ten of them, with her head in the pool a little shriek and a piece of rudeness was more than nine feet high, and she.', 8, 90, 1, 9, 2600, '2011-12-23 14:16:50', '2020-05-31 15:37:52'),
	(307, 'natus 307', 'Doloremque beatae exercitationem facere nulla soluta. Alias cum fugit voluptas natus dolor vero unde fugiat. Aut quam eaque voluptatum.', 'Gryphon interrupted in a coaxing tone, and added \'It isn\'t mine,\' said the Mouse. \'Of course,\' the Dodo solemnly presented the thimble, saying \'We beg your pardon!\' she exclaimed in a dreamy sort of.', 18, 105, 3, NULL, 800, '2020-03-28 11:47:35', '2020-05-31 15:37:52'),
	(308, 'corporis 308', 'Dignissimos temporibus excepturi temporibus sit eaque quos ab. Nulla ut dolorem minus saepe reprehenderit qui. Ut maiores sunt nihil a eos porro quo.', 'MINE,\' said the Queen, turning purple. \'I won\'t!\' said Alice. \'Oh, don\'t talk about her and to hear the rattle of the sea.\' \'I couldn\'t afford to learn it.\' said the King; and as Alice could speak.', 16, 60, 2, 6, 3300, '2017-09-17 00:19:07', '2020-05-31 15:37:52'),
	(309, 'qui 309', 'Omnis qui omnis consequatur quaerat corporis sapiente omnis. Aut libero sit distinctio dolorem. Blanditiis aperiam repellat eos distinctio ipsam vel ipsam. Consequatur repellendus est unde. Soluta sit eum eos laborum doloremque sunt doloribus nihil.', 'I can remember feeling a little startled when she first saw the White Rabbit with pink eyes ran close by it, and burning with curiosity, she ran off at once to eat some of the room again, no wonder.', 3, 75, 2, 5, 4400, '2010-09-03 01:02:45', '2020-05-31 15:37:52'),
	(310, 'porro 310', 'Facere laborum ut id fugiat veniam. Et recusandae eos voluptatem cumque sed cum. Est illum laudantium voluptates est atque. Sit perferendis quia incidunt tempora at.', 'However, she soon made out that part.\' \'Well, at any rate it would be so stingy about it, you know.\' \'I don\'t think they play at all a pity. I said "What for?"\' \'She boxed the Queen\'s hedgehog just.', 8, 30, 3, 6, 9600, '2018-06-20 00:47:24', '2020-05-31 15:37:52'),
	(311, 'ea 311', 'Assumenda illum repudiandae vero amet nostrum dolorem quos. Est et accusantium fugit illum voluptatum ipsa aliquid. Omnis soluta illo qui voluptatem harum impedit. Aperiam repellat odit reprehenderit nihil. Sed laborum consequatur fugiat qui.', 'See how eagerly the lobsters to the Duchess: \'flamingoes and mustard both bite. And the Eaglet bent down its head down, and the reason and all that,\' he said do. Alice looked down at her feet, they.', 14, 45, 6, NULL, 4900, '2016-01-29 21:49:41', '2020-05-31 15:37:52'),
	(312, 'et 312', 'Iusto iure rerum et aut et vel voluptas. Dolore ut vel eveniet repellat accusantium et aut eum. Laudantium explicabo et tempore placeat officiis.', 'Alice looked all round her, calling out in a fight with another dig of her little sister\'s dream. The long grass rustled at her for a dunce? Go on!\' \'I\'m a poor man, your Majesty,\' said Two, in a.', 9, 75, 5, 7, 5600, '2013-06-03 18:25:52', '2020-05-31 15:37:52'),
	(313, 'vel 313', 'Possimus corporis dolorem reiciendis praesentium molestiae possimus. Est aut deleniti nam sit id. Dolores repellendus error libero quisquam voluptatem at earum. Sed facilis et fugiat est. Consequatur blanditiis omnis explicabo debitis.', 'Down, down, down. Would the fall was over. However, when they met in the distance, and she went on, \'I must be removed,\' said the Hatter. \'Nor I,\' said the Mock Turtle to the Queen, and Alice, were.', 13, 60, 6, 8, 3200, '2010-09-05 21:29:10', '2020-05-31 15:37:52'),
	(314, 'voluptas 314', 'Non non beatae sint vero quia nihil magni. Id amet assumenda et dicta commodi optio repudiandae.', 'Mock Turtle is.\' \'It\'s the Cheshire Cat: now I shall have to fly; and the beak-- Pray how did you manage on the twelfth?\' Alice went on eagerly: \'There is such a tiny little thing!\' said Alice, a.', 6, 15, 3, NULL, 9600, '2016-09-13 06:43:06', '2020-05-31 15:37:52'),
	(315, 'praesentium 315', 'Quo tempora omnis repellat quis nihil. Et alias dolore dolores sit quas vero qui. Esse est blanditiis omnis minima quia eius. Aut est ad et dolorum itaque dolorum ea.', 'I don\'t like them!\' When the sands are all dry, he is gay as a drawing of a water-well,\' said the King: \'leave out that the reason they\'re called lessons,\' the Gryphon went on, turning to Alice,.', 3, 75, 3, 7, 8200, '2017-01-30 05:04:57', '2020-05-31 15:37:52'),
	(316, 'nisi 316', 'Omnis et dicta reprehenderit autem repellendus autem iusto. Et odio rerum et veritatis dolores quo mollitia. Est est minus aut ullam ut. Optio natus sed non dolores.', 'Pigeon, but in a whisper.) \'That would be quite as safe to stay with it as a partner!\' cried the Gryphon. \'Then, you know,\' said the Dodo, pointing to the other two were using it as a last resource,.', 7, 30, 1, 5, 2100, '2010-09-12 09:23:33', '2020-05-31 15:37:52'),
	(317, 'dolores 317', 'Sapiente qui sunt qui fugit numquam corporis. Inventore et ut totam eum voluptatem fugiat.', 'Lizard, Bill, was in the wood, \'is to grow up again! Let me see--how IS it to annoy, Because he knows it teases.\' CHORUS. (In which the wretched Hatter trembled so, that he shook both his shoes off..', 6, 105, 3, NULL, 6300, '2014-02-22 04:25:16', '2020-05-31 15:37:52'),
	(318, 'nisi 318', 'Hic optio aut et at qui id rem. Est similique rem deleniti aliquid qui. Dolores et quia autem perferendis. Sed ea quae iusto ut aperiam.', 'When they take us up and walking away. \'You insult me by talking such nonsense!\' \'I didn\'t mean it!\' pleaded poor Alice began in a melancholy way, being quite unable to move. She soon got it out to.', 11, 15, 5, 5, 5000, '2013-09-08 18:33:51', '2020-05-31 15:37:52'),
	(319, 'est 319', 'Voluptatibus libero non cumque rerum reiciendis. Dolores rerum voluptatum quo qui mollitia ad. Perferendis aut autem et sapiente accusamus a dolor.', 'Five, who had meanwhile been examining the roses. \'Off with his nose Trims his belt and his friends shared their never-ending meal, and the Gryphon remarked: \'because they lessen from day to such.', 5, 75, 1, 10, 6400, '2014-10-04 17:18:04', '2020-05-31 15:37:52'),
	(320, 'eos 320', 'Numquam adipisci consequatur exercitationem velit. Molestiae omnis et sapiente necessitatibus ad. Molestias reprehenderit unde eius perspiciatis nam et aut.', 'Hatter. \'You might just as well. The twelve jurors were writing down \'stupid things!\' on their hands and feet at the other side will make you a song?\' \'Oh, a song, please, if the Queen put on his.', 13, 45, 2, 9, 7000, '2014-06-23 21:23:58', '2020-05-31 15:37:52'),
	(321, 'porro 321', 'Ad corporis ut nemo omnis perspiciatis ut qui. Quia numquam totam neque quia in sit ut. Velit et sit eaque quia. Voluptas est unde sint ipsam autem velit reprehenderit.', 'WOULD go with the end of the sort,\' said the King, \'that saves a world of trouble, you know, with oh, such long ringlets, and mine doesn\'t go in at the great wonder is, that I\'m doubtful about the.', 16, 105, 1, NULL, 2300, '2017-11-14 03:26:33', '2020-05-31 15:37:52'),
	(322, 'sapiente 322', 'Consequatur ut blanditiis maxime. Deserunt corporis et harum. Sequi aut doloremque neque illo qui. Porro nisi iusto nobis.', 'MINE.\' The Queen had ordered. They very soon finished it off. * * CHAPTER II. The Pool of Tears \'Curiouser and curiouser!\' cried Alice in a tone of great dismay, and began picking them up again with.', 8, 30, 5, 6, 30000, '2020-01-04 23:55:46', '2020-05-31 15:37:52'),
	(323, 'magni 323', 'Consequatur totam est impedit vitae et aspernatur a asperiores. Dolor mollitia rem placeat explicabo dolorum eius. Adipisci et nisi dignissimos culpa omnis nobis. Eligendi quia ad ipsum accusantium. Vel ea sed est non qui accusamus est.', 'I fancied that kind of authority over Alice. \'Stand up and down, and nobody spoke for some way of expressing yourself.\' The baby grunted again, so violently, that she could see, as well as she.', 18, 15, 4, 4, 5900, '2015-04-04 06:47:59', '2020-05-31 15:37:52'),
	(324, 'voluptas 324', 'Unde quam consequatur porro vero totam deleniti sed. Assumenda in ipsam sint non in accusantium est assumenda.', 'Hatter. \'Does YOUR watch tell you more than that, if you like!\' the Duchess was VERY ugly; and secondly, because they\'re making such VERY short remarks, and she could not remember ever having seen.', 3, 30, 6, 6, 8600, '2018-04-17 23:28:07', '2020-05-31 15:37:52'),
	(325, 'distinctio 325', 'Quia quia eum veritatis nobis id est. Repellendus quia fugit dolorem quo pariatur animi autem qui. Voluptatem quis eos ut ducimus aut et adipisci quo.', 'There ought to be no sort of lullaby to it in a very curious thing, and she hurried out of THIS!\' (Sounds of more broken glass.) \'Now tell me, Pat, what\'s that in some book, but I THINK I can say.\'.', 7, 15, 2, 6, 30000, '2011-02-01 14:30:40', '2020-05-31 15:37:52'),
	(326, 'architecto 326', 'Cupiditate ad culpa ex tempore. Blanditiis aperiam provident voluptas veritatis sequi. Atque cupiditate nihil tenetur.', 'Alice in a low voice, to the heads of the legs of the party were placed along the course, here and there. There was nothing so VERY remarkable in that; nor did Alice think it was,\' said the Hatter:.', 11, 45, 5, 10, 5100, '2017-12-11 21:48:56', '2020-05-31 15:37:52'),
	(327, 'voluptas 327', 'Qui eligendi quo facere rem officiis culpa quaerat. Deleniti aut sit iusto necessitatibus velit quaerat. Ratione voluptatem et dolorum eos.', 'Alice. \'I wonder if I\'ve been changed for Mabel! I\'ll try if I would talk on such a thing I know. Silence all round, if you could only hear whispers now and then; such as, that a moment\'s pause. The.', 5, 45, 6, 7, 200, '2011-05-23 18:51:21', '2020-05-31 15:37:52'),
	(328, 'veniam 328', 'Sit ipsam quidem qui voluptatem enim laboriosam deleniti. Similique qui qui dolores in quidem dignissimos praesentium distinctio. Quia aut est in recusandae sequi.', 'Alice quietly said, just as I get it home?\' when it saw mine coming!\' \'How do you know what "it" means.\' \'I know what to beautify is, I suppose?\' \'Yes,\' said Alice, in a hot tureen! Who for such a.', 10, 45, 3, 10, 1400, '2011-07-08 16:18:06', '2020-05-31 15:37:52'),
	(329, 'iure 329', 'Natus quas ullam autem perferendis quo sunt harum. Beatae dolorum eius tempore doloribus doloremque. Enim enim ut est.', 'Pigeon. \'I can tell you how it was getting so thin--and the twinkling of the bread-and-butter. Just at this moment the door between us. For instance, suppose it were nine o\'clock in the act of.', 12, 105, 2, 10, 6500, '2019-09-02 21:56:19', '2020-05-31 15:37:52'),
	(330, 'sit 330', 'Unde vero quia laudantium corporis omnis. Reiciendis nostrum molestias illum veniam. Vel quia est beatae incidunt vel corporis sed. Veritatis quos voluptas aut rerum sed dolorem optio.', 'Caterpillar took the opportunity of saying to her lips. \'I know SOMETHING interesting is sure to kill it in a shrill, loud voice, and the Dormouse into the earth. Let me think: was I the same size:.', 4, 45, 1, 8, 9900, '2020-05-03 18:41:44', '2020-05-31 15:37:52'),
	(331, 'sunt 331', 'Qui quia qui voluptatum corrupti reprehenderit nam totam. Et dolorem quia magnam provident dolorum. Fugit vero voluptate a. Sit suscipit exercitationem cumque enim.', 'King. Here one of the bill, "French, music, AND WASHING--extra."\' \'You couldn\'t have wanted it much,\' said Alice, a little before she got used to it as you go on? It\'s by far the most curious thing.', 17, 60, 2, 5, 4000, '2016-08-22 13:42:06', '2020-05-31 15:37:52'),
	(332, 'sit 332', 'Quas adipisci sunt possimus qui aspernatur laudantium. Magnam et et amet doloremque laudantium at. Non ducimus dicta exercitationem neque vel.', 'An enormous puppy was looking up into the loveliest garden you ever eat a little quicker. \'What a funny watch!\' she remarked. \'There isn\'t any,\' said the Pigeon in a great thistle, to keep herself.', 5, 90, 4, 6, 600, '2010-09-03 02:16:03', '2020-05-31 15:37:52'),
	(333, 'officia 333', 'Possimus delectus id hic iusto distinctio. Numquam debitis consequatur similique laudantium. Sequi sit sunt mollitia.', 'Rabbit Sends in a very curious sensation, which puzzled her very much confused, \'I don\'t see,\' said the Gryphon: and Alice was a large pigeon had flown into her head. \'If I eat or drink something or.', 4, 15, 5, NULL, 4200, '2012-10-08 01:28:37', '2020-05-31 15:37:52'),
	(334, 'aliquid 334', 'Quia necessitatibus beatae tempore odio. Sed exercitationem ut et. Voluptates id dolorem sunt. Labore et dolorem est optio id ratione.', 'First, she dreamed of little cartwheels, and the moon, and memory, and muchness--you know you say it.\' \'That\'s nothing to what I should think very likely true.) Down, down, down. Would the fall was.', 14, 90, 2, 6, 800, '2015-03-12 02:50:19', '2020-05-31 15:37:52'),
	(335, 'vitae 335', 'Libero omnis tenetur adipisci aut. Qui fugit possimus molestias tenetur quia dolorem. A ut possimus tempora rem et soluta illo.', 'Hatter asked triumphantly. Alice did not at all what had become of it; then Alice, thinking it was good manners for her neck kept getting entangled among the trees behind him. \'--or next day,.', 17, 15, 1, 5, 2300, '2010-06-28 07:32:53', '2020-05-31 15:37:52'),
	(336, 'quidem 336', 'Placeat fuga itaque ratione inventore occaecati unde. Alias soluta et vitae sunt qui. Laboriosam distinctio ut reiciendis.', 'Lizard\'s slate-pencil, and the other bit. Her chin was pressed so closely against her foot, that there was enough of it now in sight, hurrying down it. There was exactly the right size, that it was.', 3, 90, 3, NULL, 4800, '2013-03-24 10:27:27', '2020-05-31 15:37:52'),
	(337, 'sunt 337', 'Illo aliquid voluptatem porro hic. Ea ea delectus ut dolores iusto et aut. Amet nemo sunt placeat modi natus magni. In optio ut numquam quo qui dolor et.', 'And she opened it, and burning with curiosity, she ran off at once took up the chimney, and said to herself \'Suppose it should be free of them say, \'Look out now, Five! Don\'t go splashing paint over.', 5, 45, 3, 7, 9100, '2012-06-20 20:35:05', '2020-05-31 15:37:52'),
	(338, 'qui 338', 'Labore aliquid veritatis quia qui aut ipsam est. Repellat qui rerum ullam sint aspernatur qui quae. Labore dolore incidunt ab facere.', 'Caterpillar took the regular course.\' \'What was THAT like?\' said Alice. \'Then you should say "With what porpoise?"\' \'Don\'t you mean "purpose"?\' said Alice. \'Why, there they lay sprawling about,.', 4, 30, 3, NULL, 8800, '2010-07-10 03:26:05', '2020-05-31 15:37:52'),
	(339, 'enim 339', 'Facere pariatur aut facere inventore rerum et ea. Magni sed autem quo voluptate. Ab ipsum repellendus qui alias ullam tenetur. Facere reprehenderit quasi sit earum vel quidem optio.', 'The Gryphon lifted up both its paws in surprise. \'What! Never heard of such a curious plan!\' exclaimed Alice. \'That\'s the reason they\'re called lessons,\' the Gryphon said, in a natural way again. \'I.', 10, 75, 2, NULL, 6600, '2012-01-21 22:07:07', '2020-05-31 15:37:52'),
	(340, 'sint 340', 'Quisquam deserunt sed et. Earum nihil magnam ut aut molestiae.', 'Alice. \'And where HAVE my shoulders got to? And oh, my poor hands, how is it twelve? I--\' \'Oh, don\'t bother ME,\' said Alice doubtfully: \'it means--to--make--anything--prettier.\' \'Well, then,\' the.', 8, 105, 2, 7, 2700, '2012-10-02 10:20:49', '2020-05-31 15:37:52'),
	(341, 'a 341', 'Dolorem facere enim quos. Veritatis dolor ut eos placeat. Ab rerum eos nam animi. Deserunt rerum ut corrupti ea ea amet.', 'Alice. \'And ever since that,\' the Hatter were having tea at it: a Dormouse was sitting on the back. However, it was only the pepper that had fallen into a doze; but, on being pinched by the prisoner.', 5, 60, 2, NULL, 2800, '2016-07-05 20:53:40', '2020-05-31 15:37:52'),
	(342, 'neque 342', 'Nobis similique et molestiae nesciunt et itaque. Qui vel reiciendis iste. Ratione aut ut nihil eos.', 'However, \'jury-men\' would have done just as I\'d taken the highest tree in front of them, and he hurried off. Alice thought over all the rest of the Lobster Quadrille, that she had plenty of time as.', 9, 90, 6, NULL, 6900, '2012-11-26 15:46:40', '2020-05-31 15:37:52'),
	(343, 'ut 343', 'Molestiae et aut maiores incidunt id velit molestiae. Ut dolorem repudiandae dolorem maxime sint animi quaerat. Et quasi cumque ut quia voluptatem.', 'And she thought there was enough of it in asking riddles that have no notion how long ago anything had happened.) So she set the little creature down, and the Panther received knife and fork with a.', 18, 15, 5, NULL, 7100, '2011-04-27 19:46:50', '2020-05-31 15:37:52'),
	(344, 'deserunt 344', 'Qui perferendis laborum iure et. Nisi ut reiciendis vel ipsa corrupti rerum. Eligendi qui dolor voluptates consequatur quas consequatur.', 'Mock Turtle said: \'I\'m too stiff. And the Gryphon repeated impatiently: \'it begins "I passed by his face only, she would gather about her any more if you\'d rather not.\' \'We indeed!\' cried the.', 3, 105, 4, 6, 4400, '2013-05-09 16:46:17', '2020-05-31 15:37:52'),
	(345, 'quia 345', 'Aspernatur et delectus molestias et. Ut quos architecto aperiam asperiores cum. Est sequi sunt dolore atque quis. Explicabo fugit optio iusto aut accusantium nam et.', 'March Hare interrupted in a hurry: a large cat which was the cat.) \'I hope they\'ll remember her saucer of milk at tea-time. Dinah my dear! Let this be a Caucus-race.\' \'What IS a Caucus-race?\' said.', 6, 30, 1, 9, 9800, '2017-05-21 06:22:09', '2020-05-31 15:37:52'),
	(346, 'vero 346', 'Inventore et ipsa natus perspiciatis sapiente qui praesentium. Vel odio voluptatum magni facilis minus aspernatur. Eos aperiam et odio dolorum consequatur.', 'Alice, in a confused way, \'Prizes! Prizes!\' Alice had begun to think that very few things indeed were really impossible. There seemed to be no chance of getting her hands up to the three gardeners.', 3, 60, 5, 6, 1700, '2011-07-08 02:02:30', '2020-05-31 15:37:52'),
	(347, 'maxime 347', 'Est sint facere excepturi omnis. Eaque beatae sunt asperiores occaecati. Sit consectetur earum doloribus culpa blanditiis similique. Recusandae aspernatur est saepe.', 'Gryphon. \'I mean, what makes them so often, you know.\' Alice had been for some time after the rest of the Queen\'s hedgehog just now, only it ran away when it grunted again, so violently, that she.', 11, 105, 4, 5, 5100, '2013-04-24 07:26:22', '2020-05-31 15:37:52'),
	(348, 'itaque 348', 'Iure illum modi molestiae exercitationem. Consectetur quaerat maxime non consequatur. Aspernatur nam quos voluptatem a nesciunt. Quo voluptates corporis aut recusandae modi officiis.', 'The adventures first,\' said the Cat. \'I don\'t know one,\' said Alice. The King laid his hand upon her arm, and timidly said \'Consider, my dear: she is such a puzzled expression that she had never.', 11, 90, 4, 6, 400, '2013-11-17 11:56:46', '2020-05-31 15:37:52'),
	(349, 'eos 349', 'Quisquam voluptatibus harum voluptas dolorum. Aut consequuntur velit numquam dolor quam. Et dolorum in sunt libero ducimus. Iusto repellat aut et eius. Voluptas quia consequuntur aperiam ad ad.', 'Let this be a grin, and she sat down again in a hoarse growl, \'the world would go through,\' thought poor Alice, \'when one wasn\'t always growing larger and smaller, and being ordered about in a bit.\'.', 4, 15, 4, 10, 5000, '2016-09-25 14:54:07', '2020-05-31 15:37:52'),
	(350, 'omnis 350', 'Et ex quo error explicabo impedit id. Animi quae modi tempora officiis neque facilis ullam molestiae. Adipisci a dicta sint debitis quo consequuntur. Ea eum alias eaque quo aut nesciunt eligendi.', 'Alice. \'Only a thimble,\' said Alice loudly. \'The idea of the bottle was NOT marked \'poison,\' it is you hate--C and D,\' she added in an agony of terror. \'Oh, there goes his PRECIOUS nose\'; as an.', 14, 90, 3, 9, 7000, '2013-03-21 19:28:25', '2020-05-31 15:37:52'),
	(351, 'quae 351', 'Distinctio aut vel quis maiores ea a. Quo nihil ut sapiente veniam quas non. Omnis ut vero sit nihil. Molestias nisi fugit quia velit. Et enim qui commodi molestiae.', 'Queen, \'and take this child away with me,\' thought Alice, \'or perhaps they won\'t walk the way wherever she wanted to send the hedgehog to, and, as the other.\' As soon as look at me like a stalk out.', 13, 90, 5, NULL, 3700, '2015-03-31 12:00:31', '2020-05-31 15:37:52'),
	(352, 'qui 352', 'Nihil sint nihil libero voluptatem ea neque repellat. Quia ea deleniti et. Est quisquam alias in quidem ut doloremque incidunt. Nisi et possimus corporis nihil voluptatem enim.', 'Rabbit\'s little white kid gloves while she ran, as well to say when I was going a journey, I should think you\'ll feel it a very poor speaker,\' said the Duchess, the Duchess! Oh! won\'t she be savage.', 7, 15, 6, NULL, 9900, '2018-08-16 03:56:12', '2020-05-31 15:37:52'),
	(353, 'blanditiis 353', 'Sapiente sint ut est. Rerum est nemo earum eum itaque consequatur numquam. Perspiciatis minus laudantium maxime. Neque sit aut nisi autem recusandae.', 'I don\'t want YOU with us!"\' \'They were obliged to have no notion how long ago anything had happened.) So she called softly after it, and behind them a new idea to Alice, and looking anxiously about.', 10, 75, 5, 7, 7500, '2015-08-02 22:33:16', '2020-05-31 15:37:52'),
	(354, 'repellendus 354', 'A consectetur ad ut ducimus voluptatem rerum. Et voluptas ipsa amet vero. Autem similique sed enim eius. Soluta eveniet fugiat necessitatibus hic ipsum.', 'Seven. \'Yes, it IS his business!\' said Five, in a VERY turn-up nose, much more like a candle. I wonder what I should have liked teaching it tricks very much, if--if I\'d only been the right.', 5, 90, 6, 6, 2700, '2015-07-29 11:34:48', '2020-05-31 15:37:52'),
	(355, 'quas 355', 'Ut ut omnis ipsum ut veritatis hic. Ipsa ab et quia sapiente. Occaecati sunt consectetur ut velit et qui.', 'SOMETHING interesting is sure to kill it in less than no time she\'d have everybody executed, all round. \'But she must have imitated somebody else\'s hand,\' said the Mouse, getting up and rubbed its.', 10, 90, 6, 10, 6500, '2016-03-12 16:29:31', '2020-05-31 15:37:52'),
	(356, 'sequi 356', 'Repellendus quis est delectus optio at. Deleniti cum ullam velit. A consequatur consequatur nemo adipisci libero accusamus. Perspiciatis eveniet incidunt mollitia.', 'I should be free of them hit her in an undertone, \'important--unimportant--unimportant--important--\' as if it likes.\' \'I\'d rather not,\' the Cat again, sitting on a three-legged stool in the wood,.', 14, 45, 5, 5, 30000, '2014-12-08 23:33:23', '2020-05-31 15:37:52'),
	(357, 'omnis 357', 'Vel aut magni qui aspernatur recusandae id. Ut voluptas voluptatibus doloribus asperiores eum doloribus voluptas.', 'There was exactly the right house, because the chimneys were shaped like ears and the executioner ran wildly up and saying, \'Thank you, it\'s a French mouse, come over with diamonds, and walked two.', 3, 30, 5, NULL, 1800, '2014-02-04 17:38:00', '2020-05-31 15:37:52'),
	(358, 'est 358', 'Quos corporis unde nisi ut suscipit necessitatibus dolorem. Non tempora reprehenderit perferendis dolorem minus iusto sit. Aut voluptatem labore voluptates asperiores.', 'YOU manage?\' Alice asked. The Hatter shook his grey locks, \'I kept all my limbs very supple By the time when she went on, half to itself, \'Oh dear! Oh dear! I\'d nearly forgotten that I\'ve got back.', 16, 45, 2, 5, 30000, '2010-10-15 02:45:02', '2020-05-31 15:37:52'),
	(359, 'ut 359', 'Reprehenderit quia reprehenderit dolorem sunt est et qui tenetur. Quidem et ipsa commodi explicabo repudiandae. Voluptate voluptas aliquid placeat.', 'YOU with us!"\' \'They were learning to draw,\' the Dormouse again, so she turned to the little crocodile Improve his shining tail, And pour the waters of the Gryphon, \'she wants for to know your.', 14, 90, 2, 6, 200, '2010-08-07 20:26:28', '2020-05-31 15:37:52'),
	(360, 'quo 360', 'Deleniti nesciunt et consequuntur. Excepturi totam consectetur perferendis nam. Sed neque dolore velit quam. Ab autem natus et in accusamus.', 'Alice: \'she\'s so extremely--\' Just then her head down to the end: then stop.\' These were the verses to himself: \'"WE KNOW IT TO BE TRUE--" that\'s the jury, in a long, low hall, which was full of.', 5, 45, 6, 10, 30000, '2014-01-04 04:21:38', '2020-05-31 15:37:52'),
	(361, 'alias 361', 'Pariatur quam doloribus et temporibus excepturi quo facilis. Repudiandae in quo sit. Nesciunt sapiente eius nihil ipsum libero rerum dolor. Rem incidunt iste architecto.', 'If they had any sense, they\'d take the roof bear?--Mind that loose slate--Oh, it\'s coming down! Heads below!\' (a loud crash)--\'Now, who did that?--It was Bill, the Lizard) could not remember ever.', 6, 30, 3, 8, 1400, '2012-06-26 07:36:00', '2020-05-31 15:37:52'),
	(362, 'illo 362', 'Sit consequatur laboriosam deleniti sint non dolorem sed dolorem. Ratione ullam minima ad eum magni voluptas exercitationem. Ut earum ipsa at neque ut provident.', 'I suppose.\' So she set to work, and very soon came upon a heap of sticks and dry leaves, and the turtles all advance! They are waiting on the top with its arms and frowning at the end of his tail..', 8, 15, 5, 9, 3200, '2016-04-20 02:06:34', '2020-05-31 15:37:52'),
	(363, 'expedita 363', 'Quibusdam totam impedit nisi ea eveniet sunt et. Magnam qui ratione nemo suscipit animi. Autem eveniet minus dolor corrupti provident earum. Et natus tenetur voluptate vel repellat iure est cum.', 'Dormouse said--\' the Hatter and the baby joined):-- \'Wow! wow! wow!\' While the Duchess was sitting between them, fast asleep, and the soldiers had to sing this:-- \'Beautiful Soup, so rich and green,.', 14, 60, 5, 6, 700, '2017-12-28 10:18:10', '2020-05-31 15:37:52'),
	(364, 'in 364', 'Sed eum tempora facilis tenetur eius et. Ut neque est ipsum molestiae quaerat et. Ipsum sint officia et dolor alias. Aperiam et ducimus sit ut fugit excepturi nesciunt. Est cumque ea eaque rerum qui sequi.', 'Gryphon answered, very nearly carried it off. \'If everybody minded their own business,\' the Duchess was VERY ugly; and secondly, because they\'re making such a puzzled expression that she still held.', 6, 120, 3, NULL, 6500, '2017-09-05 00:24:33', '2020-05-31 15:37:52'),
	(365, 'ipsam 365', 'Nobis ducimus nisi voluptatem modi id dolorem repudiandae. Veniam maiores ut ut accusamus laudantium dolor incidunt sunt. Quis necessitatibus pariatur aut qui et dignissimos quaerat. Ut nulla tenetur saepe consequatur sunt laudantium non. Veritatis perferendis doloremque occaecati vel consequatur accusamus.', 'Duchess; \'and that\'s the jury, in a VERY unpleasant state of mind, she turned away. \'Come back!\' the Caterpillar sternly. \'Explain yourself!\' \'I can\'t help it,\' she thought, and it set to work.', 9, 105, 5, NULL, 8100, '2017-01-19 12:58:03', '2020-05-31 15:37:52'),
	(366, 'non 366', 'Deserunt sit non in et. Voluptas omnis iusto eum iure magni laudantium. Consectetur nobis exercitationem sapiente quam. Excepturi quaerat enim ex perspiciatis.', 'March Hare interrupted, yawning. \'I\'m getting tired of being upset, and their slates and pencils had been running half an hour or so, and were resting in the last time she found it very nice, (it.', 4, 60, 6, NULL, 3200, '2017-07-04 02:04:36', '2020-05-31 15:37:52'),
	(367, 'non 367', 'Est necessitatibus alias ea excepturi cupiditate animi voluptatibus voluptate. Doloremque nesciunt eum id quo. Veritatis voluptate aut magnam sunt est ratione provident. Placeat necessitatibus perspiciatis voluptas accusantium odit nisi perferendis.', 'Alice: \'allow me to introduce some other subject of conversation. While she was in confusion, getting the Dormouse say?\' one of them.\' In another minute the whole pack rose up into the darkness as.', 11, 45, 1, 8, 1300, '2011-04-05 17:48:53', '2020-05-31 15:37:52'),
	(368, 'officia 368', 'Doloremque delectus dolorum qui maxime minus. Deleniti est in illo quasi doloremque qui. Numquam ullam sed expedita sed vel. Maiores et dolor reprehenderit ipsa.', 'And pour the waters of the well, and noticed that they could not remember ever having heard of one,\' said Alice, as she had expected: before she gave one sharp kick, and waited to see that the.', 4, 30, 3, 4, 1400, '2012-06-14 11:27:21', '2020-05-31 15:37:52'),
	(369, 'fugiat 369', 'Alias nihil qui esse exercitationem. Veniam velit quas est fugit rerum quae. Asperiores aperiam recusandae vitae voluptate eius odit.', 'Mouse, in a mournful tone, \'he won\'t do a thing before, and he poured a little sharp bark just over her head down to look over their slates; \'but it doesn\'t matter much,\' thought Alice, \'it\'ll never.', 9, 45, 2, NULL, 2400, '2012-07-20 11:34:57', '2020-05-31 15:37:52'),
	(370, 'eligendi 370', 'Minima est esse rerum omnis. Sint dolorem aperiam adipisci qui reprehenderit voluptatum aliquam. Dolorem ab cupiditate eius ad dolores. Veritatis consectetur qui voluptatem. Et veritatis ullam voluptas deserunt.', 'Cat\'s head with great curiosity. \'It\'s a Cheshire cat,\' said the Dormouse; \'VERY ill.\' Alice tried to speak, and no room to open her mouth; but she had peeped into the sky all the things get used to.', 3, 90, 1, 10, 7700, '2015-11-12 23:42:10', '2020-05-31 15:37:52'),
	(371, 'inventore 371', 'Consequuntur soluta sed sed et aperiam iusto. A voluptates ullam aut esse. In eum qui eligendi dolore labore mollitia. Dolor expedita recusandae placeat exercitationem sunt. Magni aspernatur omnis quia voluptatibus.', 'D,\' she added aloud. \'Do you know why it\'s called a whiting?\' \'I never went to him,\' said Alice in a sorrowful tone; \'at least there\'s no name signed at the bottom of the trees behind him. \'--or.', 11, 60, 1, 6, 30000, '2015-11-22 05:11:10', '2020-05-31 15:37:52'),
	(372, 'ipsam 372', 'Provident sint minima cum totam nihil dolore qui exercitationem. Commodi sequi aspernatur a velit alias dolor sed. Deleniti illum explicabo voluptatem quis maiores.', 'I\'d hardly finished the first figure!\' said the King said to herself, \'I don\'t know the way down one side and then hurried on, Alice started to her great disappointment it was a most extraordinary.', 6, 60, 3, 8, 30000, '2015-05-09 05:39:07', '2020-05-31 15:37:52'),
	(373, 'dolor 373', 'Beatae occaecati ut sunt et tempore. Vel odio fugiat sed voluptatem aut dicta molestiae. Totam enim qui ut et. Ipsum laboriosam inventore harum voluptatum sit velit. Eos quo sit quam reprehenderit in sapiente.', 'Soup! Beau--ootiful Soo--oop! Soo--oop of the trial.\' \'Stupid things!\' Alice began to tremble. Alice looked at it again: but he could go. Alice took up the little glass table. \'Now, I\'ll manage.', 17, 30, 5, 8, 9700, '2015-12-07 07:59:17', '2020-05-31 15:37:52'),
	(374, 'ea 374', 'Amet eveniet recusandae aut est magnam. Eveniet voluptas mollitia doloremque sed. Aut quaerat consequatur omnis animi et quidem reiciendis. Ut sequi et doloremque vero.', 'Hatter grumbled: \'you shouldn\'t have put it to be treated with respect. \'Cheshire Puss,\' she began, in rather a handsome pig, I think.\' And she began looking at the mushroom (she had kept a piece of.', 11, 60, 6, NULL, 500, '2015-09-12 06:27:11', '2020-05-31 15:37:52'),
	(375, 'ratione 375', 'Quod dolorum et minus nulla incidunt ut voluptas voluptate. Rerum dolorum occaecati aperiam ut nulla est. Assumenda ratione praesentium natus dicta iste maxime. Hic nobis at vel et dolor culpa.', 'Alice. \'I\'m glad I\'ve seen that done,\' thought Alice. \'I\'m a--I\'m a--\' \'Well! WHAT are you?\' said Alice, rather alarmed at the righthand bit again, and we put a white one in by mistake; and if it.', 3, 105, 5, NULL, 4100, '2018-02-01 08:52:16', '2020-05-31 15:37:52'),
	(376, 'aspernatur 376', 'Tempora ut asperiores asperiores totam. Enim in deserunt in enim autem pariatur maxime. Voluptates iure eum dolore laboriosam repellat eos.', 'Alice had not a regular rule: you invented it just at first, but, after watching it a bit, if you were down here till I\'m somebody else"--but, oh dear!\' cried Alice again, for really I\'m quite tired.', 16, 60, 6, 7, 2400, '2019-12-31 21:41:49', '2020-05-31 15:37:52'),
	(377, 'dolores 377', 'Eos quam fugiat asperiores aspernatur est. Quia eveniet ratione asperiores ipsa totam. Aperiam consequatur ut tenetur illo qui. Quis doloremque eaque possimus consequatur.', 'Mouse had changed his mind, and was going to say,\' said the Duchess. \'I make you grow taller, and the choking of the moment she appeared; but she thought it over a little before she had a pencil.', 14, 90, 1, NULL, 8000, '2011-01-17 15:28:29', '2020-05-31 15:37:52'),
	(378, 'eveniet 378', 'Amet impedit unde repellendus sit dicta. Veniam laboriosam qui rem et in. Assumenda ipsam perferendis fugiat corporis consequuntur ut molestias.', 'Alice sadly. \'Hand it over afterwards, it occurred to her very earnestly, \'Now, Dinah, tell me who YOU are, first.\' \'Why?\' said the Mock Turtle, capering wildly about. \'Change lobsters again!\'.', 3, 75, 3, NULL, 30000, '2015-04-29 01:37:36', '2020-05-31 15:37:52'),
	(379, 'libero 379', 'Est ducimus laboriosam itaque ut sed error nihil. Non magnam ab hic occaecati vel ut ratione natus.', 'Alice; \'you needn\'t be so easily offended!\' \'You\'ll get used up.\' \'But what did the Dormouse crossed the court, arm-in-arm with the bread-and-butter getting so used to read fairy-tales, I fancied.', 3, 30, 3, 4, 100, '2015-12-09 19:26:48', '2020-05-31 15:37:52'),
	(380, 'unde 380', 'Minima officiis doloribus deserunt quos. Non temporibus excepturi id debitis. Sint vero itaque accusantium nihil sint sit. Ea illum eos facilis nesciunt aut.', 'Alice thought she might as well look and see after some executions I have ordered\'; and she ran with all her knowledge of history, Alice had got its neck nicely straightened out, and was going to.', 15, 75, 4, 4, 2700, '2017-10-24 13:45:02', '2020-05-31 15:37:52'),
	(381, 'maiores 381', 'Est aperiam asperiores et expedita hic aut assumenda. Enim dolor quaerat et qui nesciunt officia. Omnis unde est deserunt ea error.', 'MINE,\' said the Cat remarked. \'Don\'t be impertinent,\' said the Dodo, \'the best way to fly up into the earth. At last the Caterpillar took the thimble, saying \'We beg your pardon!\' said the March.', 17, 105, 4, 4, 9600, '2012-08-07 01:23:46', '2020-05-31 15:37:52'),
	(382, 'unde 382', 'Et aut nostrum veniam ducimus ut corrupti consequatur. Aperiam quasi dignissimos officia consequuntur. Est beatae voluptatibus quasi nemo rerum quo.', 'Dormouse fell asleep instantly, and Alice guessed who it was, even before she got up this morning? I almost wish I\'d gone to see it pop down a large fan in the pictures of him), while the rest of my.', 3, 60, 2, NULL, 900, '2016-08-21 14:03:28', '2020-05-31 17:19:18'),
	(383, 'qui 383', 'Ex ullam architecto et aliquam magni sint ipsum. Id ab nam et modi ea. Dolorem mollitia qui occaecati quisquam culpa numquam enim.', 'Caterpillar; and it was all dark overhead; before her was another long passage, and the little door into that beautiful garden--how IS that to be found: all she could do, lying down with her head.', 9, 30, 3, 8, 1200, '2019-10-15 10:00:11', '2020-05-31 15:37:52'),
	(384, 'assumenda 384', 'Aperiam consequatur aperiam et recusandae iste natus modi molestiae. Esse qui pariatur vero ratione omnis amet laboriosam eos. Reprehenderit ipsam omnis minima nostrum aut labore. Maxime vitae eum rerum laudantium omnis impedit omnis.', 'Duchess: \'what a clear way you can;--but I must sugar my hair." As a duck with its tongue hanging out of that is--"The more there is of yours."\' \'Oh, I know!\' exclaimed Alice, who felt ready to sink.', 3, 45, 1, NULL, 6200, '2011-07-24 18:29:04', '2020-05-31 15:37:52'),
	(385, 'est 385', 'Est temporibus aut cumque cum quia perferendis. Eligendi voluptates aut nesciunt aut ea. Tempora voluptas dolores quia vel doloribus. Libero libero voluptate temporibus adipisci sunt perferendis.', 'Alice, \'because I\'m not Ada,\' she said, by way of keeping up the other, and making quite a conversation of it had made. \'He took me for a baby: altogether Alice did not wish to offend the Dormouse.', 15, 75, 1, 5, 8300, '2011-09-29 07:09:03', '2020-05-31 15:37:52'),
	(386, 'dolor 386', 'Quis pariatur earum animi recusandae eveniet quisquam. Enim eos non et. Exercitationem minus sint deleniti vitae.', 'Duchess! The Duchess! Oh my fur and whiskers! She\'ll get me executed, as sure as ferrets are ferrets! Where CAN I have ordered\'; and she at once took up the chimney, and said to Alice, and her eyes.', 15, 30, 6, 10, 7300, '2016-09-05 01:21:29', '2020-05-31 15:37:52'),
	(387, 'culpa 387', 'Cumque autem corrupti non ab et. Quis illum ab consequuntur quia sit aspernatur at. Assumenda iure quidem consequatur sed sed voluptates. Ea consequatur aut aliquam quidem aut molestiae necessitatibus.', 'Caterpillar. \'Well, I hardly know--No more, thank ye; I\'m better now--but I\'m a deal faster than it does.\' \'Which would NOT be an old crab, HE was.\' \'I never saw one, or heard of one,\' said Alice,.', 9, 15, 6, 9, 8100, '2017-08-11 12:35:41', '2020-05-31 15:37:52'),
	(388, 'nisi 388', 'Quas placeat quibusdam ipsam excepturi. Et architecto fuga asperiores dolor ab quod. Necessitatibus aut doloribus mollitia eius reprehenderit et perferendis cupiditate. Aut dolore labore fugit et minus iusto ex. Doloribus optio molestias quis et.', 'DON\'T know,\' said the Dormouse; \'--well in.\' This answer so confused poor Alice, \'it would be quite as much right,\' said the Pigeon; \'but I haven\'t been invited yet.\' \'You\'ll see me there,\' said the.', 15, 90, 3, NULL, 8500, '2013-10-07 07:27:46', '2020-05-31 15:37:52'),
	(389, 'debitis 389', 'A doloremque asperiores voluptate ut. Rerum eum dolores velit nihil commodi. Maiores natus aperiam et dolore debitis blanditiis cumque. Aut aut corporis et aut itaque ut corrupti. Qui quae voluptas quae tempore ducimus ab modi.', 'The Hatter\'s remark seemed to be patted on the twelfth?\' Alice went on all the jurors had a VERY unpleasant state of mind, she turned to the beginning of the crowd below, and there was mouth enough.', 5, 60, 5, NULL, 4800, '2018-09-16 19:54:16', '2020-05-31 15:37:52'),
	(390, 'harum 390', 'Nobis sequi sunt molestias tenetur architecto provident iure. Autem voluptatibus ducimus voluptas cupiditate. Aut iure dolor ad vel. Consectetur ipsa et debitis accusantium. Consequuntur harum omnis veniam animi fugit non ea perferendis.', 'Cat. \'I\'d nearly forgotten that I\'ve got to come before that!\' \'Call the first witness,\' said the Gryphon, \'she wants for to know when the White Rabbit was still in sight, and no one to listen to.', 14, 105, 1, 6, 30000, '2019-04-26 20:04:54', '2020-05-31 15:37:52'),
	(391, 'aspernatur 391', 'Tempora totam molestiae suscipit non at qui. Incidunt deleniti sequi illum est consectetur. Velit ut doloribus sed magni hic consectetur. Quos aut iusto omnis quos molestias modi. Qui suscipit tempore veritatis harum ut.', 'Alice cautiously replied: \'but I must have been ill.\' \'So they were,\' said the King. \'Nothing whatever,\' said Alice. \'Nothing WHATEVER?\' persisted the King. \'Then it ought to be no chance of her.', 3, 60, 5, 7, 8200, '2016-12-21 13:20:04', '2020-05-31 15:37:52'),
	(392, 'id 392', 'Laborum maxime error alias natus itaque. Velit vel nihil nostrum libero. Eius quia earum rerum velit minima beatae. Quis unde dignissimos cupiditate dolorem qui quia.', 'Rabbit noticed Alice, as she could see it trying in a hoarse growl, \'the world would go through,\' thought poor Alice, \'when one wasn\'t always growing larger and smaller, and being ordered about by.', 11, 60, 6, NULL, 5800, '2014-03-04 16:56:57', '2020-05-31 15:37:52'),
	(393, 'placeat 393', 'Aut voluptate ipsa suscipit ut. Atque similique et id molestiae debitis minus sapiente. Quos facere error nisi molestiae. Temporibus tenetur eveniet a nam impedit dicta dolores. Ad error in repellendus sapiente libero quibusdam.', 'Dormouse fell asleep instantly, and Alice called after it; and while she was holding, and she felt certain it must be Mabel after all, and I don\'t understand. Where did they live at the bottom of a.', 4, 75, 2, 5, 2000, '2015-12-22 14:21:46', '2020-05-31 15:37:52'),
	(394, 'quia 394', 'Et autem magni sint. Quia ut adipisci ea quia.', 'I had not a moment like a snout than a real nose; also its eyes were nearly out of sight; and an old Turtle--we used to read fairy-tales, I fancied that kind of rule, \'and vinegar that makes them so.', 10, 60, 2, 5, 4100, '2017-03-13 00:39:17', '2020-05-31 15:37:52'),
	(395, 'voluptatibus 395', 'Suscipit ullam et consectetur. Labore et omnis ab culpa. Rerum nisi ab eveniet provident.', 'This time Alice waited patiently until it chose to speak again. In a minute or two she stood still where she was, and waited. When the sands are all pardoned.\' \'Come, THAT\'S a good opportunity for.', 5, 90, 5, NULL, 9300, '2010-09-26 10:56:21', '2020-05-31 15:37:52'),
	(396, 'veritatis 396', 'Non distinctio dolorem non neque nostrum mollitia. Nemo qui eos ea voluptate ab ipsum. Quidem aut laborum distinctio ipsam.', 'Time as well go back, and see how the game was going off into a pig, my dear,\' said Alice, who felt ready to talk to.\' \'How are you getting on?\' said the King, with an important air, \'are you all.', 3, 15, 1, 5, 3500, '2012-02-21 22:43:12', '2020-05-31 15:37:52'),
	(397, 'distinctio 397', 'Velit dicta mollitia magnam voluptatem. Minus ut consequatur magni nobis quaerat praesentium. Nam voluptatem libero adipisci doloribus cupiditate. Ut ipsa quam numquam voluptatem.', 'Hatter, who turned pale and fidgeted. \'Give your evidence,\' said the Mouse, turning to the seaside once in a coaxing tone, and everybody else. \'Leave off that!\' screamed the Queen. \'Sentence.', 10, 45, 2, 10, 300, '2010-07-20 18:29:49', '2020-05-31 15:37:52'),
	(398, 'aspernatur 398', 'Et porro sed at officia quidem. Quasi veritatis et qui temporibus aliquid harum. Aut explicabo labore ut rem. Qui incidunt vel omnis perspiciatis aut rerum corporis.', 'Alice, \'it would have made a snatch in the lock, and to stand on your shoes and stockings for you now, dears? I\'m sure I have none, Why, I haven\'t been invited yet.\' \'You\'ll see me there,\' said the.', 6, 60, 5, 10, 5000, '2018-11-17 14:00:21', '2020-05-31 15:37:52'),
	(399, 'ut 399', 'Ullam officiis inventore nemo tempora. Reprehenderit facilis omnis dicta ducimus. Consectetur aut qui laboriosam odit nihil fugit aut. Quis ex maxime soluta esse rerum nesciunt.', 'HERE.\' \'But then,\' thought Alice, and she went on in these words: \'Yes, we went to him,\' said Alice in a very long silence, broken only by an occasional exclamation of \'Hjckrrh!\' from the shock of.', 4, 60, 3, 6, 4800, '2017-03-01 02:40:48', '2020-05-31 15:37:52'),
	(400, 'numquam 400', 'Tenetur molestiae quae veniam voluptas eum sequi. Voluptates eveniet facere velit. Non provident possimus perferendis ut ea eius eveniet est. Qui quia eum possimus ut error maiores corrupti.', 'THEIR eyes bright and eager with many a strange tale, perhaps even with the Queen, who were giving it something out of a well--\' \'What did they live at the corners: next the ten courtiers; these.', 11, 90, 6, 6, 8800, '2013-11-09 23:14:17', '2020-05-31 15:37:52');
/*!40000 ALTER TABLE `products` ENABLE KEYS */;


-- Дамп структуры для таблица hobbygames.products_categories
DROP TABLE IF EXISTS `products_categories`;
CREATE TABLE IF NOT EXISTS `products_categories` (
  `product_id` int(10) unsigned NOT NULL,
  `category_id` int(10) unsigned NOT NULL,
  PRIMARY KEY (`product_id`,`category_id`),
  KEY `products_categories_category_id_fk` (`category_id`),
  CONSTRAINT `products_categories_category_id_fk` FOREIGN KEY (`category_id`) REFERENCES `categories` (`id`) ON DELETE CASCADE ON UPDATE CASCADE,
  CONSTRAINT `products_categories_product_id_fk` FOREIGN KEY (`product_id`) REFERENCES `products` (`id`) ON DELETE CASCADE ON UPDATE CASCADE
) ENGINE=InnoDB DEFAULT CHARSET=utf8 COLLATE=utf8_unicode_ci;

-- Дамп данных таблицы hobbygames.products_categories: ~300 rows (приблизительно)
/*!40000 ALTER TABLE `products_categories` DISABLE KEYS */;
INSERT INTO `products_categories` (`product_id`, `category_id`) VALUES
	(8, 1),
	(54, 1),
	(88, 1),
	(97, 1),
	(120, 1),
	(123, 1),
	(131, 1),
	(135, 1),
	(146, 1),
	(167, 1),
	(170, 1),
	(202, 1),
	(233, 1),
	(239, 1),
	(244, 1),
	(249, 1),
	(255, 1),
	(289, 1),
	(358, 1),
	(393, 1),
	(26, 2),
	(38, 2),
	(61, 2),
	(71, 2),
	(100, 2),
	(117, 2),
	(144, 2),
	(171, 2),
	(14, 3),
	(27, 3),
	(37, 3),
	(43, 3),
	(67, 3),
	(69, 3),
	(84, 3),
	(93, 3),
	(117, 3),
	(128, 3),
	(147, 3),
	(165, 3),
	(223, 3),
	(226, 3),
	(324, 3),
	(328, 3),
	(352, 3),
	(384, 3),
	(9, 4),
	(65, 4),
	(96, 4),
	(126, 4),
	(213, 4),
	(226, 4),
	(241, 4),
	(293, 4),
	(317, 4),
	(337, 4),
	(368, 4),
	(378, 4),
	(5, 5),
	(69, 5),
	(95, 5),
	(99, 5),
	(110, 5),
	(171, 5),
	(194, 5),
	(234, 5),
	(331, 5),
	(385, 5),
	(390, 5),
	(399, 5),
	(400, 5),
	(9, 6),
	(43, 6),
	(48, 6),
	(113, 6),
	(114, 6),
	(123, 6),
	(139, 6),
	(176, 6),
	(179, 6),
	(205, 6),
	(280, 6),
	(315, 6),
	(320, 6),
	(350, 6),
	(364, 6),
	(374, 6),
	(395, 6),
	(22, 7),
	(35, 7),
	(36, 7),
	(83, 7),
	(88, 7),
	(102, 7),
	(106, 7),
	(110, 7),
	(140, 7),
	(218, 7),
	(243, 7),
	(251, 7),
	(290, 7),
	(364, 7),
	(382, 7),
	(390, 7),
	(3, 8),
	(79, 8),
	(83, 8),
	(105, 8),
	(108, 8),
	(121, 8),
	(149, 8),
	(168, 8),
	(173, 8),
	(177, 8),
	(178, 8),
	(278, 8),
	(283, 8),
	(344, 8),
	(389, 8),
	(49, 9),
	(72, 9),
	(75, 9),
	(80, 9),
	(111, 9),
	(142, 9),
	(183, 9),
	(184, 9),
	(345, 9),
	(349, 9),
	(353, 9),
	(359, 9),
	(387, 9),
	(396, 9),
	(1, 10),
	(13, 10),
	(31, 10),
	(44, 10),
	(96, 10),
	(137, 10),
	(193, 10),
	(201, 10),
	(212, 10),
	(230, 10),
	(235, 10),
	(285, 10),
	(300, 10),
	(303, 10),
	(314, 10),
	(326, 10),
	(342, 10),
	(349, 10),
	(366, 10),
	(371, 10),
	(378, 10),
	(16, 11),
	(29, 11),
	(106, 11),
	(139, 11),
	(228, 11),
	(229, 11),
	(258, 11),
	(329, 11),
	(350, 11),
	(353, 11),
	(370, 11),
	(45, 12),
	(75, 12),
	(82, 12),
	(96, 12),
	(127, 12),
	(131, 12),
	(134, 12),
	(140, 12),
	(208, 12),
	(211, 12),
	(240, 12),
	(274, 12),
	(377, 12),
	(394, 12),
	(400, 12),
	(12, 13),
	(20, 13),
	(26, 13),
	(33, 13),
	(38, 13),
	(42, 13),
	(69, 13),
	(104, 13),
	(138, 13),
	(139, 13),
	(142, 13),
	(216, 13),
	(264, 13),
	(374, 13),
	(54, 14),
	(56, 14),
	(61, 14),
	(80, 14),
	(125, 14),
	(180, 14),
	(181, 14),
	(211, 14),
	(259, 14),
	(275, 14),
	(291, 14),
	(297, 14),
	(329, 14),
	(340, 14),
	(350, 14),
	(360, 14),
	(2, 15),
	(75, 15),
	(109, 15),
	(137, 15),
	(162, 15),
	(233, 15),
	(246, 15),
	(256, 15),
	(261, 15),
	(266, 15),
	(269, 15),
	(286, 15),
	(292, 15),
	(312, 15),
	(317, 15),
	(357, 15),
	(384, 15),
	(12, 16),
	(18, 16),
	(26, 16),
	(35, 16),
	(47, 16),
	(82, 16),
	(95, 16),
	(115, 16),
	(174, 16),
	(176, 16),
	(183, 16),
	(224, 16),
	(253, 16),
	(260, 16),
	(271, 16),
	(295, 16),
	(309, 16),
	(322, 16),
	(370, 16),
	(399, 16),
	(5, 17),
	(22, 17),
	(33, 17),
	(54, 17),
	(56, 17),
	(72, 17),
	(77, 17),
	(96, 17),
	(110, 17),
	(126, 17),
	(148, 17),
	(271, 17),
	(339, 17),
	(11, 18),
	(44, 18),
	(107, 18),
	(137, 18),
	(148, 18),
	(170, 18),
	(176, 18),
	(217, 18),
	(247, 18),
	(248, 18),
	(287, 18),
	(341, 18),
	(346, 18),
	(23, 19),
	(31, 19),
	(41, 19),
	(64, 19),
	(85, 19),
	(94, 19),
	(95, 19),
	(101, 19),
	(147, 19),
	(152, 19),
	(162, 19),
	(186, 19),
	(212, 19),
	(311, 19),
	(41, 20),
	(50, 20),
	(54, 20),
	(96, 20),
	(127, 20),
	(185, 20),
	(190, 20),
	(198, 20),
	(300, 20),
	(342, 20),
	(378, 20),
	(380, 20),
	(387, 20);
/*!40000 ALTER TABLE `products_categories` ENABLE KEYS */;


-- Дамп структуры для таблица hobbygames.shops
DROP TABLE IF EXISTS `shops`;
CREATE TABLE IF NOT EXISTS `shops` (
  `id` int(10) unsigned NOT NULL AUTO_INCREMENT,
  `city` varchar(100) COLLATE utf8_unicode_ci NOT NULL,
  `adress` varchar(255) COLLATE utf8_unicode_ci NOT NULL,
  `phone` varchar(120) COLLATE utf8_unicode_ci NOT NULL,
  `created_at` datetime DEFAULT CURRENT_TIMESTAMP,
  `updated_at` datetime DEFAULT CURRENT_TIMESTAMP ON UPDATE CURRENT_TIMESTAMP,
  PRIMARY KEY (`id`),
  KEY `shops_city_idx` (`city`)
) ENGINE=InnoDB AUTO_INCREMENT=101 DEFAULT CHARSET=utf8 COLLATE=utf8_unicode_ci;

-- Дамп данных таблицы hobbygames.shops: ~100 rows (приблизительно)
/*!40000 ALTER TABLE `shops` DISABLE KEYS */;
INSERT INTO `shops` (`id`, `city`, `adress`, `phone`, `created_at`, `updated_at`) VALUES
	(1, 'Lake Evert', '805 Weissnat Center Suite 748', '350.628.5038', '2015-06-04 18:01:55', '2019-03-05 20:01:48'),
	(2, 'Lefflerchester', '333 Ferry Terrace', '1-284-333-4850x03409', '2013-03-25 06:05:36', '2020-05-16 18:07:07'),
	(3, 'Reidland', '985 Baumbach Route', '713-686-1804', '2016-06-04 21:39:26', '2017-11-16 09:57:14'),
	(4, 'Kleinside', '2340 Lisa Mews Apt. 966', '(142)168-0296', '2014-02-28 19:43:44', '2019-08-29 03:23:53'),
	(5, 'Gerlachstad', '41867 Jayda Row', '(065)191-2983x6905', '2016-06-27 00:39:49', '2020-05-16 18:07:07'),
	(6, 'North Horacioborough', '068 Stroman Fords Suite 457', '(848)642-5127x08382', '2018-11-11 07:58:17', '2020-03-10 23:10:04'),
	(7, 'Bechtelartown', '863 General Estates Apt. 001', '155-243-1742x40023', '2013-10-25 09:20:43', '2018-08-11 02:33:47'),
	(8, 'Bartonstad', '2195 Haag Neck', '586.842.2674', '2011-10-15 05:09:58', '2019-06-14 04:52:40'),
	(9, 'Haleyport', '01806 Micheal Fork Apt. 431', '08253443455', '2017-03-24 00:29:26', '2020-05-16 18:07:07'),
	(10, 'North Georgiannaton', '7669 Amos Rue', '739.698.1252x75747', '2019-05-20 20:20:20', '2020-05-16 18:07:07'),
	(11, 'Laurynfort', '222 Nelda Fall', '881.444.4633', '2016-06-09 02:50:58', '2020-01-12 05:32:02'),
	(12, 'Breitenbergberg', '75410 Vinnie Valley', '590-827-6502', '2013-10-26 14:54:47', '2015-02-02 00:39:41'),
	(13, 'Kautzerbury', '70362 Ruecker Mews', '1-035-777-5605', '2011-10-07 12:00:45', '2015-04-13 17:43:48'),
	(14, 'Lake Candelario', '0541 Hailee Loaf', '151-812-9665x95244', '2018-06-21 20:10:55', '2019-07-03 04:55:51'),
	(15, 'Nitzschetown', '178 Caleigh Manors Suite 728', '03767170262', '2018-02-06 17:23:26', '2020-05-16 18:07:07'),
	(16, 'Kiehnburgh', '8540 Rollin Pines Suite 242', '(117)972-8392x86639', '2019-01-10 13:47:44', '2020-05-16 18:07:07'),
	(17, 'South Theresaside', '2784 Bahringer Dam', '07734004150', '2017-10-09 18:04:18', '2020-05-16 18:07:07'),
	(18, 'Schultzmouth', '617 Hermina Greens Suite 750', '(344)240-3975', '2017-07-23 13:57:43', '2020-05-16 18:07:07'),
	(19, 'North Raymundoborough', '34722 Christiansen Trace Apt. 533', '07563163865', '2012-04-15 00:59:05', '2013-11-02 00:54:50'),
	(20, 'Hermannbury', '1212 Ferry Club', '(056)210-3843x76844', '2013-06-26 15:38:34', '2015-08-11 20:01:40'),
	(21, 'Schuppeside', '075 Lura Ports', '1-994-474-0518', '2011-03-10 23:40:00', '2017-09-15 12:33:14'),
	(22, 'Kelsiville', '491 Rolfson Shores', '1-716-778-0203x5004', '2011-10-23 10:13:08', '2013-02-03 10:11:09'),
	(23, 'South Antoniatown', '2260 Berenice Mission Apt. 474', '05353403933', '2016-05-15 09:27:39', '2020-05-16 18:07:07'),
	(24, 'Lake Maggiebury', '78380 McLaughlin Manor', '271.076.0537x7147', '2018-12-23 11:09:33', '2020-05-16 18:07:07'),
	(25, 'East Jonathan', '69906 Aniyah Heights', '+99(6)8057857861', '2020-04-10 10:24:39', '2020-05-16 18:07:07'),
	(26, 'North Charlotteburgh', '85962 Sammie Lodge', '1-443-621-0769', '2018-08-24 09:34:31', '2018-09-10 13:07:09'),
	(27, 'Lindside', '33088 Halvorson Station Apt. 492', '1-018-392-5929x275', '2018-10-13 15:58:26', '2020-05-16 18:07:07'),
	(28, 'Port Maye', '498 Jammie Avenue', '(049)266-0402', '2010-05-30 09:49:12', '2015-02-15 21:33:00'),
	(29, 'Brekketon', '9176 Marianne Cove Suite 581', '790.563.3300x0942', '2014-08-13 00:37:10', '2019-07-31 00:17:27'),
	(30, 'East Shirley', '736 Tomas Fall', '(219)114-8939', '2010-07-12 20:26:49', '2016-12-10 14:14:44'),
	(31, 'Abbottburgh', '11722 Alivia Terrace', '315.982.9971', '2017-09-05 21:58:56', '2020-05-16 18:07:07'),
	(32, 'North Jordichester', '740 Funk Village Suite 117', '03554167877', '2017-02-11 12:58:34', '2019-07-27 08:58:24'),
	(33, 'East Christine', '1548 Vladimir Forest Suite 415', '077-707-4889x0695', '2013-08-09 22:22:00', '2019-06-26 23:23:05'),
	(34, 'Lake Godfrey', '5171 Angela Ferry Apt. 975', '093-413-9637', '2014-05-13 03:09:29', '2020-03-28 16:40:07'),
	(35, 'New Martaside', '17400 Amelia Knolls Apt. 223', '024-305-7349x343', '2016-09-18 10:49:17', '2020-05-16 18:07:07'),
	(36, 'Lake Marianchester', '977 Halvorson Place Apt. 597', '501.676.5599', '2018-09-14 05:12:28', '2020-05-16 18:07:07'),
	(37, 'Felixton', '741 McDermott Mill Apt. 693', '+01(9)1170667905', '2020-01-04 13:03:20', '2020-05-16 18:07:07'),
	(38, 'Preciousmouth', '9365 Rachelle Gateway Suite 106', '623-694-1037', '2017-07-31 19:49:10', '2020-05-16 18:07:07'),
	(39, 'Natport', '93661 Howe Dale', '(121)971-2302x33045', '2019-10-21 15:03:19', '2020-05-16 18:07:07'),
	(40, 'Altenwerthview', '51432 Daniel Lights Apt. 802', '1-608-010-3483', '2012-05-20 18:29:59', '2016-02-01 14:31:46'),
	(41, 'Alexandreabury', '3079 Beier Ville Suite 222', '546-008-9331', '2017-12-08 05:51:42', '2020-05-16 18:07:07'),
	(42, 'Lake Zacheryborough', '339 Foster Streets Apt. 558', '989-964-0452', '2015-08-19 06:43:08', '2020-05-16 18:07:07'),
	(43, 'Lake Hudson', '47009 Reagan Corners', '053.226.5552x02321', '2019-05-27 04:37:58', '2020-05-16 18:07:07'),
	(44, 'Baileystad', '04390 Murazik Roads Apt. 252', '(793)268-4370', '2012-08-28 08:31:54', '2020-05-16 18:07:07'),
	(45, 'Esperanzastad', '0666 Stiedemann Extensions Apt. 374', '255.472.4459x017', '2015-10-21 15:27:28', '2019-04-04 12:43:25'),
	(46, 'Ritchieland', '360 Margaret Drive Suite 044', '960-843-2874x057', '2013-10-07 15:37:10', '2015-06-09 06:39:00'),
	(47, 'East Abigail', '377 Saige Heights', '+58(2)4149414902', '2019-01-05 18:10:43', '2020-05-16 18:07:07'),
	(48, 'Rathtown', '3506 Marquise Fords', '(532)585-9408x6706', '2015-11-03 08:34:06', '2020-05-16 18:07:07'),
	(49, 'Hadleyburgh', '720 Hal Ferry', '(029)383-8648x3534', '2011-09-01 06:51:01', '2019-11-02 00:47:40'),
	(50, 'Vickiemouth', '89092 Renee Park Apt. 006', '07332407994', '2018-06-01 09:00:56', '2019-11-10 10:24:23'),
	(51, 'Robelshire', '95827 Jadyn Inlet Suite 541', '765.739.5158x50460', '2017-01-14 08:42:16', '2020-05-16 18:07:07'),
	(52, 'Noreneton', '951 Heidi Prairie Suite 925', '791-717-9746', '2018-04-26 14:44:59', '2020-05-16 18:07:07'),
	(53, 'South Shermanland', '910 Auer Branch Apt. 429', '07535006959', '2014-07-09 07:54:17', '2020-05-16 18:07:07'),
	(54, 'Hannaport', '24851 Cremin Mountain Apt. 557', '961.036.5818', '2017-05-19 19:48:51', '2020-03-13 01:48:59'),
	(55, 'East Mellie', '1302 Lemke Viaduct Apt. 909', '560.707.7630x459', '2016-04-19 17:33:17', '2018-05-21 12:42:03'),
	(56, 'Dantefort', '34708 Braun Canyon Apt. 526', '572-621-4468x6225', '2018-12-28 03:38:09', '2020-05-16 18:07:07'),
	(57, 'South Trevionton', '31815 Schowalter Mill', '736.137.2336x7292', '2012-01-20 20:04:28', '2018-09-02 19:36:53'),
	(58, 'Cronatown', '05303 Alexys Viaduct', '137.755.8528', '2016-05-26 16:24:07', '2018-07-23 00:24:35'),
	(59, 'South Carmen', '7254 Issac Walk', '(071)654-4552', '2019-12-13 09:36:24', '2020-05-16 18:07:07'),
	(60, 'New Kade', '3713 Leffler Plaza', '548.184.6565x500', '2017-05-07 03:26:16', '2018-02-26 00:33:54'),
	(61, 'North Alizeport', '7199 Dion Forges Apt. 131', '1-003-823-5666', '2013-02-06 05:28:52', '2018-03-10 21:50:57'),
	(62, 'West Melvina', '8006 Reba Locks', '322-365-7854x164', '2011-07-23 22:35:21', '2012-04-05 13:16:27'),
	(63, 'Fredborough', '89440 Lauren Tunnel', '06557744603', '2017-12-03 18:28:48', '2018-06-01 22:07:37'),
	(64, 'Port Kay', '292 Schiller Groves Suite 378', '(286)583-2449x35081', '2019-03-13 12:04:39', '2020-05-16 18:07:07'),
	(65, 'West Nakia', '167 Austen Course', '000.119.8008x2399', '2015-10-21 22:25:18', '2019-05-13 07:29:43'),
	(66, 'Kozeyburgh', '9105 Reva Summit', '+14(9)9077183017', '2015-12-24 22:11:23', '2020-05-16 18:07:07'),
	(67, 'Windlertown', '979 Schulist Station Apt. 035', '863-476-4734x12805', '2013-01-11 09:31:51', '2020-05-16 18:07:07'),
	(68, 'New Kielfurt', '8362 Robel Locks Apt. 436', '(240)289-2887', '2017-08-08 15:15:42', '2020-05-16 18:07:07'),
	(69, 'Port Maddisonmouth', '713 Natasha Trail Suite 702', '(760)655-7559', '2019-01-29 05:33:43', '2020-05-16 18:07:07'),
	(70, 'East Paytonview', '6437 Block Square', '(702)976-2276x041', '2010-05-21 07:27:18', '2014-03-11 01:47:19'),
	(71, 'Lake Albertoland', '089 Senger Unions Suite 391', '+34(7)6141393059', '2010-09-02 04:45:36', '2011-08-10 09:05:25'),
	(72, 'West Virgil', '482 Max Place Apt. 245', '1-982-780-2730x1050', '2019-08-23 11:46:38', '2020-05-16 18:07:07'),
	(73, 'South Leannebury', '6513 Zboncak Radial Suite 353', '007-944-3345x26764', '2015-07-24 11:09:47', '2019-03-19 07:27:00'),
	(74, 'Ruthhaven', '4382 Joshuah Drives Suite 887', '838.869.1734', '2013-11-09 23:47:29', '2016-06-02 21:01:34'),
	(75, 'Wintheiserland', '0023 Toy Springs Apt. 419', '1-556-424-3207x82717', '2011-07-24 20:40:20', '2018-02-11 19:45:30'),
	(76, 'Camrynshire', '19645 Lynch Hills Apt. 002', '786.967.1556x5200', '2018-03-16 11:14:01', '2020-05-16 18:07:07'),
	(77, 'Gorczanymouth', '945 Isabelle Coves Apt. 641', '1-276-052-7240', '2017-08-24 01:32:56', '2018-08-01 11:28:31'),
	(78, 'Port Gussieport', '12406 Kertzmann Corners Suite 727', '1-397-091-3084x37981', '2012-11-04 04:07:51', '2018-04-01 00:42:27'),
	(79, 'Willmouth', '7529 Ziemann Valleys', '1-670-222-4876x29183', '2011-05-06 23:33:47', '2014-08-28 12:59:35'),
	(80, 'South Chynaside', '39873 Lindgren Pine Apt. 618', '1-178-474-6778x47882', '2017-11-15 00:48:04', '2019-09-22 23:36:50'),
	(81, 'South Breanna', '5220 Renner Gardens Apt. 049', '03358770742', '2012-03-13 17:56:31', '2017-07-26 17:33:37'),
	(82, 'South Maximeland', '149 Goodwin Gardens', '(405)237-8398', '2014-05-16 15:16:51', '2020-04-08 19:00:15'),
	(83, 'North Evemouth', '588 Issac Flat', '659-707-9735', '2011-11-07 15:54:40', '2016-10-29 15:01:32'),
	(84, 'Ryanside', '988 Ledner Cliffs', '1-213-644-7468x2207', '2018-02-14 16:06:02', '2020-05-16 18:07:07'),
	(85, 'East Madelinetown', '458 Tyler Cape Suite 490', '870.256.4171x76050', '2011-01-30 00:53:18', '2018-10-16 12:11:02'),
	(86, 'Rachelland', '09439 Weissnat Plains', '744.171.1941', '2016-01-01 13:44:50', '2020-05-16 18:07:07'),
	(87, 'West Toniberg', '125 Okuneva Underpass', '1-873-192-3034', '2017-07-26 12:37:50', '2019-04-04 23:54:03'),
	(88, 'South Zora', '971 Emmerich Roads Apt. 565', '472-771-6679x1024', '2015-11-06 13:55:37', '2020-05-16 18:07:07'),
	(89, 'New Christatown', '497 Huels Rapid', '379.340.8725x518', '2017-05-01 20:16:02', '2020-05-16 18:07:07'),
	(90, 'West Penelopeton', '27561 Marielle Estate Suite 807', '1-977-048-8564', '2011-12-05 09:59:12', '2013-12-31 03:20:23'),
	(91, 'Braulioburgh', '608 Beier Vista Suite 235', '660.431.8348x12805', '2020-02-04 16:37:07', '2020-05-16 18:07:07'),
	(92, 'North Edwardo', '91599 Percy Throughway Suite 689', '670-179-2752x9374', '2017-06-29 04:50:41', '2020-05-16 18:07:07'),
	(93, 'Jenkinsport', '206 Hermann Key', '461-024-5674x2389', '2011-07-31 19:17:25', '2016-08-17 04:27:51'),
	(94, 'Lake Jammie', '01791 Pinkie Glen Suite 462', '(778)627-0302', '2012-07-05 23:00:09', '2012-10-04 03:08:49'),
	(95, 'Kimberlyburgh', '74243 Madalyn Trace', '236.771.5944x63172', '2017-03-20 20:34:59', '2020-05-16 18:07:07'),
	(96, 'New Earlene', '80670 Leannon Springs', '+17(9)8311821862', '2016-07-03 18:26:04', '2020-05-16 18:07:07'),
	(97, 'Considineside', '11939 Lera Ports', '1-755-000-3538', '2014-04-14 00:14:16', '2020-05-16 18:07:07'),
	(98, 'South Rickey', '8761 Mollie Gardens Apt. 443', '322-766-8152x910', '2015-11-16 14:39:26', '2020-05-16 18:07:07'),
	(99, 'Kittyton', '4134 Payton Landing', '09505904629', '2013-05-26 23:19:01', '2019-09-23 16:49:56'),
	(100, 'Schinnerstad', '84381 Nico Crest Suite 628', '899-213-6038x79644', '2012-04-17 13:00:38', '2020-03-11 14:16:50');
/*!40000 ALTER TABLE `shops` ENABLE KEYS */;


-- Дамп структуры для таблица hobbygames.shops_products
DROP TABLE IF EXISTS `shops_products`;
CREATE TABLE IF NOT EXISTS `shops_products` (
  `shop_id` int(10) unsigned NOT NULL,
  `product_id` int(10) unsigned NOT NULL,
  `total` int(10) unsigned DEFAULT NULL,
  `created_at` datetime DEFAULT CURRENT_TIMESTAMP,
  `updated_at` datetime DEFAULT CURRENT_TIMESTAMP ON UPDATE CURRENT_TIMESTAMP,
  PRIMARY KEY (`shop_id`,`product_id`),
  KEY `shops_products_product_id_fk` (`product_id`),
  KEY `shops_products_total_idx` (`total`),
  CONSTRAINT `shops_products_product_id_fk` FOREIGN KEY (`product_id`) REFERENCES `products` (`id`) ON DELETE NO ACTION ON UPDATE CASCADE,
  CONSTRAINT `shops_products_shop_id_fk` FOREIGN KEY (`shop_id`) REFERENCES `shops` (`id`) ON DELETE CASCADE ON UPDATE CASCADE
) ENGINE=InnoDB DEFAULT CHARSET=utf8 COLLATE=utf8_unicode_ci;

-- Дамп данных таблицы hobbygames.shops_products: ~900 rows (приблизительно)
/*!40000 ALTER TABLE `shops_products` DISABLE KEYS */;
INSERT INTO `shops_products` (`shop_id`, `product_id`, `total`, `created_at`, `updated_at`) VALUES
	(1, 9, 0, '2020-05-16 18:14:42', '2020-05-16 18:14:42'),
	(1, 28, 1, '2020-05-16 18:14:42', '2020-05-16 18:14:42'),
	(1, 30, 0, '2020-05-16 18:14:42', '2020-05-16 18:14:42'),
	(1, 53, 0, '2020-05-16 18:14:42', '2020-05-16 18:14:42'),
	(1, 93, 0, '2020-05-16 18:14:42', '2020-05-16 18:14:42'),
	(1, 121, 1, '2020-05-16 18:14:42', '2020-05-16 18:14:42'),
	(1, 122, 20, '2020-05-16 18:14:42', '2020-05-16 18:14:42'),
	(1, 142, 16, '2020-05-16 18:14:42', '2020-05-16 18:14:42'),
	(1, 178, 0, '2020-05-16 18:14:42', '2020-05-16 18:14:42'),
	(1, 219, 18, '2020-05-16 18:14:42', '2020-05-16 18:14:42'),
	(1, 373, 0, '2020-05-16 18:14:42', '2020-05-16 18:14:42'),
	(1, 381, 9, '2020-05-16 18:14:42', '2020-05-16 18:14:42'),
	(1, 388, 5, '2020-05-16 18:14:42', '2020-05-16 18:14:42'),
	(1, 400, 16, '2020-05-16 18:14:42', '2020-05-16 18:14:42'),
	(2, 88, 19, '2020-05-16 18:14:42', '2020-05-16 18:14:42'),
	(2, 192, 9, '2020-05-16 18:14:42', '2020-05-16 18:14:42'),
	(2, 208, 7, '2020-05-16 18:14:42', '2020-05-16 18:14:42'),
	(2, 269, 0, '2020-05-16 18:14:42', '2020-05-16 18:14:42'),
	(2, 281, 0, '2020-05-16 18:14:42', '2020-05-16 18:14:42'),
	(2, 306, 0, '2020-05-16 18:14:42', '2020-05-16 18:14:42'),
	(2, 336, 0, '2020-05-16 18:14:42', '2020-05-16 18:14:42'),
	(2, 379, 0, '2020-05-16 18:14:42', '2020-05-16 18:14:42'),
	(2, 392, 0, '2020-05-16 18:14:42', '2020-05-16 18:14:42'),
	(3, 50, 0, '2020-05-16 18:14:42', '2020-05-16 18:14:42'),
	(3, 110, 0, '2020-05-16 18:14:42', '2020-05-16 18:14:42'),
	(3, 122, 0, '2020-05-16 18:14:42', '2020-05-16 18:14:42'),
	(3, 148, 15, '2020-05-16 18:14:42', '2020-05-16 18:14:42'),
	(3, 153, 12, '2020-05-16 18:14:42', '2020-05-16 18:14:42'),
	(3, 187, 10, '2020-05-16 18:14:42', '2020-05-16 18:14:42'),
	(3, 220, 0, '2020-05-16 18:14:42', '2020-05-16 18:14:42'),
	(3, 241, 4, '2020-05-16 18:14:42', '2020-05-16 18:14:42'),
	(3, 396, 0, '2020-05-16 18:14:42', '2020-05-16 18:14:42'),
	(3, 397, 0, '2020-05-16 18:14:42', '2020-05-16 18:14:42'),
	(4, 292, 0, '2020-05-16 18:14:42', '2020-05-16 18:14:42'),
	(4, 351, 0, '2020-05-16 18:14:42', '2020-05-16 18:14:42'),
	(5, 12, 4, '2020-05-16 18:14:42', '2020-05-16 18:14:42'),
	(5, 20, 0, '2020-05-16 18:14:42', '2020-05-16 18:14:42'),
	(5, 76, 0, '2020-05-16 18:14:42', '2020-05-16 18:14:42'),
	(5, 167, 0, '2020-05-16 18:14:42', '2020-05-16 18:14:42'),
	(5, 179, 6, '2020-05-16 18:14:42', '2020-05-16 18:14:42'),
	(5, 213, 0, '2020-05-16 18:14:42', '2020-05-16 18:14:42'),
	(5, 271, 15, '2020-05-16 18:14:42', '2020-05-16 18:14:42'),
	(5, 278, 20, '2020-05-16 18:14:42', '2020-05-16 18:14:42'),
	(5, 303, 10, '2020-05-16 18:14:42', '2020-05-16 18:14:42'),
	(5, 364, 5, '2020-05-16 18:14:42', '2020-05-16 18:14:42'),
	(6, 64, 0, '2020-05-16 18:14:42', '2020-05-16 18:14:42'),
	(6, 125, 0, '2020-05-16 18:14:42', '2020-05-16 18:14:42'),
	(6, 177, 0, '2020-05-16 18:14:42', '2020-05-16 18:14:42'),
	(6, 208, 0, '2020-05-16 18:14:42', '2020-05-16 18:14:42'),
	(6, 219, 1, '2020-05-16 18:14:42', '2020-05-16 18:14:42'),
	(6, 232, 0, '2020-05-16 18:14:42', '2020-05-16 18:14:42'),
	(6, 383, 0, '2020-05-16 18:14:42', '2020-05-16 18:14:42'),
	(7, 20, 0, '2020-05-16 18:14:42', '2020-05-16 18:14:42'),
	(7, 53, 0, '2020-05-16 18:14:42', '2020-05-16 18:14:42'),
	(7, 119, 19, '2020-05-16 18:14:42', '2020-05-16 18:14:42'),
	(7, 318, 16, '2020-05-16 18:14:42', '2020-05-16 18:14:42'),
	(7, 355, 0, '2020-05-16 18:14:42', '2020-05-16 18:14:42'),
	(7, 373, 17, '2020-05-16 18:14:42', '2020-05-16 18:14:42'),
	(8, 29, 15, '2020-05-16 18:14:42', '2020-05-16 18:14:42'),
	(8, 42, 0, '2020-05-16 18:14:42', '2020-05-16 18:14:42'),
	(8, 238, 17, '2020-05-16 18:14:42', '2020-05-16 18:14:42'),
	(8, 277, 15, '2020-05-16 18:14:42', '2020-05-16 18:14:42'),
	(9, 48, 0, '2020-05-16 18:14:42', '2020-05-16 18:14:42'),
	(9, 122, 10, '2020-05-16 18:14:42', '2020-05-16 18:14:42'),
	(9, 165, 11, '2020-05-16 18:14:42', '2020-05-16 18:14:42'),
	(9, 194, 0, '2020-05-16 18:14:42', '2020-05-16 18:14:42'),
	(9, 209, 0, '2020-05-16 18:14:42', '2020-05-16 18:14:42'),
	(9, 275, 11, '2020-05-16 18:14:42', '2020-05-16 18:14:42'),
	(9, 295, 17, '2020-05-16 18:14:42', '2020-05-16 18:14:42'),
	(10, 64, 10, '2020-05-16 18:14:42', '2020-05-16 18:14:42'),
	(10, 214, 0, '2020-05-16 18:14:42', '2020-05-16 18:14:42'),
	(10, 282, 11, '2020-05-16 18:14:42', '2020-05-16 18:14:42'),
	(10, 345, 0, '2020-05-16 18:14:42', '2020-05-16 18:14:42'),
	(10, 358, 9, '2020-05-16 18:14:42', '2020-05-16 18:14:42'),
	(10, 371, 0, '2020-05-16 18:14:42', '2020-05-16 18:14:42'),
	(10, 397, 0, '2020-05-16 18:14:42', '2020-05-16 18:14:42'),
	(11, 26, 0, '2020-05-16 18:14:42', '2020-05-16 18:14:42'),
	(11, 35, 0, '2020-05-16 18:14:42', '2020-05-16 18:14:42'),
	(11, 42, 0, '2020-05-16 18:14:42', '2020-05-16 18:14:42'),
	(11, 48, 0, '2020-05-16 18:14:42', '2020-05-16 18:14:42'),
	(11, 91, 0, '2020-05-16 18:14:42', '2020-05-16 18:14:42'),
	(11, 124, 0, '2020-05-16 18:14:42', '2020-05-16 18:14:42'),
	(11, 172, 0, '2020-05-16 18:14:42', '2020-05-16 18:14:42'),
	(11, 230, 0, '2020-05-16 18:14:42', '2020-05-16 18:14:42'),
	(11, 236, 5, '2020-05-16 18:14:42', '2020-05-16 18:14:42'),
	(11, 247, 9, '2020-05-16 18:14:42', '2020-05-16 18:14:42'),
	(11, 299, 0, '2020-05-16 18:14:42', '2020-05-16 18:14:42'),
	(11, 315, 0, '2020-05-16 18:14:42', '2020-05-16 18:14:42'),
	(11, 331, 0, '2020-05-16 18:14:42', '2020-05-16 18:14:42'),
	(11, 360, 5, '2020-05-16 18:14:42', '2020-05-16 18:14:42'),
	(12, 54, 10, '2020-05-16 18:14:42', '2020-05-16 18:14:42'),
	(12, 77, 17, '2020-05-16 18:14:42', '2020-05-16 18:14:42'),
	(12, 176, 14, '2020-05-16 18:14:42', '2020-05-16 18:14:42'),
	(12, 232, 18, '2020-05-16 18:14:42', '2020-05-16 18:14:42'),
	(12, 236, 0, '2020-05-16 18:14:42', '2020-05-16 18:14:42'),
	(12, 294, 0, '2020-05-16 18:14:42', '2020-05-16 18:14:42'),
	(12, 301, 0, '2020-05-16 18:14:42', '2020-05-16 18:14:42'),
	(13, 21, 3, '2020-05-16 18:14:42', '2020-05-16 18:14:42'),
	(13, 68, 15, '2020-05-16 18:14:42', '2020-05-16 18:14:42'),
	(13, 72, 1, '2020-05-16 18:14:42', '2020-05-16 18:14:42'),
	(13, 84, 0, '2020-05-16 18:14:42', '2020-05-16 18:14:42'),
	(13, 89, 0, '2020-05-16 18:14:42', '2020-05-16 18:14:42'),
	(13, 167, 0, '2020-05-16 18:14:42', '2020-05-16 18:14:42'),
	(13, 169, 0, '2020-05-16 18:14:42', '2020-05-16 18:14:42'),
	(13, 202, 13, '2020-05-16 18:14:42', '2020-05-16 18:14:42'),
	(13, 228, 16, '2020-05-16 18:14:42', '2020-05-16 18:14:42'),
	(13, 358, 1, '2020-05-16 18:14:42', '2020-05-16 18:14:42'),
	(13, 382, 13, '2020-05-16 18:14:42', '2020-05-16 18:14:42'),
	(14, 10, 0, '2020-05-16 18:14:42', '2020-05-16 18:14:42'),
	(14, 29, 18, '2020-05-16 18:14:42', '2020-05-16 18:14:42'),
	(14, 47, 0, '2020-05-16 18:14:42', '2020-05-16 18:14:42'),
	(14, 64, 0, '2020-05-16 18:14:42', '2020-05-16 18:14:42'),
	(14, 95, 9, '2020-05-16 18:14:42', '2020-05-16 18:14:42'),
	(14, 133, 16, '2020-05-16 18:14:42', '2020-05-16 18:14:42'),
	(14, 168, 4, '2020-05-16 18:14:42', '2020-05-16 18:14:42'),
	(14, 188, 0, '2020-05-16 18:14:42', '2020-05-16 18:14:42'),
	(14, 259, 1, '2020-05-16 18:14:42', '2020-05-16 18:14:42'),
	(14, 262, 0, '2020-05-16 18:14:42', '2020-05-16 18:14:42'),
	(14, 297, 0, '2020-05-16 18:14:42', '2020-05-16 18:14:42'),
	(14, 336, 0, '2020-05-16 18:14:42', '2020-05-16 18:14:42'),
	(14, 359, 18, '2020-05-16 18:14:42', '2020-05-16 18:14:42'),
	(15, 205, 17, '2020-05-16 18:14:42', '2020-05-16 18:14:42'),
	(15, 223, 0, '2020-05-16 18:14:42', '2020-05-16 18:14:42'),
	(15, 295, 0, '2020-05-16 18:14:42', '2020-05-16 18:14:42'),
	(15, 325, 0, '2020-05-16 18:14:42', '2020-05-16 18:14:42'),
	(16, 69, 12, '2020-05-16 18:14:42', '2020-05-16 18:14:42'),
	(16, 110, 9, '2020-05-16 18:14:42', '2020-05-16 18:14:42'),
	(16, 133, 0, '2020-05-16 18:14:42', '2020-05-16 18:14:42'),
	(16, 158, 6, '2020-05-16 18:14:42', '2020-05-16 18:14:42'),
	(16, 173, 0, '2020-05-16 18:14:42', '2020-05-16 18:14:42'),
	(16, 220, 0, '2020-05-16 18:14:42', '2020-05-16 18:14:42'),
	(16, 221, 0, '2020-05-16 18:14:42', '2020-05-16 18:14:42'),
	(16, 226, 6, '2020-05-16 18:14:42', '2020-05-16 18:14:42'),
	(16, 251, 0, '2020-05-16 18:14:42', '2020-05-16 18:14:42'),
	(16, 266, 19, '2020-05-16 18:14:42', '2020-05-16 18:14:42'),
	(16, 293, 14, '2020-05-16 18:14:42', '2020-05-16 18:14:42'),
	(16, 314, 18, '2020-05-16 18:14:42', '2020-05-16 18:14:42'),
	(16, 357, 0, '2020-05-16 18:14:42', '2020-05-16 18:14:42'),
	(17, 27, 0, '2020-05-16 18:14:42', '2020-05-16 18:14:42'),
	(17, 97, 0, '2020-05-16 18:14:42', '2020-05-16 18:14:42'),
	(17, 103, 8, '2020-05-16 18:14:42', '2020-05-16 18:14:42'),
	(17, 181, 0, '2020-05-16 18:14:42', '2020-05-16 18:14:42'),
	(17, 243, 0, '2020-05-16 18:14:42', '2020-05-16 18:14:42'),
	(17, 333, 0, '2020-05-16 18:14:42', '2020-05-16 18:14:42'),
	(17, 353, 0, '2020-05-16 18:14:42', '2020-05-16 18:14:42'),
	(17, 356, 0, '2020-05-16 18:14:42', '2020-05-16 18:14:42'),
	(17, 366, 0, '2020-05-16 18:14:42', '2020-05-16 18:14:42'),
	(18, 77, 14, '2020-05-16 18:14:42', '2020-05-16 18:14:42'),
	(18, 128, 0, '2020-05-16 18:14:42', '2020-05-16 18:14:42'),
	(18, 145, 0, '2020-05-16 18:14:42', '2020-05-16 18:14:42'),
	(18, 199, 3, '2020-05-16 18:14:42', '2020-05-16 18:14:42'),
	(18, 206, 18, '2020-05-16 18:14:42', '2020-05-16 18:14:42'),
	(18, 246, 0, '2020-05-16 18:14:42', '2020-05-16 18:14:42'),
	(18, 361, 2, '2020-05-16 18:14:42', '2020-05-16 18:14:42'),
	(18, 365, 2, '2020-05-16 18:14:42', '2020-05-16 18:14:42'),
	(19, 41, 1, '2020-05-16 18:14:42', '2020-05-16 18:14:42'),
	(19, 47, 19, '2020-05-16 18:14:42', '2020-05-16 18:14:42'),
	(19, 68, 0, '2020-05-16 18:14:42', '2020-05-16 18:14:42'),
	(19, 85, 0, '2020-05-16 18:14:42', '2020-05-16 18:14:42'),
	(19, 87, 0, '2020-05-16 18:14:42', '2020-05-16 18:14:42'),
	(19, 99, 0, '2020-05-16 18:14:42', '2020-05-16 18:14:42'),
	(19, 198, 3, '2020-05-16 18:14:42', '2020-05-16 18:14:42'),
	(19, 231, 0, '2020-05-16 18:14:42', '2020-05-16 18:14:42'),
	(19, 249, 13, '2020-05-16 18:14:42', '2020-05-16 18:14:42'),
	(19, 252, 19, '2020-05-16 18:14:42', '2020-05-16 18:14:42'),
	(19, 262, 5, '2020-05-16 18:14:42', '2020-05-16 18:14:42'),
	(19, 277, 12, '2020-05-16 18:14:42', '2020-05-16 18:14:42'),
	(19, 336, 0, '2020-05-16 18:14:42', '2020-05-16 18:14:42'),
	(19, 360, 19, '2020-05-16 18:14:42', '2020-05-16 18:14:42'),
	(20, 16, 0, '2020-05-16 18:14:42', '2020-05-16 18:14:42'),
	(20, 55, 19, '2020-05-16 18:14:42', '2020-05-16 18:14:42'),
	(20, 198, 0, '2020-05-16 18:14:42', '2020-05-16 18:14:42'),
	(20, 235, 0, '2020-05-16 18:14:42', '2020-05-16 18:14:42'),
	(20, 253, 20, '2020-05-16 18:14:42', '2020-05-16 18:14:42'),
	(20, 317, 11, '2020-05-16 18:14:42', '2020-05-16 18:14:42'),
	(20, 349, 19, '2020-05-16 18:14:42', '2020-05-16 18:14:42'),
	(20, 364, 0, '2020-05-16 18:14:42', '2020-05-16 18:14:42'),
	(20, 390, 16, '2020-05-16 18:14:42', '2020-05-16 18:14:42'),
	(21, 32, 3, '2020-05-16 18:14:42', '2020-05-16 18:14:42'),
	(21, 105, 0, '2020-05-16 18:14:42', '2020-05-16 18:14:42'),
	(21, 121, 18, '2020-05-16 18:14:42', '2020-05-16 18:14:42'),
	(21, 217, 8, '2020-05-16 18:14:42', '2020-05-16 18:14:42'),
	(21, 239, 18, '2020-05-16 18:14:42', '2020-05-16 18:14:42'),
	(21, 246, 0, '2020-05-16 18:14:42', '2020-05-16 18:14:42'),
	(21, 319, 0, '2020-05-16 18:14:42', '2020-05-16 18:14:42'),
	(22, 1, 0, '2020-05-16 18:14:42', '2020-05-16 18:14:42'),
	(22, 2, 7, '2020-05-16 18:14:42', '2020-05-16 18:14:42'),
	(22, 12, 0, '2020-05-16 18:14:42', '2020-05-16 18:14:42'),
	(22, 40, 17, '2020-05-16 18:14:42', '2020-05-16 18:14:42'),
	(22, 52, 0, '2020-05-16 18:14:42', '2020-05-16 18:14:42'),
	(22, 137, 0, '2020-05-16 18:14:42', '2020-05-16 18:14:42'),
	(22, 213, 16, '2020-05-16 18:14:42', '2020-05-16 18:14:42'),
	(22, 254, 10, '2020-05-16 18:14:42', '2020-05-16 18:14:42'),
	(23, 26, 7, '2020-05-16 18:14:42', '2020-05-16 18:14:42'),
	(23, 52, 0, '2020-05-16 18:14:42', '2020-05-16 18:14:42'),
	(23, 104, 0, '2020-05-16 18:14:42', '2020-05-16 18:14:42'),
	(23, 143, 20, '2020-05-16 18:14:42', '2020-05-16 18:14:42'),
	(23, 165, 15, '2020-05-16 18:14:42', '2020-05-16 18:14:42'),
	(23, 249, 0, '2020-05-16 18:14:42', '2020-05-16 18:14:42'),
	(23, 332, 10, '2020-05-16 18:14:42', '2020-05-16 18:14:42'),
	(23, 353, 0, '2020-05-16 18:14:42', '2020-05-16 18:14:42'),
	(23, 369, 19, '2020-05-16 18:14:42', '2020-05-16 18:14:42'),
	(24, 24, 0, '2020-05-16 18:14:42', '2020-05-16 18:14:42'),
	(24, 264, 3, '2020-05-16 18:14:42', '2020-05-16 18:14:42'),
	(24, 348, 0, '2020-05-16 18:14:42', '2020-05-16 18:14:42'),
	(24, 381, 18, '2020-05-16 18:14:42', '2020-05-16 18:14:42'),
	(24, 383, 11, '2020-05-16 18:14:42', '2020-05-16 18:14:42'),
	(25, 12, 0, '2020-05-16 18:14:42', '2020-05-16 18:14:42'),
	(25, 24, 0, '2020-05-16 18:14:42', '2020-05-16 18:14:42'),
	(25, 26, 13, '2020-05-16 18:14:42', '2020-05-16 18:14:42'),
	(25, 52, 4, '2020-05-16 18:14:42', '2020-05-16 18:14:42'),
	(25, 61, 0, '2020-05-16 18:14:42', '2020-05-16 18:14:42'),
	(25, 68, 0, '2020-05-16 18:14:42', '2020-05-16 18:14:42'),
	(25, 72, 12, '2020-05-16 18:14:42', '2020-05-16 18:14:42'),
	(25, 89, 0, '2020-05-16 18:14:42', '2020-05-16 18:14:42'),
	(25, 120, 19, '2020-05-16 18:14:42', '2020-05-16 18:14:42'),
	(25, 167, 0, '2020-05-16 18:14:42', '2020-05-16 18:14:42'),
	(25, 191, 1, '2020-05-16 18:14:42', '2020-05-16 18:14:42'),
	(25, 227, 20, '2020-05-16 18:14:42', '2020-05-16 18:14:42'),
	(25, 229, 5, '2020-05-16 18:14:42', '2020-05-16 18:14:42'),
	(25, 280, 20, '2020-05-16 18:14:42', '2020-05-16 18:14:42'),
	(25, 358, 0, '2020-05-16 18:14:42', '2020-05-16 18:14:42'),
	(25, 374, 0, '2020-05-16 18:14:42', '2020-05-16 18:14:42'),
	(25, 394, 8, '2020-05-16 18:14:42', '2020-05-16 18:14:42'),
	(26, 44, 7, '2020-05-16 18:14:42', '2020-05-16 18:14:42'),
	(26, 74, 0, '2020-05-16 18:14:42', '2020-05-16 18:14:42'),
	(26, 135, 0, '2020-05-16 18:14:42', '2020-05-16 18:14:42'),
	(26, 147, 0, '2020-05-16 18:14:42', '2020-05-16 18:14:42'),
	(26, 202, 6, '2020-05-16 18:14:42', '2020-05-16 18:14:42'),
	(26, 205, 12, '2020-05-16 18:14:42', '2020-05-16 18:14:42'),
	(26, 219, 0, '2020-05-16 18:14:42', '2020-05-16 18:14:42'),
	(26, 253, 0, '2020-05-16 18:14:42', '2020-05-16 18:14:42'),
	(26, 350, 6, '2020-05-16 18:14:42', '2020-05-16 18:14:42'),
	(26, 377, 0, '2020-05-16 18:14:42', '2020-05-16 18:14:42'),
	(27, 68, 0, '2020-05-16 18:14:42', '2020-05-16 18:14:42'),
	(27, 81, 6, '2020-05-16 18:14:42', '2020-05-16 18:14:42'),
	(27, 229, 10, '2020-05-16 18:14:42', '2020-05-16 18:14:42'),
	(27, 260, 1, '2020-05-16 18:14:42', '2020-05-16 18:14:42'),
	(27, 378, 11, '2020-05-16 18:14:42', '2020-05-16 18:14:42'),
	(28, 47, 19, '2020-05-16 18:14:42', '2020-05-16 18:14:42'),
	(28, 58, 0, '2020-05-16 18:14:42', '2020-05-16 18:14:42'),
	(28, 89, 0, '2020-05-16 18:14:42', '2020-05-16 18:14:42'),
	(28, 126, 4, '2020-05-16 18:14:42', '2020-05-16 18:14:42'),
	(28, 287, 0, '2020-05-16 18:14:42', '2020-05-16 18:14:42'),
	(28, 330, 20, '2020-05-16 18:14:42', '2020-05-16 18:14:42'),
	(28, 334, 0, '2020-05-16 18:14:42', '2020-05-16 18:14:42'),
	(28, 342, 19, '2020-05-16 18:14:42', '2020-05-16 18:14:42'),
	(29, 38, 0, '2020-05-16 18:14:42', '2020-05-16 18:14:42'),
	(29, 121, 13, '2020-05-16 18:14:42', '2020-05-16 18:14:42'),
	(29, 166, 0, '2020-05-16 18:14:42', '2020-05-16 18:14:42'),
	(29, 203, 0, '2020-05-16 18:14:42', '2020-05-16 18:14:42'),
	(29, 211, 0, '2020-05-16 18:14:42', '2020-05-16 18:14:42'),
	(29, 265, 0, '2020-05-16 18:14:42', '2020-05-16 18:14:42'),
	(29, 266, 0, '2020-05-16 18:14:42', '2020-05-16 18:14:42'),
	(29, 330, 0, '2020-05-16 18:14:42', '2020-05-16 18:14:42'),
	(30, 28, 5, '2020-05-16 18:14:42', '2020-05-16 18:14:42'),
	(30, 49, 0, '2020-05-16 18:14:42', '2020-05-16 18:14:42'),
	(30, 76, 0, '2020-05-16 18:14:42', '2020-05-16 18:14:42'),
	(30, 80, 0, '2020-05-16 18:14:42', '2020-05-16 18:14:42'),
	(30, 126, 3, '2020-05-16 18:14:42', '2020-05-16 18:14:42'),
	(30, 135, 4, '2020-05-16 18:14:42', '2020-05-16 18:14:42'),
	(30, 165, 9, '2020-05-16 18:14:42', '2020-05-16 18:14:42'),
	(30, 208, 4, '2020-05-16 18:14:42', '2020-05-16 18:14:42'),
	(30, 267, 16, '2020-05-16 18:14:42', '2020-05-16 18:14:42'),
	(30, 328, 0, '2020-05-16 18:14:42', '2020-05-16 18:14:42'),
	(30, 394, 0, '2020-05-16 18:14:42', '2020-05-16 18:14:42'),
	(30, 398, 17, '2020-05-16 18:14:42', '2020-05-16 18:14:42'),
	(31, 74, 11, '2020-05-16 18:14:42', '2020-05-16 18:14:42'),
	(31, 154, 11, '2020-05-16 18:14:42', '2020-05-16 18:14:42'),
	(31, 159, 0, '2020-05-16 18:14:42', '2020-05-16 18:14:42'),
	(31, 192, 19, '2020-05-16 18:14:42', '2020-05-16 18:14:42'),
	(31, 198, 5, '2020-05-16 18:14:42', '2020-05-16 18:14:42'),
	(31, 244, 3, '2020-05-16 18:14:42', '2020-05-16 18:14:42'),
	(31, 310, 1, '2020-05-16 18:14:42', '2020-05-16 18:14:42'),
	(31, 314, 0, '2020-05-16 18:14:42', '2020-05-16 18:14:42'),
	(31, 322, 14, '2020-05-16 18:14:42', '2020-05-16 18:14:42'),
	(31, 325, 0, '2020-05-16 18:14:42', '2020-05-16 18:14:42'),
	(32, 12, 0, '2020-05-16 18:14:42', '2020-05-16 18:14:42'),
	(32, 23, 0, '2020-05-16 18:14:42', '2020-05-16 18:14:42'),
	(32, 42, 11, '2020-05-16 18:14:42', '2020-05-16 18:14:42'),
	(32, 47, 1, '2020-05-16 18:14:42', '2020-05-16 18:14:42'),
	(32, 147, 0, '2020-05-16 18:14:42', '2020-05-16 18:14:42'),
	(32, 180, 2, '2020-05-16 18:14:42', '2020-05-16 18:14:42'),
	(32, 192, 20, '2020-05-16 18:14:42', '2020-05-16 18:14:42'),
	(32, 241, 5, '2020-05-16 18:14:42', '2020-05-16 18:14:42'),
	(32, 350, 8, '2020-05-16 18:14:42', '2020-05-16 18:14:42'),
	(32, 356, 18, '2020-05-16 18:14:42', '2020-05-16 18:14:42'),
	(33, 7, 17, '2020-05-16 18:14:42', '2020-05-16 18:14:42'),
	(33, 108, 0, '2020-05-16 18:14:42', '2020-05-16 18:14:42'),
	(33, 155, 5, '2020-05-16 18:14:42', '2020-05-16 18:14:42'),
	(33, 336, 5, '2020-05-16 18:14:42', '2020-05-16 18:14:42'),
	(33, 354, 11, '2020-05-16 18:14:42', '2020-05-16 18:14:42'),
	(34, 22, 0, '2020-05-16 18:14:42', '2020-05-16 18:14:42'),
	(34, 109, 0, '2020-05-16 18:14:42', '2020-05-16 18:14:42'),
	(34, 122, 0, '2020-05-16 18:14:42', '2020-05-16 18:14:42'),
	(34, 146, 0, '2020-05-16 18:14:42', '2020-05-16 18:14:42'),
	(34, 174, 10, '2020-05-16 18:14:42', '2020-05-16 18:14:42'),
	(34, 271, 3, '2020-05-16 18:14:42', '2020-05-16 18:14:42'),
	(34, 273, 8, '2020-05-16 18:14:42', '2020-05-16 18:14:42'),
	(34, 277, 19, '2020-05-16 18:14:42', '2020-05-16 18:14:42'),
	(34, 299, 0, '2020-05-16 18:14:42', '2020-05-16 18:14:42'),
	(34, 308, 0, '2020-05-16 18:14:42', '2020-05-16 18:14:42'),
	(35, 44, 6, '2020-05-16 18:14:42', '2020-05-16 18:14:42'),
	(35, 50, 0, '2020-05-16 18:14:42', '2020-05-16 18:14:42'),
	(35, 109, 0, '2020-05-16 18:14:42', '2020-05-16 18:14:42'),
	(35, 170, 0, '2020-05-16 18:14:42', '2020-05-16 18:14:42'),
	(35, 177, 8, '2020-05-16 18:14:42', '2020-05-16 18:14:42'),
	(35, 199, 0, '2020-05-16 18:14:42', '2020-05-16 18:14:42'),
	(35, 227, 0, '2020-05-16 18:14:42', '2020-05-16 18:14:42'),
	(35, 245, 20, '2020-05-16 18:14:42', '2020-05-16 18:14:42'),
	(35, 261, 0, '2020-05-16 18:14:42', '2020-05-16 18:14:42'),
	(35, 302, 0, '2020-05-16 18:14:42', '2020-05-16 18:14:42'),
	(35, 340, 0, '2020-05-16 18:14:42', '2020-05-16 18:14:42'),
	(35, 351, 0, '2020-05-16 18:14:42', '2020-05-16 18:14:42'),
	(35, 354, 0, '2020-05-16 18:14:42', '2020-05-16 18:14:42'),
	(35, 397, 13, '2020-05-16 18:14:42', '2020-05-16 18:14:42'),
	(36, 19, 0, '2020-05-16 18:14:42', '2020-05-16 18:14:42'),
	(36, 138, 1, '2020-05-16 18:14:42', '2020-05-16 18:14:42'),
	(36, 159, 2, '2020-05-16 18:14:42', '2020-05-16 18:14:42'),
	(36, 278, 0, '2020-05-16 18:14:42', '2020-05-16 18:14:42'),
	(36, 325, 2, '2020-05-16 18:14:42', '2020-05-16 18:14:42'),
	(36, 367, 13, '2020-05-16 18:14:42', '2020-05-16 18:14:42'),
	(37, 187, 0, '2020-05-16 18:14:42', '2020-05-16 18:14:42'),
	(37, 197, 12, '2020-05-16 18:14:42', '2020-05-16 18:14:42'),
	(37, 201, 0, '2020-05-16 18:14:42', '2020-05-16 18:14:42'),
	(37, 213, 18, '2020-05-16 18:14:42', '2020-05-16 18:14:42'),
	(38, 29, 0, '2020-05-16 18:14:42', '2020-05-16 18:14:42'),
	(38, 131, 0, '2020-05-16 18:14:42', '2020-05-16 18:14:42'),
	(38, 250, 9, '2020-05-16 18:14:42', '2020-05-16 18:14:42'),
	(38, 272, 11, '2020-05-16 18:14:42', '2020-05-16 18:14:42'),
	(38, 308, 0, '2020-05-16 18:14:42', '2020-05-16 18:14:42'),
	(38, 316, 11, '2020-05-16 18:14:42', '2020-05-16 18:14:42'),
	(38, 345, 3, '2020-05-16 18:14:42', '2020-05-16 18:14:42'),
	(38, 381, 0, '2020-05-16 18:14:42', '2020-05-16 18:14:42'),
	(39, 82, 9, '2020-05-16 18:14:42', '2020-05-16 18:14:42'),
	(39, 107, 0, '2020-05-16 18:14:42', '2020-05-16 18:14:42'),
	(39, 116, 0, '2020-05-16 18:14:42', '2020-05-16 18:14:42'),
	(39, 168, 19, '2020-05-16 18:14:42', '2020-05-16 18:14:42'),
	(39, 196, 0, '2020-05-16 18:14:42', '2020-05-16 18:14:42'),
	(39, 270, 9, '2020-05-16 18:14:42', '2020-05-16 18:14:42'),
	(39, 277, 0, '2020-05-16 18:14:42', '2020-05-16 18:14:42'),
	(39, 278, 5, '2020-05-16 18:14:42', '2020-05-16 18:14:42'),
	(39, 329, 0, '2020-05-16 18:14:42', '2020-05-16 18:14:42'),
	(39, 390, 0, '2020-05-16 18:14:42', '2020-05-16 18:14:42'),
	(40, 56, 5, '2020-05-16 18:14:42', '2020-05-16 18:14:42'),
	(40, 239, 12, '2020-05-16 18:14:42', '2020-05-16 18:14:42'),
	(40, 278, 0, '2020-05-16 18:14:42', '2020-05-16 18:14:42'),
	(40, 294, 13, '2020-05-16 18:14:42', '2020-05-16 18:14:42'),
	(40, 298, 10, '2020-05-16 18:14:42', '2020-05-16 18:14:42'),
	(40, 309, 0, '2020-05-16 18:14:42', '2020-05-16 18:14:42'),
	(40, 374, 0, '2020-05-16 18:14:42', '2020-05-16 18:14:42'),
	(41, 6, 20, '2020-05-16 18:14:42', '2020-05-16 18:14:42'),
	(41, 40, 0, '2020-05-16 18:14:42', '2020-05-16 18:14:42'),
	(41, 120, 0, '2020-05-16 18:14:42', '2020-05-16 18:14:42'),
	(41, 199, 9, '2020-05-16 18:14:42', '2020-05-16 18:14:42'),
	(41, 213, 9, '2020-05-16 18:14:42', '2020-05-16 18:14:42'),
	(41, 360, 0, '2020-05-16 18:14:42', '2020-05-16 18:14:42'),
	(42, 36, 13, '2020-05-16 18:14:42', '2020-05-16 18:14:42'),
	(42, 50, 6, '2020-05-16 18:14:42', '2020-05-16 18:14:42'),
	(42, 93, 4, '2020-05-16 18:14:42', '2020-05-16 18:14:42'),
	(42, 98, 0, '2020-05-16 18:14:42', '2020-05-16 18:14:42'),
	(42, 115, 13, '2020-05-16 18:14:42', '2020-05-16 18:14:42'),
	(42, 129, 5, '2020-05-16 18:14:42', '2020-05-16 18:14:42'),
	(42, 152, 0, '2020-05-16 18:14:42', '2020-05-16 18:14:42'),
	(42, 245, 20, '2020-05-16 18:14:42', '2020-05-16 18:14:42'),
	(42, 266, 11, '2020-05-16 18:14:42', '2020-05-16 18:14:42'),
	(42, 311, 0, '2020-05-16 18:14:42', '2020-05-16 18:14:42'),
	(42, 363, 20, '2020-05-16 18:14:42', '2020-05-16 18:14:42'),
	(42, 383, 0, '2020-05-16 18:14:42', '2020-05-16 18:14:42'),
	(43, 112, 18, '2020-05-16 18:14:42', '2020-05-16 18:14:42'),
	(43, 126, 1, '2020-05-16 18:14:42', '2020-05-16 18:14:42'),
	(43, 188, 0, '2020-05-16 18:14:42', '2020-05-16 18:14:42'),
	(43, 212, 10, '2020-05-16 18:14:42', '2020-05-16 18:14:42'),
	(43, 251, 0, '2020-05-16 18:14:42', '2020-05-16 18:14:42'),
	(43, 290, 0, '2020-05-16 18:14:42', '2020-05-16 18:14:42'),
	(43, 337, 0, '2020-05-16 18:14:42', '2020-05-16 18:14:42'),
	(44, 40, 6, '2020-05-16 18:14:42', '2020-05-16 18:14:42'),
	(44, 80, 20, '2020-05-16 18:14:42', '2020-05-16 18:14:42'),
	(44, 112, 9, '2020-05-16 18:14:42', '2020-05-16 18:14:42'),
	(44, 119, 3, '2020-05-16 18:14:42', '2020-05-16 18:14:42'),
	(44, 123, 12, '2020-05-16 18:14:42', '2020-05-16 18:14:42'),
	(44, 126, 2, '2020-05-16 18:14:42', '2020-05-16 18:14:42'),
	(44, 128, 2, '2020-05-16 18:14:42', '2020-05-16 18:14:42'),
	(44, 189, 1, '2020-05-16 18:14:42', '2020-05-16 18:14:42'),
	(44, 313, 0, '2020-05-16 18:14:42', '2020-05-16 18:14:42'),
	(44, 327, 10, '2020-05-16 18:14:42', '2020-05-16 18:14:42'),
	(44, 356, 16, '2020-05-16 18:14:42', '2020-05-16 18:14:42'),
	(45, 10, 0, '2020-05-16 18:14:42', '2020-05-16 18:14:42'),
	(45, 120, 20, '2020-05-16 18:14:42', '2020-05-16 18:14:42'),
	(45, 185, 0, '2020-05-16 18:14:42', '2020-05-16 18:14:42'),
	(45, 202, 1, '2020-05-16 18:14:42', '2020-05-16 18:14:42'),
	(45, 266, 12, '2020-05-16 18:14:42', '2020-05-16 18:14:42'),
	(45, 316, 5, '2020-05-16 18:14:42', '2020-05-16 18:14:42'),
	(45, 382, 15, '2020-05-16 18:14:42', '2020-05-16 18:14:42'),
	(46, 32, 5, '2020-05-16 18:14:42', '2020-05-16 18:14:42'),
	(46, 99, 0, '2020-05-16 18:14:42', '2020-05-16 18:14:42'),
	(46, 177, 0, '2020-05-16 18:14:42', '2020-05-16 18:14:42'),
	(46, 182, 0, '2020-05-16 18:14:42', '2020-05-16 18:14:42'),
	(46, 272, 0, '2020-05-16 18:14:42', '2020-05-16 18:14:42'),
	(46, 317, 4, '2020-05-16 18:14:42', '2020-05-16 18:14:42'),
	(46, 326, 0, '2020-05-16 18:14:42', '2020-05-16 18:14:42'),
	(46, 339, 0, '2020-05-16 18:14:42', '2020-05-16 18:14:42'),
	(46, 355, 0, '2020-05-16 18:14:42', '2020-05-16 18:14:42'),
	(46, 395, 0, '2020-05-16 18:14:42', '2020-05-16 18:14:42'),
	(47, 19, 0, '2020-05-16 18:14:42', '2020-05-16 18:14:42'),
	(47, 34, 0, '2020-05-16 18:14:42', '2020-05-16 18:14:42'),
	(47, 65, 7, '2020-05-16 18:14:42', '2020-05-16 18:14:42'),
	(47, 194, 5, '2020-05-16 18:14:42', '2020-05-16 18:14:42'),
	(47, 204, 0, '2020-05-16 18:14:42', '2020-05-16 18:14:42'),
	(47, 214, 0, '2020-05-16 18:14:42', '2020-05-16 18:14:42'),
	(47, 222, 0, '2020-05-16 18:14:42', '2020-05-16 18:14:42'),
	(47, 278, 0, '2020-05-16 18:14:42', '2020-05-16 18:14:42'),
	(47, 319, 0, '2020-05-16 18:14:42', '2020-05-16 18:14:42'),
	(47, 361, 0, '2020-05-16 18:14:42', '2020-05-16 18:14:42'),
	(47, 376, 18, '2020-05-16 18:14:42', '2020-05-16 18:14:42'),
	(47, 392, 0, '2020-05-16 18:14:42', '2020-05-16 18:14:42'),
	(48, 44, 10, '2020-05-16 18:14:42', '2020-05-16 18:14:42'),
	(48, 161, 10, '2020-05-16 18:14:42', '2020-05-16 18:14:42'),
	(48, 196, 10, '2020-05-16 18:14:42', '2020-05-16 18:14:42'),
	(48, 231, 0, '2020-05-16 18:14:42', '2020-05-16 18:14:42'),
	(48, 257, 0, '2020-05-16 18:14:42', '2020-05-16 18:14:42'),
	(48, 310, 0, '2020-05-16 18:14:42', '2020-05-16 18:14:42'),
	(48, 344, 2, '2020-05-16 18:14:42', '2020-05-16 18:14:42'),
	(48, 392, 1, '2020-05-16 18:14:42', '2020-05-16 18:14:42'),
	(49, 26, 0, '2020-05-16 18:14:42', '2020-05-16 18:14:42'),
	(49, 34, 0, '2020-05-16 18:14:42', '2020-05-16 18:14:42'),
	(49, 172, 0, '2020-05-16 18:14:42', '2020-05-16 18:14:42'),
	(49, 234, 18, '2020-05-16 18:14:42', '2020-05-16 18:14:42'),
	(49, 263, 13, '2020-05-16 18:14:42', '2020-05-16 18:14:42'),
	(49, 349, 7, '2020-05-16 18:14:42', '2020-05-16 18:14:42'),
	(49, 363, 6, '2020-05-16 18:14:42', '2020-05-16 18:14:42'),
	(50, 78, 17, '2020-05-16 18:14:42', '2020-05-16 18:14:42'),
	(50, 84, 0, '2020-05-16 18:14:42', '2020-05-16 18:14:42'),
	(50, 172, 0, '2020-05-16 18:14:42', '2020-05-16 18:14:42'),
	(50, 220, 0, '2020-05-16 18:14:42', '2020-05-16 18:14:42'),
	(50, 271, 9, '2020-05-16 18:14:42', '2020-05-16 18:14:42'),
	(50, 276, 0, '2020-05-16 18:14:42', '2020-05-16 18:14:42'),
	(50, 277, 0, '2020-05-16 18:14:42', '2020-05-16 18:14:42'),
	(51, 29, 7, '2020-05-16 18:14:42', '2020-05-16 18:14:42'),
	(51, 59, 0, '2020-05-16 18:14:42', '2020-05-16 18:14:42'),
	(51, 129, 19, '2020-05-16 18:14:42', '2020-05-16 18:14:42'),
	(51, 173, 0, '2020-05-16 18:14:42', '2020-05-16 18:14:42'),
	(51, 262, 0, '2020-05-16 18:14:42', '2020-05-16 18:14:42'),
	(51, 300, 0, '2020-05-16 18:14:42', '2020-05-16 18:14:42'),
	(51, 312, 0, '2020-05-16 18:14:42', '2020-05-16 18:14:42'),
	(52, 18, 0, '2020-05-16 18:14:42', '2020-05-16 18:14:42'),
	(52, 44, 8, '2020-05-16 18:14:42', '2020-05-16 18:14:42'),
	(52, 75, 2, '2020-05-16 18:14:42', '2020-05-16 18:14:42'),
	(52, 116, 12, '2020-05-16 18:14:42', '2020-05-16 18:14:42'),
	(52, 146, 0, '2020-05-16 18:14:42', '2020-05-16 18:14:42'),
	(52, 196, 7, '2020-05-16 18:14:42', '2020-05-16 18:14:42'),
	(52, 257, 0, '2020-05-16 18:14:42', '2020-05-16 18:14:42'),
	(52, 295, 0, '2020-05-16 18:14:42', '2020-05-16 18:14:42'),
	(52, 368, 0, '2020-05-16 18:14:42', '2020-05-16 18:14:42'),
	(53, 3, 0, '2020-05-16 18:14:42', '2020-05-16 18:14:42'),
	(53, 4, 3, '2020-05-16 18:14:42', '2020-05-16 18:14:42'),
	(53, 95, 0, '2020-05-16 18:14:42', '2020-05-16 18:14:42'),
	(53, 139, 0, '2020-05-16 18:14:42', '2020-05-16 18:14:42'),
	(53, 178, 11, '2020-05-16 18:14:42', '2020-05-16 18:14:42'),
	(53, 212, 0, '2020-05-16 18:14:42', '2020-05-16 18:14:42'),
	(53, 321, 0, '2020-05-16 18:14:42', '2020-05-16 18:14:42'),
	(53, 351, 0, '2020-05-16 18:14:42', '2020-05-16 18:14:42'),
	(54, 54, 1, '2020-05-16 18:14:42', '2020-05-16 18:14:42'),
	(54, 66, 0, '2020-05-16 18:14:42', '2020-05-16 18:14:42'),
	(54, 163, 5, '2020-05-16 18:14:42', '2020-05-16 18:14:42'),
	(54, 184, 5, '2020-05-16 18:14:42', '2020-05-16 18:14:42'),
	(54, 256, 0, '2020-05-16 18:14:42', '2020-05-16 18:14:42'),
	(54, 294, 5, '2020-05-16 18:14:42', '2020-05-16 18:14:42'),
	(54, 312, 0, '2020-05-16 18:14:42', '2020-05-16 18:14:42'),
	(54, 343, 0, '2020-05-16 18:14:42', '2020-05-16 18:14:42'),
	(54, 352, 0, '2020-05-16 18:14:42', '2020-05-16 18:14:42'),
	(55, 53, 0, '2020-05-16 18:14:42', '2020-05-16 18:14:42'),
	(55, 137, 18, '2020-05-16 18:14:42', '2020-05-16 18:14:42'),
	(55, 226, 0, '2020-05-16 18:14:42', '2020-05-16 18:14:42'),
	(55, 243, 4, '2020-05-16 18:14:42', '2020-05-16 18:14:42'),
	(55, 329, 0, '2020-05-16 18:14:42', '2020-05-16 18:14:42'),
	(55, 369, 0, '2020-05-16 18:14:42', '2020-05-16 18:14:42'),
	(55, 387, 17, '2020-05-16 18:14:42', '2020-05-16 18:14:42'),
	(56, 11, 0, '2020-05-16 18:14:42', '2020-05-16 18:14:42'),
	(56, 40, 0, '2020-05-16 18:14:42', '2020-05-16 18:14:42'),
	(56, 73, 13, '2020-05-16 18:14:42', '2020-05-16 18:14:42'),
	(56, 75, 12, '2020-05-16 18:14:42', '2020-05-16 18:14:42'),
	(56, 149, 0, '2020-05-16 18:14:42', '2020-05-16 18:14:42'),
	(56, 175, 9, '2020-05-16 18:14:42', '2020-05-16 18:14:42'),
	(56, 215, 10, '2020-05-16 18:14:42', '2020-05-16 18:14:42'),
	(56, 285, 0, '2020-05-16 18:14:42', '2020-05-16 18:14:42'),
	(56, 296, 0, '2020-05-16 18:14:42', '2020-05-16 18:14:42'),
	(56, 299, 3, '2020-05-16 18:14:42', '2020-05-16 18:14:42'),
	(56, 339, 0, '2020-05-16 18:14:42', '2020-05-16 18:14:42'),
	(56, 352, 17, '2020-05-16 18:14:42', '2020-05-16 18:14:42'),
	(57, 159, 0, '2020-05-16 18:14:42', '2020-05-16 18:14:42'),
	(57, 167, 0, '2020-05-16 18:14:42', '2020-05-16 18:14:42'),
	(57, 185, 0, '2020-05-16 18:14:42', '2020-05-16 18:14:42'),
	(57, 222, 18, '2020-05-16 18:14:42', '2020-05-16 18:14:42'),
	(57, 305, 10, '2020-05-16 18:14:42', '2020-05-16 18:14:42'),
	(57, 386, 3, '2020-05-16 18:14:42', '2020-05-16 18:14:42'),
	(58, 37, 0, '2020-05-16 18:14:42', '2020-05-16 18:14:42'),
	(58, 93, 0, '2020-05-16 18:14:42', '2020-05-16 18:14:42'),
	(58, 102, 0, '2020-05-16 18:14:42', '2020-05-16 18:14:42'),
	(58, 106, 14, '2020-05-16 18:14:42', '2020-05-16 18:14:42'),
	(58, 158, 4, '2020-05-16 18:14:42', '2020-05-16 18:14:42'),
	(58, 279, 20, '2020-05-16 18:14:42', '2020-05-16 18:14:42'),
	(58, 314, 0, '2020-05-16 18:14:42', '2020-05-16 18:14:42'),
	(59, 48, 13, '2020-05-16 18:14:42', '2020-05-16 18:14:42'),
	(59, 108, 0, '2020-05-16 18:14:42', '2020-05-16 18:14:42'),
	(59, 133, 0, '2020-05-16 18:14:42', '2020-05-16 18:14:42'),
	(59, 237, 8, '2020-05-16 18:14:42', '2020-05-16 18:14:42'),
	(59, 243, 0, '2020-05-16 18:14:42', '2020-05-16 18:14:42'),
	(59, 321, 19, '2020-05-16 18:14:42', '2020-05-16 18:14:42'),
	(60, 46, 5, '2020-05-16 18:14:42', '2020-05-16 18:14:42'),
	(60, 53, 0, '2020-05-16 18:14:42', '2020-05-16 18:14:42'),
	(60, 164, 15, '2020-05-16 18:14:42', '2020-05-16 18:14:42'),
	(60, 176, 0, '2020-05-16 18:14:42', '2020-05-16 18:14:42'),
	(60, 180, 11, '2020-05-16 18:14:42', '2020-05-16 18:14:42'),
	(60, 272, 0, '2020-05-16 18:14:42', '2020-05-16 18:14:42'),
	(60, 307, 0, '2020-05-16 18:14:42', '2020-05-16 18:14:42'),
	(60, 314, 0, '2020-05-16 18:14:42', '2020-05-16 18:14:42'),
	(60, 330, 0, '2020-05-16 18:14:42', '2020-05-16 18:14:42'),
	(60, 355, 0, '2020-05-16 18:14:42', '2020-05-16 18:14:42'),
	(61, 34, 18, '2020-05-16 18:14:42', '2020-05-16 18:14:42'),
	(61, 79, 0, '2020-05-16 18:14:42', '2020-05-16 18:14:42'),
	(61, 147, 0, '2020-05-16 18:14:42', '2020-05-16 18:14:42'),
	(61, 156, 0, '2020-05-16 18:14:42', '2020-05-16 18:14:42'),
	(61, 217, 0, '2020-05-16 18:14:42', '2020-05-16 18:14:42'),
	(61, 230, 16, '2020-05-16 18:14:42', '2020-05-16 18:14:42'),
	(61, 308, 12, '2020-05-16 18:14:42', '2020-05-16 18:14:42'),
	(61, 371, 18, '2020-05-16 18:14:42', '2020-05-16 18:14:42'),
	(62, 20, 0, '2020-05-16 18:14:42', '2020-05-16 18:14:42'),
	(62, 69, 0, '2020-05-16 18:14:42', '2020-05-16 18:14:42'),
	(62, 139, 9, '2020-05-16 18:14:42', '2020-05-16 18:14:42'),
	(62, 175, 0, '2020-05-16 18:14:42', '2020-05-16 18:14:42'),
	(62, 198, 7, '2020-05-16 18:14:42', '2020-05-16 18:14:42'),
	(62, 287, 0, '2020-05-16 18:14:42', '2020-05-16 18:14:42'),
	(62, 303, 0, '2020-05-16 18:14:42', '2020-05-16 18:14:42'),
	(62, 347, 0, '2020-05-16 18:14:42', '2020-05-16 18:14:42'),
	(62, 367, 0, '2020-05-16 18:14:42', '2020-05-16 18:14:42'),
	(62, 388, 0, '2020-05-16 18:14:42', '2020-05-16 18:14:42'),
	(63, 14, 0, '2020-05-16 18:14:42', '2020-05-16 18:14:42'),
	(63, 51, 12, '2020-05-16 18:14:42', '2020-05-16 18:14:42'),
	(63, 110, 0, '2020-05-16 18:14:42', '2020-05-16 18:14:42'),
	(63, 151, 5, '2020-05-16 18:14:42', '2020-05-16 18:14:42'),
	(63, 185, 0, '2020-05-16 18:14:42', '2020-05-16 18:14:42'),
	(63, 201, 15, '2020-05-16 18:14:42', '2020-05-16 18:14:42'),
	(63, 255, 0, '2020-05-16 18:14:42', '2020-05-16 18:14:42'),
	(63, 285, 7, '2020-05-16 18:14:42', '2020-05-16 18:14:42'),
	(63, 385, 16, '2020-05-16 18:14:42', '2020-05-16 18:14:42'),
	(63, 386, 14, '2020-05-16 18:14:42', '2020-05-16 18:14:42'),
	(64, 82, 0, '2020-05-16 18:14:42', '2020-05-16 18:14:42'),
	(64, 107, 0, '2020-05-16 18:14:42', '2020-05-16 18:14:42'),
	(64, 114, 0, '2020-05-16 18:14:42', '2020-05-16 18:14:42'),
	(64, 149, 16, '2020-05-16 18:14:42', '2020-05-16 18:14:42'),
	(64, 160, 0, '2020-05-16 18:14:42', '2020-05-16 18:14:42'),
	(64, 188, 0, '2020-05-16 18:14:42', '2020-05-16 18:14:42'),
	(64, 189, 0, '2020-05-16 18:14:42', '2020-05-16 18:14:42'),
	(64, 200, 17, '2020-05-16 18:14:42', '2020-05-16 18:14:42'),
	(64, 214, 12, '2020-05-16 18:14:42', '2020-05-16 18:14:42'),
	(64, 264, 0, '2020-05-16 18:14:42', '2020-05-16 18:14:42'),
	(64, 289, 11, '2020-05-16 18:14:42', '2020-05-16 18:14:42'),
	(64, 372, 0, '2020-05-16 18:14:42', '2020-05-16 18:14:42'),
	(65, 19, 18, '2020-05-16 18:14:42', '2020-05-16 18:14:42'),
	(65, 33, 0, '2020-05-16 18:14:42', '2020-05-16 18:14:42'),
	(65, 102, 12, '2020-05-16 18:14:42', '2020-05-16 18:14:42'),
	(65, 247, 18, '2020-05-16 18:14:42', '2020-05-16 18:14:42'),
	(65, 250, 0, '2020-05-16 18:14:42', '2020-05-16 18:14:42'),
	(65, 356, 0, '2020-05-16 18:14:42', '2020-05-16 18:14:42'),
	(65, 370, 0, '2020-05-16 18:14:42', '2020-05-16 18:14:42'),
	(65, 380, 20, '2020-05-16 18:14:42', '2020-05-16 18:14:42'),
	(65, 383, 14, '2020-05-16 18:14:42', '2020-05-16 18:14:42'),
	(65, 396, 0, '2020-05-16 18:14:42', '2020-05-16 18:14:42'),
	(66, 10, 0, '2020-05-16 18:14:42', '2020-05-16 18:14:42'),
	(66, 87, 0, '2020-05-16 18:14:42', '2020-05-16 18:14:42'),
	(66, 149, 9, '2020-05-16 18:14:42', '2020-05-16 18:14:42'),
	(66, 166, 4, '2020-05-16 18:14:42', '2020-05-16 18:14:42'),
	(66, 167, 9, '2020-05-16 18:14:42', '2020-05-16 18:14:42'),
	(66, 216, 8, '2020-05-16 18:14:42', '2020-05-16 18:14:42'),
	(66, 285, 1, '2020-05-16 18:14:42', '2020-05-16 18:14:42'),
	(66, 337, 0, '2020-05-16 18:14:42', '2020-05-16 18:14:42'),
	(66, 348, 0, '2020-05-16 18:14:42', '2020-05-16 18:14:42'),
	(66, 381, 0, '2020-05-16 18:14:42', '2020-05-16 18:14:42'),
	(67, 28, 0, '2020-05-16 18:14:42', '2020-05-16 18:14:42'),
	(67, 132, 0, '2020-05-16 18:14:42', '2020-05-16 18:14:42'),
	(67, 138, 3, '2020-05-16 18:14:42', '2020-05-16 18:14:42'),
	(67, 141, 3, '2020-05-16 18:14:42', '2020-05-16 18:14:42'),
	(67, 153, 0, '2020-05-16 18:14:42', '2020-05-16 18:14:42'),
	(67, 185, 12, '2020-05-16 18:14:42', '2020-05-16 18:14:42'),
	(67, 225, 17, '2020-05-16 18:14:42', '2020-05-16 18:14:42'),
	(67, 267, 0, '2020-05-16 18:14:42', '2020-05-16 18:14:42'),
	(67, 310, 3, '2020-05-16 18:14:42', '2020-05-16 18:14:42'),
	(67, 312, 18, '2020-05-16 18:14:42', '2020-05-16 18:14:42'),
	(67, 378, 0, '2020-05-16 18:14:42', '2020-05-16 18:14:42'),
	(68, 15, 13, '2020-05-16 18:14:42', '2020-05-16 18:14:42'),
	(68, 27, 12, '2020-05-16 18:14:42', '2020-05-16 18:14:42'),
	(68, 68, 0, '2020-05-16 18:14:42', '2020-05-16 18:14:42'),
	(68, 69, 0, '2020-05-16 18:14:42', '2020-05-16 18:14:42'),
	(68, 77, 4, '2020-05-16 18:14:42', '2020-05-16 18:14:42'),
	(68, 158, 10, '2020-05-16 18:14:42', '2020-05-16 18:14:42'),
	(68, 212, 17, '2020-05-16 18:14:42', '2020-05-16 18:14:42'),
	(68, 239, 11, '2020-05-16 18:14:42', '2020-05-16 18:14:42'),
	(68, 247, 0, '2020-05-16 18:14:42', '2020-05-16 18:14:42'),
	(68, 260, 0, '2020-05-16 18:14:42', '2020-05-16 18:14:42'),
	(68, 262, 16, '2020-05-16 18:14:42', '2020-05-16 18:14:42'),
	(68, 332, 0, '2020-05-16 18:14:42', '2020-05-16 18:14:42'),
	(68, 341, 20, '2020-05-16 18:14:42', '2020-05-16 18:14:42'),
	(68, 372, 0, '2020-05-16 18:14:42', '2020-05-16 18:14:42'),
	(69, 7, 0, '2020-05-16 18:14:42', '2020-05-16 18:14:42'),
	(69, 14, 19, '2020-05-16 18:14:42', '2020-05-16 18:14:42'),
	(69, 17, 12, '2020-05-16 18:14:42', '2020-05-16 18:14:42'),
	(69, 62, 18, '2020-05-16 18:14:42', '2020-05-16 18:14:42'),
	(69, 74, 0, '2020-05-16 18:14:42', '2020-05-16 18:14:42'),
	(69, 114, 0, '2020-05-16 18:14:42', '2020-05-16 18:14:42'),
	(69, 155, 13, '2020-05-16 18:14:42', '2020-05-16 18:14:42'),
	(69, 175, 0, '2020-05-16 18:14:42', '2020-05-16 18:14:42'),
	(69, 310, 4, '2020-05-16 18:14:42', '2020-05-16 18:14:42'),
	(69, 344, 0, '2020-05-16 18:14:42', '2020-05-16 18:14:42'),
	(69, 370, 0, '2020-05-16 18:14:42', '2020-05-16 18:14:42'),
	(69, 391, 0, '2020-05-16 18:14:42', '2020-05-16 18:14:42'),
	(69, 396, 18, '2020-05-16 18:14:42', '2020-05-16 18:14:42'),
	(70, 53, 17, '2020-05-16 18:14:42', '2020-05-16 18:14:42'),
	(70, 59, 0, '2020-05-16 18:14:42', '2020-05-16 18:14:42'),
	(70, 71, 0, '2020-05-16 18:14:42', '2020-05-16 18:14:42'),
	(70, 151, 0, '2020-05-16 18:14:42', '2020-05-16 18:14:42'),
	(70, 156, 0, '2020-05-16 18:14:42', '2020-05-16 18:14:42'),
	(70, 164, 18, '2020-05-16 18:14:42', '2020-05-16 18:14:42'),
	(70, 205, 7, '2020-05-16 18:14:42', '2020-05-16 18:14:42'),
	(70, 209, 0, '2020-05-16 18:14:42', '2020-05-16 18:14:42'),
	(70, 242, 0, '2020-05-16 18:14:42', '2020-05-16 18:14:42'),
	(70, 312, 0, '2020-05-16 18:14:42', '2020-05-16 18:14:42'),
	(70, 393, 17, '2020-05-16 18:14:42', '2020-05-16 18:14:42'),
	(71, 59, 0, '2020-05-16 18:14:42', '2020-05-16 18:14:42'),
	(71, 138, 0, '2020-05-16 18:14:42', '2020-05-16 18:14:42'),
	(71, 173, 16, '2020-05-16 18:14:42', '2020-05-16 18:14:42'),
	(71, 186, 4, '2020-05-16 18:14:42', '2020-05-16 18:14:42'),
	(71, 210, 7, '2020-05-16 18:14:42', '2020-05-16 18:14:42'),
	(71, 258, 16, '2020-05-16 18:14:42', '2020-05-16 18:14:42'),
	(71, 344, 0, '2020-05-16 18:14:42', '2020-05-16 18:14:42'),
	(71, 348, 2, '2020-05-16 18:14:42', '2020-05-16 18:14:42'),
	(71, 379, 0, '2020-05-16 18:14:42', '2020-05-16 18:14:42'),
	(71, 393, 0, '2020-05-16 18:14:42', '2020-05-16 18:14:42'),
	(72, 78, 0, '2020-05-16 18:14:42', '2020-05-16 18:14:42'),
	(72, 155, 0, '2020-05-16 18:14:42', '2020-05-16 18:14:42'),
	(72, 178, 0, '2020-05-16 18:14:42', '2020-05-16 18:14:42'),
	(72, 208, 11, '2020-05-16 18:14:42', '2020-05-16 18:14:42'),
	(72, 228, 0, '2020-05-16 18:14:42', '2020-05-16 18:14:42'),
	(72, 237, 17, '2020-05-16 18:14:42', '2020-05-16 18:14:42'),
	(72, 281, 1, '2020-05-16 18:14:42', '2020-05-16 18:14:42'),
	(72, 324, 0, '2020-05-16 18:14:42', '2020-05-16 18:14:42'),
	(72, 338, 0, '2020-05-16 18:14:42', '2020-05-16 18:14:42'),
	(72, 365, 0, '2020-05-16 18:14:42', '2020-05-16 18:14:42'),
	(72, 389, 0, '2020-05-16 18:14:42', '2020-05-16 18:14:42'),
	(73, 26, 17, '2020-05-16 18:14:42', '2020-05-16 18:14:42'),
	(73, 55, 0, '2020-05-16 18:14:42', '2020-05-16 18:14:42'),
	(73, 308, 14, '2020-05-16 18:14:42', '2020-05-16 18:14:42'),
	(73, 323, 0, '2020-05-16 18:14:42', '2020-05-16 18:14:42'),
	(73, 324, 5, '2020-05-16 18:14:42', '2020-05-16 18:14:42'),
	(73, 339, 0, '2020-05-16 18:14:42', '2020-05-16 18:14:42'),
	(73, 353, 0, '2020-05-16 18:14:42', '2020-05-16 18:14:42'),
	(73, 354, 7, '2020-05-16 18:14:42', '2020-05-16 18:14:42'),
	(73, 387, 0, '2020-05-16 18:14:42', '2020-05-16 18:14:42'),
	(74, 52, 0, '2020-05-16 18:14:42', '2020-05-16 18:14:42'),
	(74, 76, 15, '2020-05-16 18:14:42', '2020-05-16 18:14:42'),
	(74, 196, 14, '2020-05-16 18:14:42', '2020-05-16 18:14:42'),
	(74, 216, 9, '2020-05-16 18:14:42', '2020-05-16 18:14:42'),
	(74, 219, 0, '2020-05-16 18:14:42', '2020-05-16 18:14:42'),
	(74, 227, 0, '2020-05-16 18:14:42', '2020-05-16 18:14:42'),
	(74, 269, 0, '2020-05-16 18:14:42', '2020-05-16 18:14:42'),
	(74, 327, 0, '2020-05-16 18:14:42', '2020-05-16 18:14:42'),
	(75, 40, 11, '2020-05-16 18:14:42', '2020-05-16 18:14:42'),
	(75, 81, 0, '2020-05-16 18:14:42', '2020-05-16 18:14:42'),
	(75, 88, 0, '2020-05-16 18:14:42', '2020-05-16 18:14:42'),
	(75, 112, 0, '2020-05-16 18:14:42', '2020-05-16 18:14:42'),
	(75, 128, 11, '2020-05-16 18:14:42', '2020-05-16 18:14:42'),
	(75, 147, 3, '2020-05-16 18:14:42', '2020-05-16 18:14:42'),
	(75, 149, 10, '2020-05-16 18:14:42', '2020-05-16 18:14:42'),
	(75, 162, 0, '2020-05-16 18:14:42', '2020-05-16 18:14:42'),
	(75, 222, 11, '2020-05-16 18:14:42', '2020-05-16 18:14:42'),
	(75, 258, 0, '2020-05-16 18:14:42', '2020-05-16 18:14:42'),
	(75, 260, 11, '2020-05-16 18:14:42', '2020-05-16 18:14:42'),
	(76, 25, 0, '2020-05-16 18:14:42', '2020-05-16 18:14:42'),
	(76, 58, 0, '2020-05-16 18:14:42', '2020-05-16 18:14:42'),
	(76, 103, 6, '2020-05-16 18:14:42', '2020-05-16 18:14:42'),
	(76, 205, 12, '2020-05-16 18:14:42', '2020-05-16 18:14:42'),
	(76, 245, 0, '2020-05-16 18:14:42', '2020-05-16 18:14:42'),
	(76, 260, 0, '2020-05-16 18:14:42', '2020-05-16 18:14:42'),
	(76, 329, 0, '2020-05-16 18:14:42', '2020-05-16 18:14:42'),
	(76, 363, 0, '2020-05-16 18:14:42', '2020-05-16 18:14:42'),
	(77, 46, 0, '2020-05-16 18:14:42', '2020-05-16 18:14:42'),
	(77, 56, 8, '2020-05-16 18:14:42', '2020-05-16 18:14:42'),
	(77, 62, 17, '2020-05-16 18:14:42', '2020-05-16 18:14:42'),
	(77, 85, 0, '2020-05-16 18:14:42', '2020-05-16 18:14:42'),
	(77, 161, 15, '2020-05-16 18:14:42', '2020-05-16 18:14:42'),
	(77, 177, 20, '2020-05-16 18:14:42', '2020-05-16 18:14:42'),
	(77, 267, 0, '2020-05-16 18:14:42', '2020-05-16 18:14:42'),
	(77, 326, 9, '2020-05-16 18:14:42', '2020-05-16 18:14:42'),
	(77, 365, 0, '2020-05-16 18:14:42', '2020-05-16 18:14:42'),
	(77, 376, 8, '2020-05-16 18:14:42', '2020-05-16 18:14:42'),
	(77, 383, 0, '2020-05-16 18:14:42', '2020-05-16 18:14:42'),
	(78, 11, 3, '2020-05-16 18:14:42', '2020-05-16 18:14:42'),
	(78, 82, 10, '2020-05-16 18:14:42', '2020-05-16 18:14:42'),
	(78, 96, 1, '2020-05-16 18:14:42', '2020-05-16 18:14:42'),
	(78, 101, 19, '2020-05-16 18:14:42', '2020-05-16 18:14:42'),
	(78, 174, 0, '2020-05-16 18:14:42', '2020-05-16 18:14:42'),
	(78, 248, 0, '2020-05-16 18:14:42', '2020-05-16 18:14:42'),
	(78, 289, 0, '2020-05-16 18:14:42', '2020-05-16 18:14:42'),
	(78, 295, 0, '2020-05-16 18:14:42', '2020-05-16 18:14:42'),
	(78, 331, 0, '2020-05-16 18:14:42', '2020-05-16 18:14:42'),
	(78, 335, 0, '2020-05-16 18:14:42', '2020-05-16 18:14:42'),
	(78, 342, 0, '2020-05-16 18:14:42', '2020-05-16 18:14:42'),
	(78, 363, 0, '2020-05-16 18:14:42', '2020-05-16 18:14:42'),
	(78, 365, 0, '2020-05-16 18:14:42', '2020-05-16 18:14:42'),
	(79, 43, 6, '2020-05-16 18:14:42', '2020-05-16 18:14:42'),
	(79, 130, 12, '2020-05-16 18:14:42', '2020-05-16 18:14:42'),
	(79, 171, 0, '2020-05-16 18:14:42', '2020-05-16 18:14:42'),
	(79, 195, 8, '2020-05-16 18:14:42', '2020-05-16 18:14:42'),
	(79, 332, 4, '2020-05-16 18:14:42', '2020-05-16 18:14:42'),
	(80, 54, 1, '2020-05-16 18:14:42', '2020-05-16 18:14:42'),
	(80, 55, 0, '2020-05-16 18:14:42', '2020-05-16 18:14:42'),
	(80, 102, 0, '2020-05-16 18:14:42', '2020-05-16 18:14:42'),
	(80, 113, 14, '2020-05-16 18:14:42', '2020-05-16 18:14:42'),
	(80, 154, 0, '2020-05-16 18:14:42', '2020-05-16 18:14:42'),
	(80, 185, 0, '2020-05-16 18:14:42', '2020-05-16 18:14:42'),
	(80, 227, 0, '2020-05-16 18:14:42', '2020-05-16 18:14:42'),
	(80, 361, 0, '2020-05-16 18:14:42', '2020-05-16 18:14:42'),
	(80, 387, 4, '2020-05-16 18:14:42', '2020-05-16 18:14:42'),
	(81, 1, 11, '2020-05-16 18:14:42', '2020-05-16 18:14:42'),
	(81, 40, 12, '2020-05-16 18:14:42', '2020-05-16 18:14:42'),
	(81, 76, 0, '2020-05-16 18:14:42', '2020-05-16 18:14:42'),
	(81, 89, 0, '2020-05-16 18:14:42', '2020-05-16 18:14:42'),
	(81, 112, 10, '2020-05-16 18:14:42', '2020-05-16 18:14:42'),
	(81, 117, 5, '2020-05-16 18:14:42', '2020-05-16 18:14:42'),
	(81, 145, 20, '2020-05-16 18:14:42', '2020-05-16 18:14:42'),
	(81, 315, 0, '2020-05-16 18:14:42', '2020-05-16 18:14:42'),
	(82, 97, 14, '2020-05-16 18:14:42', '2020-05-16 18:14:42'),
	(82, 156, 0, '2020-05-16 18:14:42', '2020-05-16 18:14:42'),
	(82, 180, 6, '2020-05-16 18:14:42', '2020-05-16 18:14:42'),
	(82, 183, 0, '2020-05-16 18:14:42', '2020-05-16 18:14:42'),
	(82, 206, 0, '2020-05-16 18:14:42', '2020-05-16 18:14:42'),
	(82, 253, 0, '2020-05-16 18:14:42', '2020-05-16 18:14:42'),
	(82, 277, 8, '2020-05-16 18:14:42', '2020-05-16 18:14:42'),
	(82, 343, 6, '2020-05-16 18:14:42', '2020-05-16 18:14:42'),
	(82, 389, 18, '2020-05-16 18:14:42', '2020-05-16 18:14:42'),
	(82, 395, 0, '2020-05-16 18:14:42', '2020-05-16 18:14:42'),
	(82, 399, 0, '2020-05-16 18:14:42', '2020-05-16 18:14:42'),
	(83, 6, 0, '2020-05-16 18:14:42', '2020-05-16 18:14:42'),
	(83, 136, 0, '2020-05-16 18:14:42', '2020-05-16 18:14:42'),
	(83, 150, 0, '2020-05-16 18:14:42', '2020-05-16 18:14:42'),
	(83, 155, 0, '2020-05-16 18:14:42', '2020-05-16 18:14:42'),
	(83, 195, 0, '2020-05-16 18:14:42', '2020-05-16 18:14:42'),
	(83, 258, 16, '2020-05-16 18:14:42', '2020-05-16 18:14:42'),
	(83, 282, 0, '2020-05-16 18:14:42', '2020-05-16 18:14:42'),
	(84, 90, 0, '2020-05-16 18:14:42', '2020-05-16 18:14:42'),
	(84, 97, 0, '2020-05-16 18:14:42', '2020-05-16 18:14:42'),
	(84, 109, 0, '2020-05-16 18:14:42', '2020-05-16 18:14:42'),
	(84, 138, 0, '2020-05-16 18:14:42', '2020-05-16 18:14:42'),
	(84, 213, 13, '2020-05-16 18:14:42', '2020-05-16 18:14:42'),
	(84, 240, 0, '2020-05-16 18:14:42', '2020-05-16 18:14:42'),
	(84, 263, 8, '2020-05-16 18:14:42', '2020-05-16 18:14:42'),
	(84, 286, 0, '2020-05-16 18:14:42', '2020-05-16 18:14:42'),
	(84, 386, 0, '2020-05-16 18:14:42', '2020-05-16 18:14:42'),
	(84, 391, 13, '2020-05-16 18:14:42', '2020-05-16 18:14:42'),
	(84, 393, 0, '2020-05-16 18:14:42', '2020-05-16 18:14:42'),
	(85, 14, 19, '2020-05-16 18:14:42', '2020-05-16 18:14:42'),
	(85, 169, 0, '2020-05-16 18:14:42', '2020-05-16 18:14:42'),
	(85, 191, 16, '2020-05-16 18:14:42', '2020-05-16 18:14:42'),
	(85, 223, 15, '2020-05-16 18:14:42', '2020-05-16 18:14:42'),
	(85, 229, 0, '2020-05-16 18:14:42', '2020-05-16 18:14:42'),
	(85, 233, 0, '2020-05-16 18:14:42', '2020-05-16 18:14:42'),
	(85, 294, 0, '2020-05-16 18:14:42', '2020-05-16 18:14:42'),
	(85, 333, 0, '2020-05-16 18:14:42', '2020-05-16 18:14:42'),
	(85, 366, 0, '2020-05-16 18:14:42', '2020-05-16 18:14:42'),
	(85, 379, 0, '2020-05-16 18:14:42', '2020-05-16 18:14:42'),
	(86, 34, 18, '2020-05-16 18:14:42', '2020-05-16 18:14:42'),
	(86, 52, 20, '2020-05-16 18:14:42', '2020-05-16 18:14:42'),
	(86, 77, 0, '2020-05-16 18:14:42', '2020-05-16 18:14:42'),
	(86, 119, 13, '2020-05-16 18:14:42', '2020-05-16 18:14:42'),
	(86, 131, 0, '2020-05-16 18:14:42', '2020-05-16 18:14:42'),
	(86, 152, 0, '2020-05-16 18:14:42', '2020-05-16 18:14:42'),
	(86, 219, 0, '2020-05-16 18:14:42', '2020-05-16 18:14:42'),
	(86, 224, 7, '2020-05-16 18:14:42', '2020-05-16 18:14:42'),
	(86, 294, 0, '2020-05-16 18:14:42', '2020-05-16 18:14:42'),
	(86, 310, 0, '2020-05-16 18:14:42', '2020-05-16 18:14:42'),
	(86, 346, 10, '2020-05-16 18:14:42', '2020-05-16 18:14:42'),
	(86, 398, 0, '2020-05-16 18:14:42', '2020-05-16 18:14:42'),
	(87, 49, 15, '2020-05-16 18:14:42', '2020-05-16 18:14:42'),
	(87, 172, 0, '2020-05-16 18:14:42', '2020-05-16 18:14:42'),
	(87, 282, 4, '2020-05-16 18:14:42', '2020-05-16 18:14:42'),
	(87, 324, 0, '2020-05-16 18:14:42', '2020-05-16 18:14:42'),
	(87, 328, 15, '2020-05-16 18:14:42', '2020-05-16 18:14:42'),
	(88, 20, 17, '2020-05-16 18:14:42', '2020-05-16 18:14:42'),
	(88, 24, 2, '2020-05-16 18:14:42', '2020-05-16 18:14:42'),
	(88, 44, 3, '2020-05-16 18:14:42', '2020-05-16 18:14:42'),
	(88, 124, 7, '2020-05-16 18:14:42', '2020-05-16 18:14:42'),
	(88, 186, 0, '2020-05-16 18:14:42', '2020-05-16 18:14:42'),
	(88, 202, 0, '2020-05-16 18:14:42', '2020-05-16 18:14:42'),
	(88, 246, 10, '2020-05-16 18:14:42', '2020-05-16 18:14:42'),
	(88, 319, 0, '2020-05-16 18:14:42', '2020-05-16 18:14:42'),
	(88, 325, 3, '2020-05-16 18:14:42', '2020-05-16 18:14:42'),
	(88, 341, 0, '2020-05-16 18:14:42', '2020-05-16 18:14:42'),
	(88, 396, 0, '2020-05-16 18:14:42', '2020-05-16 18:14:42'),
	(89, 43, 0, '2020-05-16 18:14:42', '2020-05-16 18:14:42'),
	(89, 48, 0, '2020-05-16 18:14:42', '2020-05-16 18:14:42'),
	(89, 53, 9, '2020-05-16 18:14:42', '2020-05-16 18:14:42'),
	(89, 143, 12, '2020-05-16 18:14:42', '2020-05-16 18:14:42'),
	(89, 187, 0, '2020-05-16 18:14:42', '2020-05-16 18:14:42'),
	(89, 243, 0, '2020-05-16 18:14:42', '2020-05-16 18:14:42'),
	(89, 263, 18, '2020-05-16 18:14:42', '2020-05-16 18:14:42'),
	(89, 296, 0, '2020-05-16 18:14:42', '2020-05-16 18:14:42'),
	(89, 299, 0, '2020-05-16 18:14:42', '2020-05-16 18:14:42'),
	(89, 323, 1, '2020-05-16 18:14:42', '2020-05-16 18:14:42'),
	(89, 396, 19, '2020-05-16 18:14:42', '2020-05-16 18:14:42'),
	(90, 128, 0, '2020-05-16 18:14:42', '2020-05-16 18:14:42'),
	(90, 143, 6, '2020-05-16 18:14:42', '2020-05-16 18:14:42'),
	(90, 210, 0, '2020-05-16 18:14:42', '2020-05-16 18:14:42'),
	(90, 274, 6, '2020-05-16 18:14:42', '2020-05-16 18:14:42'),
	(90, 303, 15, '2020-05-16 18:14:42', '2020-05-16 18:14:42'),
	(90, 370, 13, '2020-05-16 18:14:42', '2020-05-16 18:14:42'),
	(90, 394, 0, '2020-05-16 18:14:42', '2020-05-16 18:14:42'),
	(91, 35, 8, '2020-05-16 18:14:42', '2020-05-16 18:14:42'),
	(91, 41, 7, '2020-05-16 18:14:42', '2020-05-16 18:14:42'),
	(91, 109, 0, '2020-05-16 18:14:42', '2020-05-16 18:14:42'),
	(91, 197, 9, '2020-05-16 18:14:42', '2020-05-16 18:14:42'),
	(91, 198, 0, '2020-05-16 18:14:42', '2020-05-16 18:14:42'),
	(91, 254, 8, '2020-05-16 18:14:42', '2020-05-16 18:14:42'),
	(91, 259, 5, '2020-05-16 18:14:42', '2020-05-16 18:14:42'),
	(91, 364, 0, '2020-05-16 18:14:42', '2020-05-16 18:14:42'),
	(91, 383, 7, '2020-05-16 18:14:42', '2020-05-16 18:14:42'),
	(91, 399, 17, '2020-05-16 18:14:42', '2020-05-16 18:14:42'),
	(92, 19, 0, '2020-05-16 18:14:42', '2020-05-16 18:14:42'),
	(92, 152, 9, '2020-05-16 18:14:42', '2020-05-16 18:14:42'),
	(92, 161, 15, '2020-05-16 18:14:42', '2020-05-16 18:14:42'),
	(92, 243, 18, '2020-05-16 18:14:42', '2020-05-16 18:14:42'),
	(92, 292, 13, '2020-05-16 18:14:42', '2020-05-16 18:14:42'),
	(92, 315, 0, '2020-05-16 18:14:42', '2020-05-16 18:14:42'),
	(92, 318, 20, '2020-05-16 18:14:42', '2020-05-16 18:14:42'),
	(92, 358, 17, '2020-05-16 18:14:42', '2020-05-16 18:14:42'),
	(92, 363, 15, '2020-05-16 18:14:42', '2020-05-16 18:14:42'),
	(93, 12, 0, '2020-05-16 18:14:42', '2020-05-16 18:14:42'),
	(93, 13, 2, '2020-05-16 18:14:42', '2020-05-16 18:14:42'),
	(93, 14, 0, '2020-05-16 18:14:42', '2020-05-16 18:14:42'),
	(93, 36, 7, '2020-05-16 18:14:42', '2020-05-16 18:14:42'),
	(93, 132, 0, '2020-05-16 18:14:42', '2020-05-16 18:14:42'),
	(93, 160, 4, '2020-05-16 18:14:42', '2020-05-16 18:14:42'),
	(93, 167, 0, '2020-05-16 18:14:42', '2020-05-16 18:14:42'),
	(93, 177, 0, '2020-05-16 18:14:42', '2020-05-16 18:14:42'),
	(93, 212, 0, '2020-05-16 18:14:42', '2020-05-16 18:14:42'),
	(93, 276, 6, '2020-05-16 18:14:42', '2020-05-16 18:14:42'),
	(93, 342, 0, '2020-05-16 18:14:42', '2020-05-16 18:14:42'),
	(94, 203, 0, '2020-05-16 18:14:42', '2020-05-16 18:14:42'),
	(94, 214, 8, '2020-05-16 18:14:42', '2020-05-16 18:14:42'),
	(94, 247, 0, '2020-05-16 18:14:42', '2020-05-16 18:14:42'),
	(95, 7, 0, '2020-05-16 18:14:42', '2020-05-16 18:14:42'),
	(95, 117, 2, '2020-05-16 18:14:42', '2020-05-16 18:14:42'),
	(95, 124, 14, '2020-05-16 18:14:42', '2020-05-16 18:14:42'),
	(95, 132, 0, '2020-05-16 18:14:42', '2020-05-16 18:14:42'),
	(95, 157, 12, '2020-05-16 18:14:42', '2020-05-16 18:14:42'),
	(95, 160, 1, '2020-05-16 18:14:42', '2020-05-16 18:14:42'),
	(95, 278, 9, '2020-05-16 18:14:42', '2020-05-16 18:14:42'),
	(95, 284, 0, '2020-05-16 18:14:42', '2020-05-16 18:14:42'),
	(95, 354, 11, '2020-05-16 18:14:42', '2020-05-16 18:14:42'),
	(95, 364, 13, '2020-05-16 18:14:42', '2020-05-16 18:14:42'),
	(96, 8, 7, '2020-05-16 18:14:42', '2020-05-16 18:14:42'),
	(96, 22, 0, '2020-05-16 18:14:42', '2020-05-16 18:14:42'),
	(96, 202, 0, '2020-05-16 18:14:42', '2020-05-16 18:14:42'),
	(96, 263, 9, '2020-05-16 18:14:42', '2020-05-16 18:14:42'),
	(96, 313, 0, '2020-05-16 18:14:42', '2020-05-16 18:14:42'),
	(96, 392, 0, '2020-05-16 18:14:42', '2020-05-16 18:14:42'),
	(96, 394, 12, '2020-05-16 18:14:42', '2020-05-16 18:14:42'),
	(97, 9, 0, '2020-05-16 18:14:42', '2020-05-16 18:14:42'),
	(97, 12, 0, '2020-05-16 18:14:42', '2020-05-16 18:14:42'),
	(97, 45, 13, '2020-05-16 18:14:42', '2020-05-16 18:14:42'),
	(97, 77, 0, '2020-05-16 18:14:42', '2020-05-16 18:14:42'),
	(97, 80, 0, '2020-05-16 18:14:42', '2020-05-16 18:14:42'),
	(97, 248, 0, '2020-05-16 18:14:42', '2020-05-16 18:14:42'),
	(97, 323, 1, '2020-05-16 18:14:42', '2020-05-16 18:14:42'),
	(97, 330, 6, '2020-05-16 18:14:42', '2020-05-16 18:14:42'),
	(97, 391, 12, '2020-05-16 18:14:42', '2020-05-16 18:14:42'),
	(97, 392, 8, '2020-05-16 18:14:42', '2020-05-16 18:14:42'),
	(98, 40, 0, '2020-05-16 18:14:42', '2020-05-16 18:14:42'),
	(98, 42, 0, '2020-05-16 18:14:42', '2020-05-16 18:14:42'),
	(98, 64, 0, '2020-05-16 18:14:42', '2020-05-16 18:14:42'),
	(98, 75, 0, '2020-05-16 18:14:42', '2020-05-16 18:14:42'),
	(98, 109, 0, '2020-05-16 18:14:42', '2020-05-16 18:14:42'),
	(98, 173, 0, '2020-05-16 18:14:42', '2020-05-16 18:14:42'),
	(98, 203, 5, '2020-05-16 18:14:42', '2020-05-16 18:14:42'),
	(98, 213, 0, '2020-05-16 18:14:42', '2020-05-16 18:14:42'),
	(98, 227, 10, '2020-05-16 18:14:42', '2020-05-16 18:14:42'),
	(98, 253, 18, '2020-05-16 18:14:42', '2020-05-16 18:14:42'),
	(98, 283, 0, '2020-05-16 18:14:42', '2020-05-16 18:14:42'),
	(98, 308, 0, '2020-05-16 18:14:42', '2020-05-16 18:14:42'),
	(98, 343, 0, '2020-05-16 18:14:42', '2020-05-16 18:14:42'),
	(99, 184, 0, '2020-05-16 18:14:42', '2020-05-16 18:14:42'),
	(99, 253, 0, '2020-05-16 18:14:42', '2020-05-16 18:14:42'),
	(100, 32, 0, '2020-05-16 18:14:42', '2020-05-16 18:14:42'),
	(100, 118, 0, '2020-05-16 18:14:42', '2020-05-16 18:14:42'),
	(100, 138, 0, '2020-05-16 18:14:42', '2020-05-16 18:14:42'),
	(100, 182, 0, '2020-05-16 18:14:42', '2020-05-16 18:14:42'),
	(100, 307, 0, '2020-05-16 18:14:42', '2020-05-16 18:14:42'),
	(100, 330, 0, '2020-05-16 18:14:42', '2020-05-16 18:14:42'),
	(100, 363, 0, '2020-05-16 18:14:42', '2020-05-16 18:14:42'),
	(100, 377, 4, '2020-05-16 18:14:42', '2020-05-16 18:14:42'),
	(100, 390, 17, '2020-05-16 18:14:42', '2020-05-16 18:14:42');
/*!40000 ALTER TABLE `shops_products` ENABLE KEYS */;


-- Дамп структуры для таблица hobbygames.users
DROP TABLE IF EXISTS `users`;
CREATE TABLE IF NOT EXISTS `users` (
  `id` int(10) unsigned NOT NULL AUTO_INCREMENT,
  `first_name` varchar(100) COLLATE utf8_unicode_ci NOT NULL,
  `last_name` varchar(100) COLLATE utf8_unicode_ci NOT NULL,
  `email` varchar(120) COLLATE utf8_unicode_ci NOT NULL,
  `phone` varchar(120) COLLATE utf8_unicode_ci NOT NULL,
  `created_at` datetime DEFAULT CURRENT_TIMESTAMP,
  `updated_at` datetime DEFAULT CURRENT_TIMESTAMP ON UPDATE CURRENT_TIMESTAMP,
  PRIMARY KEY (`id`),
  UNIQUE KEY `email` (`email`),
  UNIQUE KEY `phone` (`phone`),
  KEY `users_last_name_first_name_idx` (`last_name`,`first_name`)
) ENGINE=InnoDB AUTO_INCREMENT=201 DEFAULT CHARSET=utf8 COLLATE=utf8_unicode_ci;

-- Дамп данных таблицы hobbygames.users: ~200 rows (приблизительно)
/*!40000 ALTER TABLE `users` DISABLE KEYS */;
INSERT INTO `users` (`id`, `first_name`, `last_name`, `email`, `phone`, `created_at`, `updated_at`) VALUES
	(1, 'Laurence', 'Rogahn', 'ethelyn03@example.net', '(898)617-5737', '2019-12-04 23:52:19', '2020-05-16 17:59:48'),
	(2, 'Dallas', 'Stanton', 'schimmel.keeley@example.net', '(804)074-3008x49097', '2013-05-13 18:47:25', '2018-05-01 08:56:16'),
	(3, 'Lenny', 'Lebsack', 'yazmin64@example.com', '(969)232-7015', '2012-03-10 12:09:43', '2016-02-06 16:23:25'),
	(4, 'Keagan', 'Gaylord', 'verna.klocko@example.net', '(566)931-2886', '2011-10-03 17:59:54', '2013-02-12 04:26:44'),
	(5, 'Graham', 'Rutherford', 'denesik.kayla@example.net', '346.762.8941x167', '2017-09-12 01:56:03', '2020-05-16 17:59:48'),
	(6, 'Rosendo', 'Crist', 'west.marc@example.com', '01910393311', '2018-03-30 05:46:26', '2020-05-16 17:59:48'),
	(7, 'Troy', 'Bergstrom', 'lawrence.mann@example.org', '1-534-829-6923x097', '2015-07-04 01:08:03', '2016-11-19 12:45:59'),
	(8, 'Lelah', 'Haley', 'swift.kendrick@example.net', '245-077-3198', '2014-06-21 23:46:08', '2020-05-16 17:59:48'),
	(9, 'Abdul', 'Huel', 'elouise61@example.net', '958-966-8021x6064', '2019-06-19 13:29:41', '2020-05-16 17:59:48'),
	(10, 'Terrence', 'D\'Amore', 'rmedhurst@example.org', '+27(4)1011318453', '2014-07-05 20:13:06', '2016-04-08 10:41:19'),
	(11, 'Ron', 'Schiller', 'williamson.jaydon@example.org', '136-890-2137x7952', '2013-09-09 20:59:56', '2020-05-16 17:59:48'),
	(12, 'Deron', 'Strosin', 'uboyle@example.net', '(386)309-9413x8910', '2011-11-24 19:19:42', '2015-03-07 01:07:44'),
	(13, 'Louie', 'Ernser', 'marcellus94@example.com', '1-260-941-2031', '2014-11-22 08:18:02', '2017-12-24 15:56:25'),
	(14, 'Maximo', 'Ebert', 'adolf86@example.net', '05567862211', '2014-03-15 23:24:58', '2016-12-07 13:42:19'),
	(15, 'Mathilde', 'Blick', 'marion.wisozk@example.com', '01504082223', '2018-11-19 07:15:33', '2020-05-16 17:59:48'),
	(16, 'Sally', 'Dibbert', 'frances27@example.com', '(406)310-2395', '2011-03-08 04:49:33', '2018-02-08 18:29:42'),
	(17, 'Luella', 'Schiller', 'santiago94@example.org', '995.818.0704', '2012-12-15 11:20:23', '2020-03-13 16:47:32'),
	(18, 'Carolanne', 'Moen', 'wilmer.roberts@example.net', '+86(1)6370128138', '2016-12-31 07:52:36', '2020-05-16 17:59:48'),
	(19, 'Easter', 'Tromp', 'gerson.flatley@example.org', '(801)531-8748x0227', '2019-08-31 10:37:16', '2020-03-21 20:16:38'),
	(20, 'Olga', 'Reynolds', 'gerlach.ophelia@example.com', '527-376-3324', '2012-03-09 08:50:06', '2015-10-23 12:51:49'),
	(21, 'Patricia', 'Cruickshank', 'wyman.helga@example.com', '852-998-2798', '2011-03-10 15:30:50', '2018-04-06 00:17:59'),
	(22, 'Lisandro', 'Sporer', 'lorenza.ferry@example.net', '09463816451', '2011-02-04 13:42:23', '2013-03-29 13:19:40'),
	(23, 'Lavinia', 'Mayert', 'eryan@example.org', '770-115-4362x9141', '2015-03-07 18:58:23', '2020-05-16 17:59:48'),
	(24, 'Hanna', 'Bahringer', 'rippin.cindy@example.net', '461.759.2268x6350', '2010-12-21 05:32:35', '2014-01-14 03:58:04'),
	(25, 'Enrico', 'Schuppe', 'langworth.hilton@example.com', '1-648-981-8151', '2012-11-16 19:32:43', '2013-05-23 02:58:27'),
	(26, 'Kayley', 'Hackett', 'janet95@example.org', '391-054-5923', '2014-05-29 00:09:44', '2015-07-21 11:25:15'),
	(27, 'Agustin', 'Hermiston', 'abigale.leffler@example.org', '(236)769-2839', '2012-01-12 18:23:16', '2015-11-09 13:44:58'),
	(28, 'Tristian', 'Torp', 'grayson18@example.net', '793-584-3123x890', '2013-04-12 04:07:32', '2016-06-05 10:57:35'),
	(29, 'Lessie', 'Balistreri', 'frederique61@example.org', '+07(8)1902465701', '2011-02-28 07:31:32', '2020-05-16 17:59:48'),
	(30, 'Mazie', 'Vandervort', 'xrobel@example.org', '(677)157-5592', '2012-06-20 10:25:28', '2012-10-23 02:32:46'),
	(31, 'Daisha', 'Torphy', 'shanna.crona@example.org', '(370)007-9719', '2019-05-07 08:38:19', '2020-05-16 17:59:48'),
	(32, 'Ford', 'Crooks', 'bartholome.rolfson@example.org', '1-106-713-1517x765', '2010-12-27 05:32:52', '2018-04-04 20:45:11'),
	(33, 'Sienna', 'Stokes', 'tjerde@example.org', '587-242-0430', '2014-10-31 15:50:05', '2020-05-16 17:59:48'),
	(34, 'Aniyah', 'Brekke', 'gavin19@example.net', '+09(5)1879182715', '2011-05-26 10:51:40', '2014-03-12 05:51:23'),
	(35, 'Halie', 'Tromp', 'eugene.reichert@example.org', '273-518-0653', '2012-04-08 19:29:25', '2014-11-07 10:24:49'),
	(36, 'Brenna', 'Carroll', 'gschoen@example.net', '912-241-8735x056', '2010-06-08 15:04:33', '2013-10-27 11:16:34'),
	(37, 'Dannie', 'Lang', 'jaqueline.bergnaum@example.net', '376-627-7717', '2017-05-13 02:00:30', '2018-08-21 14:26:13'),
	(38, 'Otilia', 'Prohaska', 'gbergstrom@example.org', '638-750-8563x5746', '2020-01-01 09:50:04', '2020-05-16 17:59:48'),
	(39, 'Donna', 'Vandervort', 'marjory06@example.org', '09488975721', '2012-03-29 17:05:41', '2012-10-26 10:00:11'),
	(40, 'Jace', 'Jast', 'pbernhard@example.com', '880.084.3841', '2010-06-25 03:15:44', '2019-12-11 07:02:03'),
	(41, 'Retha', 'Ankunding', 'ortiz.gino@example.org', '05805050819', '2010-08-25 18:10:55', '2014-03-12 09:14:14'),
	(42, 'Alfonso', 'Erdman', 'marvin.cortez@example.net', '814.345.0688', '2011-11-15 06:50:29', '2017-08-17 01:54:50'),
	(43, 'Watson', 'Price', 'marks.tyler@example.com', '314-018-2017x045', '2012-12-22 13:15:19', '2016-01-29 04:24:03'),
	(44, 'Delilah', 'Rath', 'callie33@example.com', '135.015.0195', '2013-08-20 20:22:42', '2020-05-16 17:59:48'),
	(45, 'Laila', 'Zemlak', 'lockman.wilton@example.com', '+40(1)6862193837', '2014-02-20 10:54:35', '2020-05-16 17:59:48'),
	(46, 'Triston', 'Goldner', 'dach.fidel@example.net', '146-292-8091', '2012-09-25 09:12:39', '2015-09-17 02:59:21'),
	(47, 'Kailyn', 'Emmerich', 'kristoffer13@example.org', '(751)075-6388', '2019-08-14 22:13:54', '2020-05-16 17:59:48'),
	(48, 'Arch', 'Waters', 'johnson.chesley@example.com', '(758)580-3933', '2019-09-29 11:46:08', '2020-05-16 17:59:48'),
	(49, 'Koby', 'West', 'abdullah.kunze@example.net', '(860)941-2266x15544', '2015-10-08 09:56:55', '2016-02-01 01:21:28'),
	(50, 'Gene', 'Kuhn', 'bessie.hickle@example.com', '1-105-758-2291x917', '2014-01-01 17:33:37', '2015-04-06 16:44:36'),
	(51, 'Josue', 'Lehner', 'stan.harris@example.org', '1-887-851-5506x2093', '2015-07-07 22:28:19', '2017-12-06 22:26:40'),
	(52, 'Kamron', 'Marvin', 'lheathcote@example.org', '(238)176-3949x702', '2020-02-15 06:53:34', '2020-05-16 17:59:48'),
	(53, 'Kellie', 'Waelchi', 'sharber@example.com', '(798)905-4317x28962', '2013-02-19 23:51:43', '2016-12-31 00:47:27'),
	(54, 'Lisa', 'Shields', 'akautzer@example.com', '055.289.2912x4341', '2012-10-06 06:17:45', '2020-05-16 17:59:48'),
	(55, 'Shyanne', 'Wisozk', 'tkilback@example.org', '00169638394', '2014-08-10 20:11:47', '2020-05-16 17:59:48'),
	(56, 'Cristobal', 'Schimmel', 'cjohnson@example.com', '036-625-7761', '2016-08-27 03:17:09', '2020-05-16 17:59:48'),
	(57, 'Eli', 'Stanton', 'lexus94@example.org', '(178)250-9835', '2016-10-21 14:29:43', '2020-05-16 17:59:48'),
	(58, 'Ora', 'Daniel', 'zrolfson@example.net', '738.159.9895', '2012-03-03 19:55:27', '2020-01-10 10:20:12'),
	(59, 'Jeremy', 'Rolfson', 'lois.cummings@example.org', '1-978-611-3778x2828', '2018-05-27 13:25:33', '2020-05-16 17:59:48'),
	(60, 'Montana', 'Auer', 'jadon.bailey@example.org', '(106)141-4765', '2012-12-23 09:18:16', '2020-05-16 17:59:48'),
	(61, 'Lavinia', 'Marvin', 'jmoen@example.net', '1-412-447-3203x3228', '2012-09-11 20:29:49', '2020-05-16 17:59:48'),
	(62, 'Abagail', 'Shields', 'scotty.hodkiewicz@example.net', '1-101-998-1871x0393', '2015-10-17 22:51:34', '2020-05-16 17:59:48'),
	(63, 'Alphonso', 'Vandervort', 'pollich.courtney@example.net', '190.749.0768x644', '2017-12-17 21:48:13', '2020-05-16 17:59:48'),
	(64, 'Otto', 'Hirthe', 'azieme@example.org', '1-537-872-7681', '2011-04-12 21:55:00', '2016-05-19 13:37:53'),
	(65, 'Colten', 'Schinner', 'russell62@example.com', '(759)871-4000', '2015-01-17 14:32:02', '2019-07-17 20:44:03'),
	(66, 'Isabell', 'Bergstrom', 'vbode@example.org', '1-325-069-0663', '2015-11-27 12:44:22', '2020-05-16 17:59:48'),
	(67, 'Santina', 'Reynolds', 'qjacobs@example.com', '(444)298-3721', '2015-01-19 23:56:16', '2015-04-06 17:08:49'),
	(68, 'Olga', 'Lakin', 'stanford.medhurst@example.org', '(955)946-9715x550', '2014-07-29 11:03:32', '2017-12-16 14:02:19'),
	(69, 'Buster', 'Trantow', 'thahn@example.net', '138-652-1175', '2014-11-27 22:45:35', '2019-04-22 18:06:22'),
	(70, 'Cole', 'Haag', 'wolff.gilbert@example.net', '08789375694', '2019-05-10 11:38:05', '2020-05-16 17:59:48'),
	(71, 'Destany', 'Herzog', 'vanessa30@example.com', '295.000.9011x496', '2017-09-12 16:46:10', '2018-04-23 16:27:52'),
	(72, 'Claudie', 'Volkman', 'leffler.allan@example.org', '(347)200-9317x4695', '2013-08-03 02:12:32', '2013-12-06 18:08:05'),
	(73, 'Dashawn', 'Hegmann', 'malika.kertzmann@example.org', '(656)104-5436x46891', '2012-07-29 20:50:04', '2020-05-16 17:59:48'),
	(74, 'Melvina', 'Bechtelar', 'jade.wilkinson@example.com', '+67(4)8349471462', '2012-01-20 06:22:19', '2015-06-16 01:27:28'),
	(75, 'Luciano', 'Lubowitz', 'block.valentine@example.net', '293-185-5483', '2015-03-25 18:28:15', '2017-03-25 22:38:51'),
	(76, 'Luis', 'Leffler', 'justina50@example.com', '07180426638', '2014-10-24 08:16:18', '2020-05-16 17:59:48'),
	(77, 'Barton', 'Fay', 'sim.thompson@example.org', '706-607-1420x23541', '2018-04-12 23:25:02', '2020-05-16 17:59:48'),
	(78, 'Luisa', 'Harber', 'trantow.trudie@example.com', '(959)691-2151x6802', '2014-12-20 18:01:43', '2017-07-26 15:07:05'),
	(79, 'Marguerite', 'Denesik', 'imani.hermiston@example.org', '325.027.8644', '2013-10-11 03:55:41', '2018-04-10 07:55:13'),
	(80, 'Mustafa', 'Turcotte', 'tremblay.humberto@example.org', '597.501.9248', '2011-08-24 13:31:05', '2013-05-21 13:00:07'),
	(81, 'Jackeline', 'Kuvalis', 'rodriguez.jadyn@example.net', '913-439-9765x98805', '2014-06-18 15:44:45', '2020-01-18 00:28:25'),
	(82, 'Giuseppe', 'Olson', 'haleigh.pouros@example.net', '329.909.7877', '2017-03-29 10:48:24', '2019-01-24 17:23:41'),
	(83, 'Mittie', 'Schmitt', 'skirlin@example.net', '799-902-9479', '2011-03-07 06:52:52', '2018-03-03 02:03:59'),
	(84, 'Cameron', 'Mills', 'kaylee.kulas@example.net', '(650)711-5732', '2020-01-06 20:34:26', '2020-05-16 17:59:48'),
	(85, 'Lysanne', 'Wolff', 'alivia11@example.net', '06322314758', '2011-06-11 22:52:47', '2016-07-26 10:34:24'),
	(86, 'Brionna', 'Smith', 'sanford.david@example.com', '943-966-0143', '2013-12-27 03:26:50', '2017-12-13 11:48:00'),
	(87, 'Carrie', 'Romaguera', 'catharine.maggio@example.org', '389.504.6117x837', '2011-11-01 09:49:32', '2020-05-16 17:59:48'),
	(88, 'Colton', 'McCullough', 'kristian.mraz@example.org', '556-862-2942x7105', '2012-08-20 22:38:14', '2014-05-16 19:40:05'),
	(89, 'Elisabeth', 'Schaden', 'garett39@example.com', '366.418.4468x9692', '2013-08-16 22:38:38', '2015-10-30 00:06:34'),
	(90, 'Preston', 'Wilkinson', 'asipes@example.net', '1-491-189-1122x354', '2019-09-25 12:25:17', '2020-05-16 17:59:48'),
	(91, 'Rhoda', 'Pouros', 'webster.lind@example.org', '262-148-8201x8949', '2012-05-10 23:28:28', '2019-06-26 02:13:51'),
	(92, 'Clementina', 'Koepp', 'lavon62@example.net', '(364)960-3966', '2017-01-10 18:43:05', '2019-04-04 01:00:56'),
	(93, 'Zackery', 'Willms', 'khomenick@example.org', '1-856-961-6745', '2011-10-01 13:02:04', '2013-03-11 03:35:40'),
	(94, 'Elbert', 'Cassin', 'remard@example.com', '1-488-193-4792', '2019-08-10 19:50:51', '2020-05-16 17:59:48'),
	(95, 'Alexandrine', 'Yost', 'cruickshank.leo@example.org', '723.214.5295', '2019-02-05 13:07:19', '2020-05-16 17:59:48'),
	(96, 'Ashlynn', 'Lang', 'bauch.jacynthe@example.com', '237.475.6469x93881', '2012-10-12 18:29:10', '2020-05-16 17:59:48'),
	(97, 'Agustina', 'Bernier', 'mraz.elfrieda@example.org', '310.779.4156x19801', '2015-10-24 23:09:32', '2016-12-31 18:33:56'),
	(98, 'Alexys', 'Brown', 'xhahn@example.com', '+67(7)4450971055', '2013-02-11 15:20:19', '2016-02-19 05:55:46'),
	(99, 'Karelle', 'Pagac', 'joaquin.ankunding@example.net', '097.235.7422x564', '2015-11-10 03:08:20', '2020-05-16 17:59:48'),
	(100, 'Jamaal', 'Halvorson', 'madisyn02@example.org', '855-523-6996x4132', '2018-12-25 22:31:36', '2019-06-14 01:50:57'),
	(101, 'Bridie', 'Lemke', 'kschmitt@example.net', '855.326.6528', '2014-04-07 21:00:00', '2016-12-25 11:22:00'),
	(102, 'Jakob', 'Bauch', 'joelle.koch@example.net', '+13(5)3703465951', '2013-02-02 03:04:16', '2017-10-30 02:07:16'),
	(103, 'Rickie', 'Rowe', 'rhyatt@example.com', '008.458.1028x9750', '2014-09-27 08:56:29', '2020-05-16 17:59:48'),
	(104, 'Terrence', 'Rogahn', 'carmen.gislason@example.net', '912.776.2338', '2014-06-30 14:48:28', '2016-06-05 04:40:36'),
	(105, 'Eda', 'Roob', 'lora.dietrich@example.com', '1-323-526-8126x1095', '2017-09-18 17:31:55', '2020-05-16 17:59:48'),
	(106, 'Lyda', 'Corkery', 'qshields@example.com', '(076)253-5068x7640', '2012-07-06 11:54:05', '2015-07-05 17:44:22'),
	(107, 'Kelley', 'Maggio', 'schiller.kitty@example.org', '274-376-4309x4427', '2013-02-18 15:03:51', '2020-05-16 17:59:48'),
	(108, 'Rhiannon', 'Mraz', 'wyman.bartoletti@example.com', '1-060-981-9568x079', '2016-03-24 23:52:23', '2020-05-16 17:59:48'),
	(109, 'Derek', 'Kshlerin', 'annetta.thompson@example.com', '(330)171-0254x870', '2018-10-29 15:27:10', '2020-05-16 17:59:48'),
	(110, 'Kaleb', 'Shields', 'marquardt.stephan@example.org', '859-558-5048x48999', '2016-06-21 06:11:46', '2020-05-16 17:59:48'),
	(111, 'Raheem', 'Shields', 'daisha.lindgren@example.com', '06321510402', '2012-11-14 20:07:50', '2016-12-23 15:19:12'),
	(112, 'August', 'Kilback', 'friesen.alexa@example.org', '(016)863-3959x474', '2015-05-25 02:46:01', '2020-05-16 17:59:48'),
	(113, 'Dasia', 'Quigley', 'jsmith@example.org', '05710858332', '2012-10-07 22:57:48', '2015-10-25 14:14:55'),
	(114, 'Camren', 'Huel', 'ljones@example.org', '288-261-7735x6013', '2015-01-08 17:42:16', '2017-01-10 14:32:27'),
	(115, 'Athena', 'Wisoky', 'jordi.ortiz@example.org', '026-035-0519', '2011-09-02 21:11:30', '2011-09-28 09:33:26'),
	(116, 'Soledad', 'Jacobs', 'pearlie.keeling@example.org', '781-293-3554x69797', '2010-07-13 19:49:56', '2010-09-27 05:43:56'),
	(117, 'Kariane', 'Ankunding', 'phowe@example.com', '973-834-8081x430', '2015-04-20 04:17:54', '2020-05-16 17:59:48'),
	(118, 'Hailee', 'Reinger', 'kamille33@example.org', '835.284.7086x19366', '2013-03-18 20:10:26', '2018-04-14 04:26:03'),
	(119, 'Jodie', 'Crist', 'spinka.clare@example.com', '967-200-2263', '2019-10-11 05:40:50', '2020-05-16 17:59:48'),
	(120, 'Beryl', 'Schneider', 'joey.shanahan@example.net', '(545)931-8939x77830', '2015-06-18 01:09:06', '2019-07-15 10:31:33'),
	(121, 'Consuelo', 'Bode', 'harley36@example.org', '(670)461-0214x63184', '2012-06-06 00:37:24', '2016-12-12 03:10:38'),
	(122, 'Olga', 'Rath', 'moen.jocelyn@example.net', '446-463-2133', '2010-08-30 11:15:36', '2015-05-26 18:18:10'),
	(123, 'Ericka', 'Kilback', 'arden.pacocha@example.com', '(521)226-3770', '2012-03-17 05:21:16', '2020-05-16 17:59:48'),
	(124, 'Betsy', 'Goodwin', 'arvid.veum@example.com', '(194)169-9286', '2015-09-30 00:10:04', '2017-12-25 04:15:38'),
	(125, 'Kailey', 'Leffler', 'novella.langosh@example.net', '597.735.6326', '2017-08-13 15:24:03', '2020-05-16 17:59:48'),
	(126, 'Bennett', 'Strosin', 'cummings.manuela@example.net', '08532756781', '2016-04-09 19:01:27', '2020-05-16 17:59:48'),
	(127, 'Jerrod', 'Ondricka', 'rosina.dicki@example.net', '110.018.6490', '2018-01-10 00:14:00', '2020-05-16 17:59:48'),
	(128, 'Jocelyn', 'Lueilwitz', 'eli.predovic@example.com', '1-297-327-9259', '2011-03-27 13:19:01', '2015-06-28 06:40:23'),
	(129, 'Nathanael', 'Lockman', 'oliver.kunze@example.net', '013.358.9001', '2011-02-14 23:57:36', '2013-01-04 20:13:29'),
	(130, 'Rocio', 'Reichert', 'hildegard.harber@example.org', '671-336-3360', '2011-05-01 09:11:24', '2019-01-27 01:12:05'),
	(131, 'Arch', 'Wunsch', 'trinity28@example.net', '(254)028-6530', '2017-03-27 16:38:24', '2020-05-16 17:59:48'),
	(132, 'Steve', 'Kutch', 'irau@example.com', '1-066-713-4639x39198', '2018-02-23 21:31:52', '2020-05-16 17:59:48'),
	(133, 'Carlo', 'Wunsch', 'lebsack.barbara@example.net', '1-195-032-7442x0332', '2015-05-13 19:32:13', '2018-07-08 21:12:14'),
	(134, 'Gay', 'Cruickshank', 'smitham.bill@example.com', '(213)679-1895', '2014-12-28 19:51:12', '2020-05-16 17:59:48'),
	(135, 'Amir', 'Willms', 'kerluke.ellsworth@example.org', '1-504-359-1926x24612', '2010-12-09 07:01:19', '2017-11-18 04:45:13'),
	(136, 'Fay', 'Glover', 'okilback@example.net', '(351)851-7320x1452', '2014-04-09 09:26:11', '2018-01-28 16:03:20'),
	(137, 'Salma', 'Daniel', 'kaylie16@example.org', '312-593-6431x8231', '2014-02-13 08:29:51', '2020-05-16 17:59:48'),
	(138, 'Herminio', 'Considine', 'connor11@example.com', '+46(3)9635927444', '2014-12-24 09:36:30', '2018-02-10 17:48:10'),
	(139, 'Dolores', 'Hettinger', 'rahul84@example.net', '447-812-8135', '2016-12-02 15:41:45', '2018-03-15 20:31:57'),
	(140, 'David', 'Schulist', 'edward.koelpin@example.com', '615-333-4914x3144', '2012-09-14 19:25:47', '2013-11-26 01:26:44'),
	(141, 'Otho', 'Friesen', 'chadd46@example.net', '02081503099', '2011-05-19 09:50:54', '2012-09-11 06:16:50'),
	(142, 'Karley', 'Herzog', 'nikki25@example.org', '829-919-8545', '2015-12-01 16:27:09', '2020-05-16 17:59:48'),
	(143, 'Javier', 'Rogahn', 'tracy.kirlin@example.net', '511-582-1456x97918', '2017-10-16 13:11:11', '2020-05-16 17:59:48'),
	(144, 'Jessyca', 'Orn', 'domenic.heller@example.org', '+12(5)5697789112', '2019-07-21 05:50:42', '2020-05-16 17:59:48'),
	(145, 'Keenan', 'Zemlak', 'zachary63@example.net', '(308)007-9087x579', '2017-11-26 05:30:45', '2019-06-29 00:49:08'),
	(146, 'Adelia', 'Herman', 'jones.frederick@example.org', '841-057-6005', '2015-03-03 03:49:41', '2020-05-16 17:59:48'),
	(147, 'Lee', 'Reynolds', 'kurt49@example.org', '1-894-497-6950x55883', '2017-02-10 16:13:32', '2017-09-08 15:31:27'),
	(148, 'Osborne', 'Bergnaum', 'chanel48@example.net', '1-962-644-0968', '2014-01-10 01:47:54', '2020-05-16 17:59:48'),
	(149, 'Mireille', 'Funk', 'norris61@example.net', '176-098-9376', '2015-06-26 01:00:36', '2020-05-16 17:59:48'),
	(150, 'Ruben', 'Vandervort', 'shany.green@example.com', '1-061-660-3344', '2013-05-16 09:40:00', '2020-05-16 17:59:48'),
	(151, 'Giles', 'Kiehn', 'logan10@example.com', '+14(4)6367177981', '2018-10-17 10:15:44', '2020-05-16 17:59:48'),
	(152, 'Kathleen', 'Crooks', 'troy.kiehn@example.com', '245-802-6218x2050', '2020-01-11 04:59:46', '2020-05-16 17:59:48'),
	(153, 'Nicola', 'Beer', 'arturo64@example.org', '09159800371', '2013-07-20 16:10:31', '2020-05-16 17:59:48'),
	(154, 'Greyson', 'Franecki', 'margret.casper@example.org', '1-328-094-6145x24239', '2013-06-15 03:25:09', '2020-05-16 17:59:48'),
	(155, 'Darryl', 'Williamson', 'qfeeney@example.net', '198-839-1426x539', '2020-01-09 15:30:01', '2020-05-16 17:59:48'),
	(156, 'Adrianna', 'Quitzon', 'rraynor@example.com', '03091633174', '2017-02-20 02:28:19', '2020-05-16 17:59:48'),
	(157, 'Emerson', 'Homenick', 'gadams@example.net', '1-909-852-5209', '2018-05-03 22:00:22', '2020-05-16 17:59:48'),
	(158, 'Daren', 'Block', 'pwatsica@example.com', '138.974.9764', '2016-02-12 09:32:48', '2018-12-28 11:04:08'),
	(159, 'Gaylord', 'Heathcote', 'candice.murphy@example.com', '(014)961-4150', '2019-03-26 22:00:30', '2020-05-16 17:59:48'),
	(160, 'Jena', 'Nolan', 'opal.goodwin@example.org', '665.303.4951x70741', '2012-11-14 23:02:16', '2013-12-09 05:26:05'),
	(161, 'Carley', 'Feil', 'prosacco.dax@example.net', '143-687-1394x204', '2013-11-01 06:48:14', '2020-05-16 17:59:48'),
	(162, 'Omari', 'Mertz', 'bartoletti.waldo@example.com', '(448)506-4221x7975', '2010-10-07 06:51:15', '2016-09-22 13:07:42'),
	(163, 'Lacy', 'Leuschke', 'cassin.kamille@example.com', '878-649-1409', '2012-06-09 06:17:50', '2017-04-02 21:17:16'),
	(164, 'Maria', 'Collins', 'dare.hellen@example.org', '698-015-7891', '2014-04-24 21:03:40', '2016-04-08 16:17:41'),
	(165, 'Newton', 'Cole', 'veum.hiram@example.com', '225.858.3370x05625', '2013-09-03 23:47:39', '2015-01-02 20:54:06'),
	(166, 'Daisy', 'Hintz', 'jordan04@example.com', '(285)279-4574x7721', '2015-09-09 03:26:01', '2018-07-14 09:32:30'),
	(167, 'Alison', 'Ziemann', 'stephania.huels@example.net', '+03(6)1048103454', '2012-10-03 18:06:51', '2017-05-11 15:44:32'),
	(168, 'Diana', 'Barrows', 'easter24@example.org', '012.256.2432x5683', '2014-02-22 09:51:20', '2014-08-19 22:54:59'),
	(169, 'Arlene', 'Crona', 'jacky82@example.net', '(244)214-8081x986', '2011-02-08 01:23:22', '2014-10-15 10:30:26'),
	(170, 'Margarita', 'Leuschke', 'malvina62@example.net', '484.227.2650x708', '2010-05-28 05:29:02', '2013-02-17 16:55:18'),
	(171, 'Opal', 'Boehm', 'vincent.crona@example.com', '994.620.1724x58767', '2014-12-22 06:33:57', '2020-05-16 17:59:48'),
	(172, 'Delbert', 'Langworth', 'arlie60@example.com', '334-483-8800', '2014-11-18 22:04:56', '2018-11-29 02:11:17'),
	(173, 'Alvina', 'Larkin', 'beau19@example.com', '(915)317-8111', '2020-05-02 10:55:09', '2020-05-16 17:59:48'),
	(174, 'Ubaldo', 'Tromp', 'giovani.olson@example.org', '+61(5)8562447429', '2017-12-26 01:54:04', '2018-07-26 05:17:13'),
	(175, 'Alessandra', 'Quitzon', 'cummerata.clay@example.net', '(703)315-0496x50170', '2012-05-29 22:41:41', '2019-03-03 18:16:46'),
	(176, 'Maddison', 'Herzog', 'carleton74@example.com', '(512)260-9277x346', '2011-08-28 08:39:50', '2013-05-19 20:31:14'),
	(177, 'Samantha', 'Morissette', 'fo\'connell@example.com', '859.840.5513x837', '2017-05-13 20:04:58', '2020-05-16 17:59:48'),
	(178, 'Tobin', 'Ondricka', 'boyer.clara@example.net', '(416)856-9295x146', '2018-09-02 09:35:16', '2020-05-16 17:59:48'),
	(179, 'Leanne', 'Cartwright', 'awatsica@example.net', '+54(4)5836124667', '2015-04-08 09:17:10', '2020-05-16 17:59:48'),
	(180, 'Marcos', 'Schumm', 'schoen.kiel@example.net', '(026)226-2442x2706', '2020-03-27 19:08:57', '2020-05-16 17:59:48'),
	(181, 'Torrance', 'Wintheiser', 'kris69@example.org', '057-887-9526x35561', '2014-03-29 22:34:26', '2019-10-17 12:10:40'),
	(182, 'Bria', 'Kreiger', 'vjones@example.com', '(833)557-2180x144', '2014-05-09 15:51:27', '2018-08-01 16:12:30'),
	(183, 'Rolando', 'Schinner', 'rmorissette@example.com', '+14(5)1102887988', '2017-09-16 10:26:01', '2018-01-24 20:07:24'),
	(184, 'Danielle', 'Koch', 'oma85@example.net', '138.211.0343x0734', '2012-03-06 13:13:24', '2012-06-08 12:00:09'),
	(185, 'Lionel', 'Thompson', 'deckow.elisabeth@example.org', '633-341-9890', '2017-08-02 04:02:57', '2019-08-10 11:58:02'),
	(186, 'Gilberto', 'Sporer', 'dimitri.okuneva@example.net', '1-664-488-3559x42806', '2011-08-10 06:01:01', '2019-06-25 06:43:42'),
	(187, 'Paul', 'Gutmann', 'turner97@example.net', '713.924.1593x8222', '2017-08-25 03:26:44', '2020-05-16 17:59:48'),
	(188, 'Cynthia', 'Mante', 'constantin.haley@example.org', '(225)558-0673', '2015-09-13 04:30:34', '2019-10-10 20:11:40'),
	(189, 'Viviane', 'Towne', 'jaime.goodwin@example.org', '1-769-662-5598', '2019-08-12 06:03:39', '2020-02-28 02:10:05'),
	(190, 'Alba', 'Hahn', 'xprohaska@example.com', '1-652-175-5093x521', '2018-06-11 20:27:35', '2020-05-16 17:59:48'),
	(191, 'Immanuel', 'Lemke', 'darby.hudson@example.org', '027-791-8129x031', '2011-12-07 13:38:13', '2019-03-11 13:48:00'),
	(192, 'Dejah', 'Lueilwitz', 'ellis.glover@example.net', '02336808459', '2015-04-11 11:33:17', '2016-02-24 08:06:32'),
	(193, 'Lacy', 'Homenick', 'ayden.torphy@example.org', '1-109-830-7973', '2019-04-16 12:38:35', '2020-05-16 17:59:48'),
	(194, 'Nathan', 'Cremin', 'brakus.tatyana@example.com', '616.442.9366x972', '2013-02-09 05:44:53', '2020-05-16 17:59:48'),
	(195, 'Keshawn', 'Terry', 'ebert.antwan@example.net', '108.869.9614', '2012-02-26 23:49:31', '2019-11-01 15:19:09'),
	(196, 'Krystal', 'Yundt', 'amira13@example.org', '531-386-0908', '2010-10-18 03:16:33', '2011-08-01 18:05:10'),
	(197, 'Gregg', 'Cassin', 'stanford.feest@example.org', '1-123-904-5171x90684', '2014-12-11 20:33:59', '2017-11-20 06:19:58'),
	(198, 'Narciso', 'Zboncak', 'rzieme@example.net', '1-078-806-5288x010', '2013-07-26 23:07:52', '2018-07-18 13:15:08'),
	(199, 'Wellington', 'Ebert', 'terrell.nader@example.net', '+77(2)6977052613', '2016-11-26 14:07:44', '2020-05-16 17:59:48'),
	(200, 'Reyna', 'Fay', 'ashlynn.streich@example.com', '(889)888-0077', '2013-01-25 13:27:57', '2018-08-21 06:03:21');
/*!40000 ALTER TABLE `users` ENABLE KEYS */;


-- Дамп структуры для таблица hobbygames.users_adresses
DROP TABLE IF EXISTS `users_adresses`;
CREATE TABLE IF NOT EXISTS `users_adresses` (
  `id` int(10) unsigned NOT NULL AUTO_INCREMENT,
  `user_id` int(10) unsigned NOT NULL,
  `adress` varchar(255) COLLATE utf8_unicode_ci NOT NULL,
  `created_at` datetime DEFAULT CURRENT_TIMESTAMP,
  `updated_at` datetime DEFAULT CURRENT_TIMESTAMP ON UPDATE CURRENT_TIMESTAMP,
  PRIMARY KEY (`id`),
  KEY `users_adresses_user_id_fk` (`user_id`),
  CONSTRAINT `users_adresses_user_id_fk` FOREIGN KEY (`user_id`) REFERENCES `users` (`id`) ON DELETE CASCADE ON UPDATE CASCADE
) ENGINE=InnoDB AUTO_INCREMENT=301 DEFAULT CHARSET=utf8 COLLATE=utf8_unicode_ci;

-- Дамп данных таблицы hobbygames.users_adresses: ~300 rows (приблизительно)
/*!40000 ALTER TABLE `users_adresses` DISABLE KEYS */;
INSERT INTO `users_adresses` (`id`, `user_id`, `adress`, `created_at`, `updated_at`) VALUES
	(1, 128, '48015 Lyla Ways Apt. 092\nKyraborough, VT 58892', '2011-09-26 01:56:39', '2020-05-16 18:07:06'),
	(2, 96, '0320 Alphonso Mountain\nJovanybury, MO 75179-1729', '2012-11-10 23:37:19', '2019-09-26 08:47:40'),
	(3, 129, '1830 Hannah Bridge Apt. 321\nSouth Myrna, TX 31157', '2015-09-24 13:27:25', '2020-05-16 18:07:06'),
	(4, 79, '8570 Hassie River\nKrystelhaven, LA 22657-1396', '2014-01-12 04:00:40', '2018-08-05 15:08:43'),
	(5, 137, '568 Little Row Apt. 576\nNew Rickeyshire, TN 43316-5330', '2011-02-14 16:33:12', '2018-01-14 11:25:57'),
	(6, 143, '71906 Ruecker Stream Suite 431\nLoweborough, LA 73672-1358', '2013-12-08 18:11:05', '2014-10-21 07:41:55'),
	(7, 176, '943 Elenora Springs Apt. 022\nHaneland, HI 72385-9734', '2013-12-21 08:48:42', '2015-05-02 12:55:11'),
	(8, 72, '326 Kris Park Suite 024\nNew Whitneyburgh, FL 06606', '2017-10-16 23:16:38', '2020-05-16 18:07:06'),
	(9, 78, '78454 Gottlieb Port Apt. 905\nEast Elianville, IN 18446-5748', '2012-04-15 03:00:11', '2017-01-25 00:45:58'),
	(10, 199, '391 Lempi Ramp Suite 917\nMollyfort, KY 75409', '2013-01-04 00:48:07', '2019-01-01 04:07:01'),
	(11, 59, '4741 Modesta Mountains Suite 935\nKrisshire, CT 19078-5162', '2013-08-28 10:54:30', '2018-05-17 05:19:40'),
	(12, 101, '2313 Gibson Inlet\nWest Hope, AR 66042', '2016-05-22 07:21:55', '2020-05-16 18:07:06'),
	(13, 52, '88945 Johnson Knolls Apt. 398\nSchaeferport, NC 37142', '2017-04-07 02:45:58', '2020-03-12 03:07:23'),
	(14, 57, '2445 Hettie Manors\nNorth Belle, OK 90544-1228', '2013-06-29 15:30:04', '2016-05-05 16:57:01'),
	(15, 50, '3191 Shanahan Rue\nDarylfort, TX 76360-5605', '2015-08-14 15:07:45', '2020-05-16 18:07:06'),
	(16, 189, '60196 Reilly Mountains Apt. 901\nLake Cleveland, MN 29687-0165', '2020-03-04 23:20:18', '2020-05-16 18:07:06'),
	(17, 79, '36407 Rachelle Mount\nBednarburgh, WV 77679', '2011-03-17 14:43:36', '2011-05-14 18:18:43'),
	(18, 73, '157 Moore Harbors\nRickeyfurt, AK 32317-6457', '2015-09-13 04:28:13', '2017-10-03 08:35:18'),
	(19, 154, '6492 Ward Brook Apt. 266\nWest Cynthia, AL 50772', '2019-08-26 05:49:16', '2020-05-16 18:07:06'),
	(20, 97, '70107 Renner Underpass Suite 164\nPort Skyla, WV 61156', '2019-05-31 02:35:20', '2019-10-12 01:29:14'),
	(21, 28, '32422 Myles Circle Apt. 330\nNew Mckenzie, IA 32574-0937', '2010-08-30 08:34:09', '2019-12-02 06:31:19'),
	(22, 185, '79449 Jerome Freeway\nZiememouth, NM 64143', '2017-08-28 07:38:54', '2020-05-16 18:07:06'),
	(23, 112, '8052 Greenfelder Street Suite 712\nDevenfort, IL 40113-4733', '2014-08-14 15:25:45', '2020-05-16 18:07:06'),
	(24, 193, '7519 Charles Springs\nMelynabury, VA 38624', '2017-06-09 01:05:57', '2018-09-11 13:30:03'),
	(25, 117, '40844 Terrell Mission\nAidenton, MD 28770', '2010-05-24 03:02:55', '2011-01-03 18:27:19'),
	(26, 83, '20422 Hackett Valleys Apt. 840\nKesslerfurt, AZ 42568-5622', '2015-12-15 00:14:09', '2020-05-16 18:07:06'),
	(27, 18, '01700 Bode Path Apt. 473\nZulaufview, MN 94310-2188', '2012-10-29 12:35:22', '2018-07-15 06:20:16'),
	(28, 2, '1542 Carmel Lodge Apt. 738\nNorth Elvisborough, CT 75408', '2019-01-29 03:50:41', '2020-05-16 18:07:06'),
	(29, 38, '973 Kevin Mission Suite 550\nNorth Jodyberg, MD 23986', '2018-11-11 14:43:37', '2020-05-16 18:07:06'),
	(30, 77, '61640 Jackson Loop\nWest Mafalda, NV 32936-8664', '2011-02-10 12:02:10', '2013-10-08 18:09:50'),
	(31, 15, '4783 Boyle Island Suite 214\nSouth Delphiaborough, NH 19855', '2017-09-16 04:26:23', '2020-05-16 18:07:06'),
	(32, 166, '431 Nikolaus Harbors\nWest Brisa, NE 03818', '2017-05-15 07:32:07', '2020-05-16 18:07:06'),
	(33, 172, '778 Buck Plains Apt. 505\nRolfsonborough, NH 84606', '2014-12-22 06:15:08', '2020-04-26 19:22:11'),
	(34, 144, '16627 Henriette Mills Apt. 945\nFarrellfort, DC 44255-7584', '2012-07-19 12:09:36', '2013-09-12 01:43:52'),
	(35, 44, '9356 Pearline Rapid Apt. 945\nHudsonborough, SC 17203', '2011-08-13 11:00:49', '2015-10-29 18:54:00'),
	(36, 109, '0394 Felipe Canyon\nNorth Eleanora, GA 12294', '2013-12-31 10:52:24', '2017-04-23 04:23:34'),
	(37, 86, '75881 Brain Plains Apt. 767\nLake Domingoport, MT 24426-4385', '2018-10-20 05:16:21', '2020-05-16 18:07:06'),
	(38, 19, '756 Waters Knoll\nSanfordbury, IN 54311-7082', '2014-09-26 06:28:11', '2016-03-21 17:24:07'),
	(39, 180, '61029 Terrill Manors\nSouth Anibalside, CT 06332-0964', '2014-11-21 03:41:11', '2020-05-16 18:07:06'),
	(40, 163, '485 Anthony Walks Suite 507\nAdonisburgh, DC 36626-1484', '2015-03-03 15:43:32', '2019-12-20 23:00:27'),
	(41, 18, '71916 McLaughlin Rue Suite 768\nMadonnamouth, NE 06713', '2020-01-05 15:31:42', '2020-05-16 18:07:06'),
	(42, 39, '8539 Linnea Parkways Suite 459\nAlvenastad, OR 76392', '2016-07-28 20:02:11', '2017-04-19 11:11:13'),
	(43, 64, '24226 Smith Trail Apt. 127\nFannyfurt, OK 56778', '2018-03-03 09:26:41', '2020-05-16 18:07:06'),
	(44, 70, '70671 Cole Summit Suite 645\nDaughertyberg, WV 03344-1557', '2018-07-31 08:40:37', '2020-05-16 18:07:06'),
	(45, 96, '5709 Bahringer Green\nHermanville, WV 20502-9671', '2011-11-26 19:44:05', '2013-08-18 23:47:46'),
	(46, 113, '16842 Jaskolski Neck\nSouth Jerry, OK 62058-6671', '2015-02-25 21:10:52', '2016-01-22 16:00:47'),
	(47, 58, '280 Luis Stream Apt. 237\nNorth Ashton, NM 63869-6112', '2016-05-16 23:15:39', '2020-05-16 18:07:06'),
	(48, 174, '045 Princess Corners\nNew Rossieside, ND 82555', '2016-06-28 18:33:34', '2016-12-22 22:03:50'),
	(49, 186, '042 Effertz Summit Apt. 515\nPort Deronton, AR 39538-9515', '2012-04-12 11:50:33', '2017-06-16 20:33:11'),
	(50, 12, '465 Nathan Trail Suite 461\nJoannieland, WI 97797', '2011-11-09 14:55:16', '2013-03-10 18:48:24'),
	(51, 70, '073 Orin Prairie Suite 724\nDorianchester, FL 11181', '2012-01-11 05:53:51', '2012-07-23 11:13:24'),
	(52, 13, '264 Wintheiser Highway\nLabadiefurt, WI 15662-6350', '2011-05-20 06:12:23', '2016-02-13 12:35:50'),
	(53, 196, '77291 Ferry Path Apt. 824\nEast Theresia, GA 87691', '2012-08-18 12:45:24', '2013-08-01 07:41:29'),
	(54, 182, '11894 Reinger Land Suite 070\nJerodside, UT 99942', '2010-07-23 13:18:40', '2017-12-01 04:32:57'),
	(55, 5, '31488 Langosh Shoal Apt. 846\nWatersfort, IL 19045-2725', '2011-10-07 12:48:02', '2016-06-11 22:31:21'),
	(56, 112, '37703 Johathan Station Suite 827\nWest Berylland, IL 43274', '2011-08-06 03:10:02', '2016-11-07 18:18:56'),
	(57, 64, '306 Wolf Island Apt. 311\nMohammedton, PA 39006', '2015-02-25 17:37:53', '2020-05-16 18:07:06'),
	(58, 23, '5243 Sabina Route\nPort Elsie, ME 69404-4321', '2011-02-20 17:27:04', '2019-07-03 18:18:11'),
	(59, 114, '02446 Lowe Spur\nHelmerborough, CT 88629-8054', '2011-01-15 06:38:20', '2013-02-10 09:47:13'),
	(60, 101, '548 Crooks Inlet Apt. 502\nKeeblerborough, AK 46876', '2011-04-08 09:45:17', '2020-05-16 18:07:06'),
	(61, 99, '35572 Carroll Port\nNeomabury, AL 55074', '2012-08-16 07:22:13', '2014-09-07 02:35:21'),
	(62, 129, '38740 Norbert Drive\nDominicstad, TX 76897-9449', '2013-12-14 03:26:14', '2015-09-11 22:50:43'),
	(63, 66, '171 Johnson Meadows\nSouth Vergie, TX 70721', '2013-05-08 13:42:57', '2020-05-16 18:07:06'),
	(64, 71, '61359 Kutch Expressway Suite 018\nNew Juliaport, WV 27331-1799', '2018-11-20 23:49:12', '2020-05-16 18:07:06'),
	(65, 72, '879 Parisian Underpass Apt. 121\nWest Columbus, HI 80570', '2019-07-15 05:05:52', '2020-05-16 18:07:06'),
	(66, 109, '1154 Champlin Overpass\nSouth Johathan, DE 59122-4344', '2013-10-30 01:40:19', '2015-07-09 20:32:37'),
	(67, 179, '5811 Hand Cliffs Suite 859\nLake Richie, WA 52429-7866', '2016-07-18 20:35:50', '2020-05-16 18:07:06'),
	(68, 158, '2100 Casey Valley Apt. 154\nDickensburgh, UT 60904', '2017-08-23 21:38:34', '2020-05-16 18:07:06'),
	(69, 128, '45084 Shany Flats\nMohrchester, MS 05735', '2017-07-16 07:48:14', '2020-05-16 18:07:06'),
	(70, 159, '3321 Lemke Dam\nWest Julie, TN 13435', '2017-04-16 19:45:29', '2020-05-16 18:07:06'),
	(71, 120, '6763 Daniel Expressway\nNew Hughville, MS 28409', '2015-07-14 19:58:11', '2020-05-16 18:07:06'),
	(72, 146, '221 Allene Rest Suite 983\nKoelpinchester, FL 45739', '2016-11-27 20:01:35', '2020-05-16 18:07:06'),
	(73, 198, '1955 Jordyn Landing Suite 715\nZulaufton, ME 97839', '2020-01-08 18:08:42', '2020-05-16 18:07:06'),
	(74, 184, '242 Eden Motorway\nPriceburgh, MO 99473-1307', '2014-08-27 11:03:36', '2017-05-29 11:40:26'),
	(75, 15, '4554 Bert Isle\nElwynfort, MD 33462', '2011-01-29 19:09:44', '2017-02-04 06:35:13'),
	(76, 93, '9683 Ricky River Suite 283\nEast Waltonmouth, OK 39684', '2014-04-01 06:37:44', '2020-05-16 18:07:06'),
	(77, 96, '6184 Williamson Forges Suite 558\nDickensfurt, LA 76597', '2014-10-27 02:24:17', '2015-12-04 11:18:40'),
	(78, 73, '2944 Rath Lock\nBechtelarview, PA 36131', '2012-11-04 19:26:12', '2018-09-19 02:29:44'),
	(79, 67, '8629 Heaven Gateway Apt. 647\nBashirianberg, NM 72135-3199', '2015-06-07 12:26:13', '2020-05-16 18:07:06'),
	(80, 81, '429 Andres Fort\nFeilberg, GA 30750-0441', '2017-11-14 16:28:33', '2020-05-16 18:07:06'),
	(81, 85, '33723 Jan Ramp\nNew Frieda, VA 43491', '2019-10-17 00:47:33', '2020-05-16 18:07:06'),
	(82, 137, '39421 Oberbrunner Prairie Suite 665\nNorth Raoul, AK 84619-3273', '2018-04-25 12:41:24', '2020-05-16 18:07:06'),
	(83, 94, '62358 Lottie View\nEast Groverborough, KY 27988-3220', '2013-07-10 10:32:01', '2016-10-19 06:24:24'),
	(84, 80, '086 Nienow Squares\nAlitown, ME 69727', '2017-12-27 00:03:25', '2020-05-16 18:07:06'),
	(85, 118, '7691 Neoma Gateway\nSouth Elvie, NV 56157-2533', '2017-05-31 15:31:56', '2019-10-03 09:56:17'),
	(86, 98, '63418 Hagenes Plaza Suite 039\nOrnborough, WI 96982-4982', '2018-02-08 12:32:34', '2020-05-16 18:07:06'),
	(87, 192, '0124 Isabella Run Apt. 641\nWest Domenica, MN 83087', '2013-04-23 02:25:44', '2020-05-16 18:07:06'),
	(88, 181, '9849 Alec Tunnel Apt. 527\nLake Vidabury, IN 42474', '2013-09-24 07:51:40', '2015-03-26 23:40:29'),
	(89, 121, '96147 Gerlach Street\nBernierburgh, ME 19802', '2011-05-15 04:34:27', '2013-08-11 13:39:30'),
	(90, 106, '64948 Jazlyn Mills Apt. 421\nSimonisfort, WI 59972', '2011-02-04 16:55:07', '2018-01-27 20:51:29'),
	(91, 81, '6133 Kelsie Vista\nEast Keelystad, IL 23757', '2016-12-18 23:50:59', '2020-05-16 18:07:06'),
	(92, 19, '460 Maximo Road\nPort Adelinemouth, NC 04688', '2014-10-28 12:53:08', '2020-05-16 18:07:06'),
	(93, 34, '13170 Rhoda Common Apt. 685\nEmmerichborough, AK 27255', '2010-06-19 15:08:32', '2012-01-22 22:39:32'),
	(94, 147, '761 Bogan Flat Apt. 443\nPort Izaiahmouth, NJ 10497', '2010-08-15 03:09:27', '2012-12-11 16:16:37'),
	(95, 90, '460 Tierra Knolls Suite 861\nFannieburgh, NY 57256', '2017-02-20 02:17:55', '2020-05-16 18:07:06'),
	(96, 105, '4887 Delphia Valley Apt. 271\nKeelinghaven, CT 52718', '2016-09-12 13:39:00', '2020-05-16 18:07:06'),
	(97, 55, '860 Hilpert Plaza Suite 682\nEast Kiel, OR 28904-2010', '2016-10-31 15:09:16', '2020-05-16 18:07:06'),
	(98, 69, '5793 Thompson Harbors Apt. 890\nKalliestad, TN 22490', '2013-09-21 14:56:44', '2020-05-16 18:07:06'),
	(99, 63, '52622 Gonzalo Gardens Apt. 084\nHeidenreichville, VA 78391-4343', '2019-07-19 00:20:32', '2020-05-16 18:07:06'),
	(100, 183, '9885 Strosin Harbors\nJacksonstad, MA 03843-3382', '2015-07-02 22:08:16', '2015-08-06 23:10:06'),
	(101, 27, '054 Rebeka Manor\nNorth Augustahaven, TX 19438-8576', '2019-10-19 11:26:14', '2020-05-16 18:07:06'),
	(102, 182, '159 Krajcik Plain Apt. 218\nLake Greysontown, WI 36303', '2012-10-09 05:21:35', '2015-03-31 16:26:32'),
	(103, 128, '970 Mireya Turnpike\nNew Phoebeborough, WA 16778', '2014-10-23 19:04:58', '2018-02-05 17:48:29'),
	(104, 25, '6974 Clint Forges\nNorth Rebecca, SC 11970-0856', '2016-04-15 06:42:11', '2020-05-16 18:07:06'),
	(105, 166, '091 Maryse Mill Apt. 232\nO\'Connerborough, DE 87320', '2018-09-06 09:57:38', '2020-05-16 18:07:06'),
	(106, 143, '215 Randi Locks Suite 011\nNorth Cordellview, AR 92766', '2019-02-21 00:37:11', '2020-05-16 18:07:06'),
	(107, 117, '3179 Abbott Mountain\nPort Aryanna, ID 08615-9927', '2015-08-03 04:04:06', '2020-05-16 18:07:06'),
	(108, 61, '44745 Streich Lodge Apt. 315\nMaggioville, NV 73224', '2015-12-18 15:23:15', '2020-05-16 18:07:06'),
	(109, 15, '25053 Jerde Shore Apt. 275\nSouth Coty, SD 33545-0029', '2013-10-25 18:27:44', '2020-05-16 18:07:06'),
	(110, 183, '17794 Schmeler Ports\nRainachester, WA 01202-9455', '2014-08-11 04:03:23', '2020-02-10 08:03:30'),
	(111, 142, '075 Ryan Knolls Suite 097\nMichealfurt, FL 84711-2484', '2015-11-10 06:09:47', '2020-05-16 18:07:06'),
	(112, 100, '543 Fabiola Flat Apt. 570\nJacobsonfort, MN 98343', '2017-04-24 14:51:34', '2020-05-16 18:07:06'),
	(113, 120, '20799 Block Forest Apt. 228\nGermanmouth, NV 25125-2314', '2020-01-21 23:12:17', '2020-04-01 17:45:25'),
	(114, 35, '37994 Moore Keys\nEast Sven, NC 78402', '2014-01-27 10:44:42', '2020-05-16 18:07:06'),
	(115, 179, '3297 Vidal Springs Suite 051\nEnamouth, GA 28356-4686', '2013-12-08 10:07:04', '2016-04-29 00:33:43'),
	(116, 37, '307 Hodkiewicz Parkway\nEast Abigaleport, TX 32052', '2012-03-18 22:43:59', '2013-12-09 16:40:23'),
	(117, 133, '1992 Jaime Orchard\nBrownhaven, NV 88029', '2017-12-09 13:07:31', '2020-05-16 18:07:06'),
	(118, 171, '219 Kattie Mill\nVirgilton, ND 37449', '2012-05-05 22:48:08', '2016-04-19 06:17:34'),
	(119, 18, '71505 Rodrigo Causeway Apt. 433\nLake Kylieshire, PA 44682', '2018-05-23 20:51:44', '2019-06-22 09:07:59'),
	(120, 54, '55297 Miller Garden\nJastland, AR 00557-5950', '2012-12-07 10:46:22', '2014-12-20 10:32:35'),
	(121, 76, '75618 Stoltenberg Streets\nPercivalbury, NH 52904-7194', '2019-12-28 02:07:45', '2020-05-16 18:07:06'),
	(122, 99, '11545 Simonis Dam\nPort Augustus, CO 73039-0867', '2010-11-06 12:04:33', '2015-05-26 14:18:05'),
	(123, 73, '6536 Kenton View\nEthantown, OR 12478-4908', '2012-08-31 07:17:10', '2019-04-23 01:52:14'),
	(124, 110, '6842 Stiedemann Lights Suite 221\nLake Pinkstad, CT 03990', '2016-01-31 07:07:20', '2020-05-16 18:07:06'),
	(125, 45, '960 Hollis Crest Suite 252\nAbigaleberg, CT 31050-3256', '2017-05-21 00:28:18', '2020-05-16 18:07:06'),
	(126, 162, '647 Corwin Dale Apt. 001\nNew Damonhaven, KS 32126', '2011-11-06 10:19:39', '2020-05-16 18:07:06'),
	(127, 15, '74990 Lemke Shoal\nNorth Hettie, MI 53115-5235', '2016-09-09 06:38:08', '2020-05-16 18:07:06'),
	(128, 100, '3061 Elaina Stream\nBartolettiview, DE 01088', '2014-01-19 16:31:47', '2016-03-02 04:39:47'),
	(129, 30, '41046 Fritsch Drive Apt. 708\nSchambergerfort, WY 36451-5554', '2017-01-06 11:16:46', '2019-11-09 19:20:28'),
	(130, 77, '515 Lenore Club Suite 585\nEast Bridget, TX 60087', '2011-04-30 22:34:28', '2020-05-16 18:07:06'),
	(131, 82, '389 Smitham Stravenue Suite 725\nLake Jeraldport, MN 30558', '2015-08-22 15:42:46', '2015-10-14 03:19:03'),
	(132, 57, '906 Janie Grove\nSouth Jany, RI 92222', '2013-01-22 17:12:26', '2020-05-16 18:07:06'),
	(133, 58, '598 Beulah Common\nJailynmouth, RI 50600-0813', '2015-01-23 23:33:31', '2020-05-16 18:07:06'),
	(134, 10, '80714 Percival View\nChamplinfort, CA 69066', '2011-12-21 07:27:14', '2016-01-21 20:15:30'),
	(135, 81, '9745 Gregoria Light Apt. 518\nSusannamouth, ID 74429-1695', '2019-04-17 12:19:28', '2020-05-16 18:07:06'),
	(136, 24, '1219 Toy Fork Apt. 978\nGreenfelderfurt, MD 69356', '2013-10-17 05:17:40', '2017-05-21 18:20:54'),
	(137, 152, '646 Boyer Ranch\nSouth Rosina, NE 67365', '2011-04-30 08:34:38', '2017-05-14 06:07:25'),
	(138, 197, '849 Israel Oval Apt. 626\nNew Tyreek, MT 32341', '2011-02-05 01:30:47', '2011-02-26 19:15:12'),
	(139, 84, '92337 Sauer Route Suite 422\nNew Eulah, CO 57581', '2013-01-16 05:32:43', '2020-05-16 18:07:06'),
	(140, 167, '019 Crooks Groves\nNicolastown, WA 14506', '2014-05-21 20:42:26', '2015-10-13 07:44:35'),
	(141, 180, '882 Kihn Mission Suite 702\nMannburgh, NE 41835', '2011-05-06 22:11:52', '2015-03-16 08:38:13'),
	(142, 26, '52583 Heathcote Mission Apt. 248\nSouth Allybury, ME 69932-9634', '2015-01-22 18:12:55', '2015-04-07 06:08:24'),
	(143, 66, '7014 Minnie Overpass\nLoushire, MS 44676', '2015-04-01 22:46:37', '2020-05-16 18:07:06'),
	(144, 99, '688 Celestino Mall Apt. 524\nNorth Davontefurt, NJ 37606-4498', '2015-12-01 03:08:23', '2020-05-16 18:07:06'),
	(145, 61, '736 Monahan Fork Apt. 242\nSouth Bernieton, SD 64882-2309', '2017-01-14 03:02:18', '2017-09-04 00:01:53'),
	(146, 45, '832 Loren Ramp\nBednarfort, MS 60273', '2010-08-02 06:09:31', '2020-03-23 12:53:39'),
	(147, 136, '582 Santiago Wall\nFisherborough, NC 46980', '2013-07-22 23:25:11', '2015-06-20 22:17:28'),
	(148, 194, '7004 Elvera Crossing Suite 496\nJohnsonfurt, PA 67035', '2015-10-07 22:28:48', '2020-05-16 18:07:06'),
	(149, 15, '961 Barrows Mountains\nNorth Kiana, IA 62401', '2010-09-10 18:51:04', '2013-02-07 21:58:49'),
	(150, 153, '54022 Bradford Junction\nO\'Connerfort, IA 71112', '2014-07-30 16:01:49', '2016-01-16 23:37:03'),
	(151, 47, '94707 Danial Springs\nSouth Kaneton, NJ 18790', '2012-03-15 05:14:31', '2018-12-22 04:17:28'),
	(152, 91, '2696 Baylee Fords\nPort Raphaelstad, WI 78118', '2016-01-31 13:48:45', '2020-05-16 18:07:06'),
	(153, 51, '668 Fritsch Viaduct Apt. 715\nLakinhaven, WI 01421-4335', '2018-10-12 04:40:25', '2020-05-16 18:07:06'),
	(154, 119, '3621 Zena Grove Apt. 290\nMariofort, AK 18026-6843', '2013-09-24 06:18:59', '2020-05-16 18:07:06'),
	(155, 200, '7156 Baumbach Plains Suite 420\nAlberthamouth, FL 68236-8671', '2019-05-30 10:00:11', '2020-05-16 18:07:06'),
	(156, 95, '94625 Alba Curve\nGibsonfurt, NV 37130', '2018-03-20 19:14:48', '2020-05-16 18:07:06'),
	(157, 81, '51303 Mueller Mission\nPort Fiona, OR 06392-8682', '2017-04-28 21:54:58', '2020-05-16 18:07:06'),
	(158, 14, '696 Ayana Forge\nNorth Deangelochester, MT 07774-0574', '2016-12-12 08:22:25', '2020-05-16 18:07:06'),
	(159, 194, '443 Macejkovic Orchard Suite 494\nDavisfort, HI 62112', '2011-01-06 19:50:52', '2019-11-07 18:03:39'),
	(160, 110, '24222 Wendy Street\nWest Leda, ID 77627-4026', '2011-04-07 21:03:08', '2020-05-16 18:07:06'),
	(161, 90, '703 Rowena Highway Suite 478\nNorth Nedratown, UT 40156', '2011-02-28 03:06:25', '2011-06-22 12:40:10'),
	(162, 76, '6975 Parker View\nRutherfordview, WY 85341', '2019-02-11 21:17:38', '2020-05-16 18:07:06'),
	(163, 166, '12255 Ruecker Cove\nSouth Assunta, NV 43503', '2017-05-25 16:25:26', '2020-05-16 18:07:06'),
	(164, 148, '52874 Ayla Mission\nPort Sabinabury, RI 05293', '2019-07-17 11:52:30', '2020-05-16 18:07:06'),
	(165, 85, '5028 Schneider Course Apt. 624\nNew Mellie, KS 70690-2086', '2013-10-06 17:58:16', '2020-04-23 10:11:01'),
	(166, 47, '6136 Johnston Cliff Apt. 317\nPort Ewald, CO 02543', '2012-04-13 02:16:21', '2017-02-19 04:56:40'),
	(167, 171, '26930 Gutmann Springs Suite 307\nNew Isac, IL 56632-4460', '2017-11-13 22:59:46', '2020-05-16 18:07:06'),
	(168, 37, '65283 Zack Walk Suite 718\nTrentonborough, NV 43296-3587', '2013-04-12 09:45:25', '2017-07-20 13:52:27'),
	(169, 44, '539 Mittie Square Suite 841\nEast Adolphusborough, OH 63436-6926', '2017-08-18 09:16:16', '2020-02-22 15:34:34'),
	(170, 55, '3134 Maya Fall\nAntonettabury, AL 72215', '2017-09-23 09:23:36', '2020-05-16 18:07:06'),
	(171, 3, '66402 Pfannerstill Pike\nWest Arjun, IN 29391', '2016-02-23 07:32:13', '2020-05-16 18:07:06'),
	(172, 23, '991 Beahan Port Apt. 374\nWest Jaceland, WY 22075', '2018-03-25 16:09:31', '2020-05-16 18:07:06'),
	(173, 81, '56994 Amir Island Suite 625\nNorth Ethelyn, OH 67096-4783', '2010-12-11 02:46:28', '2011-10-09 06:19:24'),
	(174, 68, '13380 Heathcote Fall Suite 297\nLeschshire, MA 71954-6499', '2016-09-28 10:17:13', '2020-02-21 14:13:15'),
	(175, 122, '96210 Hane Mills\nMathiasland, AK 41423-3845', '2020-04-07 17:35:19', '2020-05-16 18:07:06'),
	(176, 142, '32184 Robel Rapid Suite 993\nColemantown, ND 20308', '2013-12-03 17:34:54', '2014-12-29 21:13:04'),
	(177, 113, '1063 Blanda Terrace\nFannystad, HI 96825-4958', '2016-03-06 09:20:27', '2017-10-04 09:11:11'),
	(178, 57, '8800 Lucious Lodge\nEast Evelineberg, IL 60268', '2015-12-15 09:24:10', '2020-05-16 18:07:06'),
	(179, 135, '03145 Kyra Parks Apt. 762\nHarberstad, CO 88396', '2016-10-18 06:22:56', '2020-05-16 18:07:06'),
	(180, 127, '864 Heaney Divide\nPort Selina, MA 35877', '2019-08-05 23:24:28', '2020-05-16 18:07:06'),
	(181, 9, '63780 Eddie Turnpike\nBahringerchester, NC 71178', '2015-04-27 01:01:40', '2016-11-03 10:32:24'),
	(182, 182, '6984 Mac Bypass Suite 288\nNayeliland, WV 90117', '2016-04-21 14:06:53', '2020-05-16 18:07:06'),
	(183, 18, '49324 Schroeder Ferry Apt. 506\nNitzschemouth, FL 79345-4402', '2018-04-21 23:40:19', '2020-05-16 18:07:06'),
	(184, 60, '0134 Eric Mission Apt. 504\nNorth Bridgetmouth, TX 55321-9226', '2016-01-05 16:06:44', '2019-09-05 00:01:08'),
	(185, 101, '81811 Hardy Pass Suite 104\nAlessandromouth, NH 47304', '2012-11-10 12:43:14', '2013-03-05 03:19:32'),
	(186, 18, '666 Jameson Oval Apt. 271\nNorth Davon, PA 22780-9223', '2012-06-29 20:49:29', '2017-06-12 12:32:52'),
	(187, 154, '31147 Ana Views Apt. 731\nSouth Cade, NH 47604-0939', '2016-12-27 01:56:04', '2020-05-16 18:07:06'),
	(188, 181, '899 Connie Cape Suite 388\nLake Lavernechester, HI 38112', '2017-02-07 12:52:05', '2020-04-05 10:04:12'),
	(189, 31, '7579 Sipes Plaza Apt. 173\nNew Vernicetown, GA 48591-3856', '2012-11-27 12:59:21', '2020-05-16 18:07:06'),
	(190, 148, '070 Konopelski Creek\nSouth Nathanberg, IL 91214-9758', '2018-09-17 23:49:28', '2020-05-16 18:07:06'),
	(191, 90, '4070 Bernita Key\nWest Otilia, KS 18737', '2017-01-26 17:02:30', '2017-02-09 01:37:59'),
	(192, 121, '22395 Kuphal Lodge\nNew Isaias, NE 99485', '2019-01-12 01:46:19', '2020-05-16 18:07:06'),
	(193, 24, '50506 Gaylord Gateway\nLake Bertafort, AL 23715', '2012-07-19 11:54:25', '2018-12-30 19:21:24'),
	(194, 56, '3967 Bayer Track Apt. 305\nHirthemouth, ID 44762', '2018-12-26 02:15:12', '2020-05-16 18:07:06'),
	(195, 69, '75683 Welch Haven Suite 617\nAbbottmouth, FL 66931-7943', '2015-04-07 16:22:27', '2020-05-16 18:07:06'),
	(196, 109, '97735 Friesen Underpass Apt. 960\nNew Judebury, ID 74668', '2011-03-03 22:55:20', '2013-04-09 23:37:24'),
	(197, 102, '19324 Adam Dam Apt. 788\nMuellerfurt, OR 52248-8784', '2014-11-16 01:14:00', '2015-11-03 13:11:47'),
	(198, 40, '539 Powlowski Dale\nStehrburgh, IA 14045-0585', '2012-08-26 05:39:20', '2020-05-16 18:07:06'),
	(199, 145, '04636 Nickolas Mountain\nCristobalbury, CT 47198-5939', '2015-04-28 22:44:10', '2019-11-01 09:20:18'),
	(200, 145, '900 Brakus Neck Suite 877\nLaurychester, MN 64139', '2014-12-31 05:21:04', '2020-05-16 18:07:06'),
	(201, 94, '697 Stanford Dale\nPort Kodyview, LA 96536', '2015-12-10 01:29:44', '2020-05-16 18:07:06'),
	(202, 147, '9065 Rory Circle\nNorth Toney, WI 10012', '2014-02-19 12:47:20', '2020-05-16 18:07:06'),
	(203, 168, '68120 Langworth River\nLakinfort, MN 21947-7778', '2013-05-01 11:43:57', '2013-09-12 02:44:56'),
	(204, 175, '1030 Cartwright Divide Suite 423\nNew Frankiehaven, MO 57308-0964', '2020-03-15 21:31:31', '2020-05-16 18:07:06'),
	(205, 15, '393 Bradley Manor\nGrahamstad, SC 19052', '2017-11-28 18:02:22', '2020-05-16 18:07:06'),
	(206, 89, '59771 Ferry Bypass\nErichchester, HI 88011', '2011-05-09 22:41:27', '2013-09-16 05:41:12'),
	(207, 116, '8752 Sid Union Apt. 695\nNew Janyside, ND 44189', '2014-11-24 00:18:26', '2016-06-29 23:36:53'),
	(208, 127, '3198 Melody Vista\nCassinhaven, NC 60402-2581', '2014-01-27 19:30:23', '2015-07-14 02:06:22'),
	(209, 146, '6815 Boyd Union\nPort Sheastad, MI 03234-0704', '2012-03-31 14:07:35', '2018-09-30 22:17:58'),
	(210, 51, '839 Koch Radial\nPeggieville, KY 07164-4587', '2016-08-06 02:14:12', '2020-05-16 18:07:06'),
	(211, 54, '048 Rogahn Cove\nLake Kentonside, IN 87136', '2019-09-04 05:21:00', '2020-05-16 18:07:06'),
	(212, 155, '342 Gerlach Streets Apt. 136\nHuelstown, OR 49394', '2013-02-14 21:53:05', '2018-02-06 21:16:15'),
	(213, 32, '63600 Jordyn Estate Apt. 028\nNew Katheryn, MS 93861', '2018-07-02 08:21:10', '2019-07-19 22:57:42'),
	(214, 71, '7255 Paris Wells\nWest Adalinemouth, DC 37397-4342', '2011-09-27 15:32:01', '2013-05-05 03:38:59'),
	(215, 14, '6769 Eliseo Common Apt. 562\nWest Claudia, NH 02909-2264', '2014-03-18 21:08:21', '2016-06-29 20:47:34'),
	(216, 133, '322 Amparo Inlet Suite 110\nPort Allenville, UT 53822', '2020-03-17 18:25:31', '2020-05-16 18:07:06'),
	(217, 89, '174 Bergstrom Parkways\nRaphaellestad, DE 14685', '2014-11-03 03:01:43', '2020-05-16 18:07:06'),
	(218, 168, '0082 Cale Station Apt. 464\nShannonfurt, VT 72590-8047', '2014-08-19 16:12:23', '2020-05-16 18:07:06'),
	(219, 113, '417 Lockman Place\nMaxfurt, GA 68420-3888', '2011-05-30 08:48:59', '2020-05-16 18:07:06'),
	(220, 120, '1317 Kihn Trafficway Apt. 705\nPort Leanne, AR 42686-4844', '2019-02-21 01:54:53', '2020-05-16 18:07:06'),
	(221, 116, '5540 Leffler Rapid\nBrendanshire, DC 64296', '2016-05-22 10:39:36', '2020-05-16 18:07:06'),
	(222, 3, '1678 Armstrong Shoals Suite 395\nPatsyburgh, RI 02439-6151', '2020-04-22 23:58:40', '2020-05-16 18:07:06'),
	(223, 40, '1009 Aliza Mountain Suite 373\nRosiechester, RI 99331', '2016-10-19 00:37:46', '2017-01-07 17:20:33'),
	(224, 139, '736 Metz Fords\nLeannonfurt, VT 96331-2210', '2020-04-18 10:41:38', '2020-05-16 18:07:06'),
	(225, 58, '34683 Wiza Road\nNew Tatum, AZ 05059', '2016-03-08 02:28:38', '2020-05-16 18:07:06'),
	(226, 109, '417 Hazle Station\nMaggioside, MI 10570-0315', '2015-08-16 06:29:30', '2018-10-24 03:32:35'),
	(227, 47, '97702 Natalie Extension\nSouth Lexus, OK 32070', '2014-12-01 05:03:12', '2019-09-05 11:12:40'),
	(228, 160, '80416 Aliya Mountains Suite 634\nAdolfoton, CO 30039', '2019-05-20 12:45:02', '2019-05-28 12:38:40'),
	(229, 148, '30692 Feest Passage Suite 062\nWest Maximillia, AR 63463-5422', '2018-03-06 19:41:30', '2020-05-16 18:07:06'),
	(230, 192, '78869 Douglas Springs Suite 814\nNew Dariusberg, OK 18406', '2016-10-21 07:00:41', '2019-09-22 01:56:26'),
	(231, 105, '05892 Feil Crescent\nHertafort, MT 60318', '2013-04-22 20:26:19', '2014-01-19 10:24:07'),
	(232, 42, '98282 Otho Lodge Suite 205\nWest Joanieville, MI 20700-1005', '2011-05-21 13:15:27', '2012-09-19 23:27:35'),
	(233, 138, '733 Dell Ridge\nFriesenborough, WY 78741', '2020-02-11 21:45:58', '2020-05-16 18:07:06'),
	(234, 72, '836 Reagan Terrace Apt. 289\nPort Abdul, IN 92902', '2013-04-27 10:39:33', '2015-12-07 20:03:51'),
	(235, 16, '0614 Bill Common\nEmiechester, ND 61901', '2014-07-30 20:52:59', '2014-10-04 20:01:22'),
	(236, 152, '5179 Skiles Parkways Apt. 039\nRafaelmouth, HI 41286-6727', '2013-05-22 08:28:15', '2020-05-16 18:07:06'),
	(237, 161, '83566 Simonis Tunnel Apt. 131\nNorth Lorenzo, NY 59173', '2013-04-03 19:10:54', '2015-12-30 00:05:13'),
	(238, 132, '8143 Alta Fall Suite 265\nDelilahside, UT 51653-6286', '2011-06-18 02:31:25', '2013-10-28 14:28:31'),
	(239, 79, '97323 Irving Via Suite 374\nErnestomouth, HI 93070', '2016-06-13 06:52:17', '2020-05-16 18:07:06'),
	(240, 107, '5815 Deckow Meadow\nDonnellymouth, VT 93811', '2013-08-09 01:30:46', '2016-10-21 02:25:29'),
	(241, 182, '4879 Emmalee Pike\nElnoraville, TX 89766', '2012-09-28 08:36:10', '2014-05-22 02:06:32'),
	(242, 132, '16080 Homenick Shoal\nPort Angela, UT 49637-4916', '2018-05-19 00:09:03', '2020-05-16 18:07:06'),
	(243, 61, '122 Maia Trail\nWehnermouth, OR 24110', '2018-09-19 07:59:28', '2020-05-16 18:07:06'),
	(244, 14, '310 Katheryn Branch Suite 715\nLake Ilene, MT 19204', '2010-09-28 19:16:11', '2014-08-28 13:51:23'),
	(245, 3, '4782 Sporer Union Suite 168\nGulgowskiville, IN 20284-1066', '2011-03-02 01:25:28', '2012-05-04 21:10:54'),
	(246, 75, '99768 Jairo Corner Apt. 062\nSouth Erwinside, IL 18081', '2015-12-01 20:27:34', '2019-11-16 03:12:37'),
	(247, 146, '966 Block Neck Suite 013\nBoyleborough, IA 56718-1798', '2017-07-19 22:05:38', '2020-05-16 18:07:06'),
	(248, 91, '80755 Timmothy Flat Apt. 362\nMorganville, AK 14595', '2013-04-15 01:41:39', '2018-07-24 22:55:09'),
	(249, 42, '40403 Darren Junction\nAbelardoborough, WI 41837-2917', '2013-11-21 09:22:31', '2020-05-16 18:07:06'),
	(250, 59, '140 Susan Valleys Suite 699\nHughstad, MO 63596', '2015-11-01 09:40:19', '2018-09-29 23:34:58'),
	(251, 10, '2316 Christop Junctions Apt. 368\nWest America, WI 52252-8062', '2011-03-22 14:38:46', '2011-06-17 07:10:50'),
	(252, 157, '474 Malika Via Suite 887\nGarnettchester, NY 29899-4380', '2016-02-10 13:08:29', '2020-05-16 18:07:06'),
	(253, 61, '893 Effertz Flats\nSchroederfurt, NE 89317-2122', '2018-01-30 04:05:23', '2020-05-16 18:07:06'),
	(254, 50, '94873 Foster Cliffs\nAshleytown, MN 79875', '2016-09-21 09:45:07', '2020-05-16 18:07:06'),
	(255, 96, '1222 Jakubowski Circles\nStokeschester, ME 74640', '2015-01-17 19:25:45', '2017-12-19 11:34:05'),
	(256, 119, '152 Cathrine Route\nPort Marianabury, WA 22801-8721', '2015-08-02 21:00:36', '2020-05-16 18:07:06'),
	(257, 159, '30055 Bednar Street\nSouth Makaylabury, AZ 49642-9304', '2016-08-28 00:05:16', '2020-05-16 18:07:06'),
	(258, 143, '899 Quitzon Ford Suite 017\nEast Joanaton, UT 90868-4958', '2018-01-23 15:21:57', '2020-05-16 18:07:06'),
	(259, 78, '7401 Damian Well Suite 031\nAbagailborough, NJ 92710-6143', '2015-11-16 22:14:40', '2020-05-16 18:07:06'),
	(260, 106, '1733 Virginia Port Apt. 369\nPort Jacintoborough, CO 69025', '2011-11-05 12:13:15', '2020-05-16 18:07:06'),
	(261, 134, '7802 Hayden Squares\nWest Amirmouth, ME 58047', '2018-01-14 10:00:41', '2020-05-16 18:07:06'),
	(262, 182, '5563 Williamson Centers Suite 548\nJuanitashire, LA 43415', '2014-10-30 06:01:11', '2017-03-04 16:29:40'),
	(263, 148, '7560 Hermann Inlet Apt. 490\nVivienneburgh, TN 50200-9951', '2012-05-20 02:57:24', '2015-04-16 20:31:46'),
	(264, 72, '864 Barton Fork\nPfannerstilltown, MT 23225', '2011-11-23 17:11:18', '2017-09-09 08:00:32'),
	(265, 54, '930 Osinski Dam\nEast Giovannyburgh, TX 24635', '2016-08-14 06:03:27', '2019-12-27 22:44:06'),
	(266, 163, '97645 McClure Key Apt. 646\nSouth Andreanefurt, TN 01821', '2013-08-31 11:58:15', '2020-05-16 18:07:06'),
	(267, 23, '92464 Karl Vista Suite 739\nConnshire, AL 27794-0600', '2011-06-07 11:46:27', '2020-03-08 20:08:11'),
	(268, 14, '0890 Schaefer Drive Suite 064\nSanfordtown, OR 24062-9371', '2011-05-25 20:17:05', '2013-07-04 00:39:17'),
	(269, 95, '883 Darrell Center Suite 790\nHalvorsonfort, MD 07568', '2017-11-20 21:47:38', '2020-05-16 18:07:06'),
	(270, 102, '4590 Derick Light\nDorcasfort, MT 76454-8577', '2013-05-15 09:26:37', '2020-05-16 18:07:06'),
	(271, 120, '28551 Meredith Shore\nEast Kelsie, NJ 74623', '2016-04-07 18:31:19', '2019-03-11 11:17:24'),
	(272, 76, '8392 Kenyatta Forest\nNew Yesseniahaven, GA 55018-6658', '2019-05-29 11:41:40', '2020-05-16 18:07:06'),
	(273, 33, '8308 Reynold Corners\nZboncakside, WI 98286-3985', '2011-05-25 17:24:30', '2013-12-13 12:54:33'),
	(274, 181, '148 Nikki Heights\nWest Hannahchester, CO 16813-4065', '2013-06-07 14:42:10', '2020-05-16 18:07:06'),
	(275, 90, '9837 Jon Village Suite 644\nNorth Kavon, WY 20352', '2017-07-25 03:22:47', '2020-05-16 18:07:06'),
	(276, 36, '963 Jan Port Suite 297\nPort Alvahtown, IA 10416', '2011-04-17 09:29:21', '2014-01-08 20:38:39'),
	(277, 55, '86919 Alayna Plain Apt. 560\nNew Sandrashire, NM 44009', '2017-09-23 14:02:03', '2020-05-16 18:07:06'),
	(278, 36, '47983 Jeramy Greens Suite 589\nPort Esperanzaton, WI 61156', '2015-11-16 06:50:02', '2020-05-16 18:07:06'),
	(279, 127, '20603 Cristina Bridge\nJamesonside, WV 07164', '2015-01-04 00:18:08', '2020-05-16 18:07:06'),
	(280, 97, '394 Littel Springs\nPort Kirstin, DE 11786-5393', '2017-05-24 18:20:36', '2020-05-16 18:07:06'),
	(281, 94, '3545 Terrell Shoal Suite 885\nNorth Jayde, WV 53657-3696', '2013-10-15 12:22:28', '2015-05-28 18:51:15'),
	(282, 137, '9259 Jana Ville Suite 426\nAdamston, WY 00975-7833', '2011-03-02 00:06:13', '2014-10-13 14:10:03'),
	(283, 54, '3789 Harvey Spring\nSchuppemouth, NV 67600-4478', '2010-10-29 08:12:53', '2011-05-26 20:29:42'),
	(284, 155, '39930 Nikita Circle Suite 695\nRonstad, KY 43841-2238', '2011-03-25 13:32:44', '2014-06-02 07:12:01'),
	(285, 187, '093 Arlie Lake Suite 568\nBillyville, WA 96084-6885', '2016-12-21 09:24:42', '2020-05-16 18:07:06'),
	(286, 149, '10791 Johnson Key\nRainaside, IL 55754', '2013-03-04 19:22:21', '2020-05-16 18:07:06'),
	(287, 73, '5949 Jeffery Extension Suite 374\nNorth Morgan, AR 22050-8768', '2017-08-06 10:50:15', '2020-05-16 18:07:06'),
	(288, 145, '191 Anderson Port\nDavischester, PA 93643-6890', '2010-06-17 02:08:26', '2014-03-30 04:07:43'),
	(289, 92, '39004 Bechtelar Hill\nTurnerborough, MO 36740-4391', '2012-05-14 06:04:20', '2020-05-16 18:07:06'),
	(290, 150, '91137 Gabrielle Glens\nNellamouth, KS 91570-0382', '2012-06-29 11:26:25', '2020-05-16 18:07:06'),
	(291, 51, '41995 Bauch Radial\nBraunview, AL 33397-4996', '2016-01-03 18:51:26', '2016-09-27 15:46:15'),
	(292, 25, '63279 Stamm Wells\nTerryberg, AK 12598', '2015-08-04 09:33:08', '2020-05-16 18:07:06'),
	(293, 132, '21835 Megane Creek Apt. 730\nFaustoshire, DE 73942-3036', '2016-04-11 09:54:25', '2017-08-24 10:02:19'),
	(294, 198, '0328 Ahmed Lodge\nJaylinberg, IN 30661', '2012-06-08 13:55:38', '2019-06-23 02:17:20'),
	(295, 97, '2331 Emard Plain\nLake Vivianhaven, NE 61440-0579', '2018-03-29 23:03:07', '2020-05-16 18:07:06'),
	(296, 185, '180 Ryan Estate\nRodriguezport, CO 31486-3127', '2015-08-21 10:03:49', '2020-05-16 18:07:06'),
	(297, 160, '4892 Tatyana Radial\nSouth Johanna, DC 90239', '2014-12-30 20:13:54', '2019-11-07 09:59:12'),
	(298, 120, '1875 Swaniawski Neck Suite 362\nNorth Aliviachester, WY 81142', '2012-06-22 05:21:23', '2019-08-17 02:46:34'),
	(299, 199, '842 Aiyana Ridge Suite 466\nNew Olga, MO 27761', '2013-02-25 15:26:57', '2013-08-21 07:35:50'),
	(300, 54, '812 Clint Cliff Apt. 360\nSouth Cruzview, IN 62132', '2015-04-07 04:21:16', '2020-05-16 18:07:06');
/*!40000 ALTER TABLE `users_adresses` ENABLE KEYS */;


-- Дамп структуры для таблица hobbygames.users_profiles
DROP TABLE IF EXISTS `users_profiles`;
CREATE TABLE IF NOT EXISTS `users_profiles` (
  `user_id` int(10) unsigned NOT NULL,
  `nickname` varchar(100) COLLATE utf8_unicode_ci DEFAULT NULL,
  `gender` enum('female','male') COLLATE utf8_unicode_ci DEFAULT NULL,
  `birthday` date DEFAULT NULL,
  `photo` varchar(255) COLLATE utf8_unicode_ci DEFAULT NULL,
  `bonuses` int(10) unsigned DEFAULT NULL,
  PRIMARY KEY (`user_id`),
  CONSTRAINT `users_profiles_user_id_fk` FOREIGN KEY (`user_id`) REFERENCES `users` (`id`) ON DELETE CASCADE ON UPDATE CASCADE
) ENGINE=InnoDB DEFAULT CHARSET=utf8 COLLATE=utf8_unicode_ci;

-- Дамп данных таблицы hobbygames.users_profiles: ~171 rows (приблизительно)
/*!40000 ALTER TABLE `users_profiles` DISABLE KEYS */;
INSERT INTO `users_profiles` (`user_id`, `nickname`, `gender`, `birthday`, `photo`, `bonuses`) VALUES
	(4, 'modi', 'female', '2020-02-11', 'http://lorempixel.com/640/480/', 0),
	(5, '', 'male', '2015-09-08', '', 2058),
	(7, 'dolores', 'female', '2011-05-20', 'http://lorempixel.com/640/480/', 0),
	(8, 'eaque', 'male', '2013-09-19', '', 0),
	(9, 'mollitia', 'male', '2019-05-27', '', 0),
	(13, '', 'male', '2018-05-22', 'http://lorempixel.com/640/480/', 1117),
	(14, 'ducimus', 'male', '2016-05-23', '', 0),
	(15, '', 'male', '2011-01-09', 'http://lorempixel.com/640/480/', 2166),
	(16, '', 'female', '2012-06-13', 'http://lorempixel.com/640/480/', 0),
	(17, 'corrupti', 'female', '2011-02-20', 'http://lorempixel.com/640/480/', 0),
	(18, 'dicta', 'male', '2019-07-22', '', 0),
	(19, 'doloribus', 'male', '2011-07-09', '', 0),
	(20, 'eius', 'male', '2014-12-19', 'http://lorempixel.com/640/480/', 2757),
	(21, 'adipisci', 'male', '2020-05-08', '', 0),
	(23, '', 'male', '2014-07-27', 'http://lorempixel.com/640/480/', 0),
	(24, 'debitis', 'male', '2016-05-04', '', 1010),
	(25, 'animi', 'female', '2018-04-25', '', 1962),
	(26, '', 'male', '2017-07-12', '', 0),
	(28, '', 'female', '2019-07-13', 'http://lorempixel.com/640/480/', 1250),
	(29, 'et', 'female', '2015-12-13', 'http://lorempixel.com/640/480/', 1632),
	(30, 'sit', 'female', '2014-03-19', 'http://lorempixel.com/640/480/', 0),
	(31, 'voluptatum', 'female', '2011-05-25', 'http://lorempixel.com/640/480/', 0),
	(33, '', 'male', '2016-09-05', 'http://lorempixel.com/640/480/', 2696),
	(34, 'est', 'male', '2016-02-06', '', 992),
	(35, 'cum', 'male', '2018-11-18', 'http://lorempixel.com/640/480/', 2518),
	(36, 'dolores', 'female', '2012-04-26', '', 0),
	(37, '', 'male', '2018-11-20', 'http://lorempixel.com/640/480/', 0),
	(38, 'quam', 'male', '2017-03-20', '', 307),
	(39, 'animi', 'female', '2017-03-21', '', 0),
	(40, 'enim', 'male', '2015-05-19', '', 0),
	(41, '', 'male', '2013-09-05', '', 0),
	(42, '', 'female', '2019-10-13', 'http://lorempixel.com/640/480/', 0),
	(43, '', 'male', '2011-01-16', 'http://lorempixel.com/640/480/', 0),
	(44, '', 'female', '2014-05-07', '', 506),
	(45, '', 'female', '2017-09-26', '', 0),
	(46, '', 'female', '2015-12-13', '', 0),
	(47, '', 'female', '2019-04-12', '', 0),
	(48, '', 'female', '2012-02-01', 'http://lorempixel.com/640/480/', 0),
	(49, '', 'male', '2015-07-06', '', 1323),
	(50, 'voluptas', 'female', '2015-04-10', '', 0),
	(51, 'qui', 'female', '2013-08-19', '', 1320),
	(52, '', 'female', '2015-08-19', '', 0),
	(53, '', 'female', '2011-03-07', 'http://lorempixel.com/640/480/', 676),
	(54, 'molestiae', 'male', '2019-05-11', '', 0),
	(55, 'placeat', 'male', '2013-08-07', '', 490),
	(56, 'quis', 'female', '2010-08-26', '', 1695),
	(57, 'quis', 'female', '2015-03-09', '', 0),
	(58, '', 'male', '2011-03-29', '', 1523),
	(59, 'voluptatum', 'male', '2015-04-02', '', 2287),
	(60, 'eveniet', 'male', '2014-11-30', '', 1190),
	(61, 'dolore', 'female', '2012-05-19', 'http://lorempixel.com/640/480/', 0),
	(62, '', 'female', '2016-04-06', 'http://lorempixel.com/640/480/', 0),
	(63, '', 'female', '2016-10-22', 'http://lorempixel.com/640/480/', 281),
	(64, 'culpa', 'female', '2020-04-04', '', 0),
	(65, '', 'male', '2017-10-12', '', 1394),
	(66, '', 'female', '2015-08-27', 'http://lorempixel.com/640/480/', 0),
	(67, 'molestiae', 'female', '2012-09-16', 'http://lorempixel.com/640/480/', 2372),
	(68, '', 'female', '2013-03-21', '', 2696),
	(69, 'explicabo', 'male', '2012-03-31', '', 1942),
	(71, '', 'female', '2016-08-15', '', 2543),
	(72, 'qui', 'female', '2010-07-26', '', 830),
	(73, '', 'female', '2013-10-12', 'http://lorempixel.com/640/480/', 893),
	(74, '', 'male', '2017-02-24', '', 2913),
	(75, '', 'male', '2013-06-12', 'http://lorempixel.com/640/480/', 1474),
	(76, 'quas', 'male', '2016-08-12', '', 0),
	(77, '', 'female', '2014-06-29', 'http://lorempixel.com/640/480/', 0),
	(78, '', 'female', '2012-03-29', '', 2170),
	(80, '', 'female', '2018-04-03', '', 0),
	(81, 'quos', 'female', '2012-10-01', '', 2751),
	(82, '', 'male', '2010-12-24', '', 392),
	(83, 'fugit', 'female', '2014-06-27', '', 2961),
	(84, 'aspernatur', 'female', '2010-09-26', 'http://lorempixel.com/640/480/', 0),
	(85, '', 'male', '2011-02-11', '', 0),
	(87, 'minus', 'male', '2010-10-08', '', 45),
	(88, '', 'male', '2020-02-25', 'http://lorempixel.com/640/480/', 1088),
	(89, 'provident', 'male', '2015-01-07', '', 1286),
	(90, '', 'male', '2014-01-13', 'http://lorempixel.com/640/480/', 0),
	(91, 'repudiandae', 'male', '2019-10-01', 'http://lorempixel.com/640/480/', 0),
	(92, 'quo', 'male', '2019-01-05', '', 2879),
	(93, '', 'male', '2017-04-10', 'http://lorempixel.com/640/480/', 0),
	(94, 'officiis', 'male', '2013-02-15', '', 2162),
	(95, '', 'male', '2013-10-28', 'http://lorempixel.com/640/480/', 2889),
	(96, 'debitis', 'male', '2018-03-19', '', 2828),
	(97, 'reiciendis', 'female', '2013-06-30', 'http://lorempixel.com/640/480/', 338),
	(98, 'aut', 'male', '2016-06-11', '', 1640),
	(100, 'fugit', 'male', '2017-02-01', 'http://lorempixel.com/640/480/', 1998),
	(101, 'exercitationem', 'male', '2013-01-28', 'http://lorempixel.com/640/480/', 0),
	(103, '', 'male', '2010-12-09', 'http://lorempixel.com/640/480/', 2197),
	(104, 'dolor', 'female', '2015-08-15', '', 2862),
	(105, 'quia', 'male', '2020-03-19', '', 2177),
	(106, 'ullam', 'female', '2015-07-15', 'http://lorempixel.com/640/480/', 0),
	(107, '', 'male', '2014-10-17', 'http://lorempixel.com/640/480/', 0),
	(108, 'molestiae', 'male', '2014-02-14', 'http://lorempixel.com/640/480/', 0),
	(109, '', 'female', '2014-02-17', 'http://lorempixel.com/640/480/', 0),
	(110, 'assumenda', 'male', '2017-11-02', 'http://lorempixel.com/640/480/', 0),
	(111, 'eum', 'male', '2016-04-26', 'http://lorempixel.com/640/480/', 373),
	(112, '', 'female', '2014-08-30', '', 0),
	(114, '', 'female', '2011-04-24', 'http://lorempixel.com/640/480/', 0),
	(115, '', 'male', '2015-04-25', 'http://lorempixel.com/640/480/', 614),
	(116, '', 'female', '2015-08-09', 'http://lorempixel.com/640/480/', 1045),
	(118, 'delectus', 'male', '2019-10-05', 'http://lorempixel.com/640/480/', 2079),
	(119, '', 'female', '2010-08-26', 'http://lorempixel.com/640/480/', 0),
	(120, 'voluptas', 'male', '2017-11-25', '', 1917),
	(121, 'ut', 'female', '2019-01-05', 'http://lorempixel.com/640/480/', 2846),
	(122, 'maiores', 'male', '2020-03-21', '', 2704),
	(123, '', 'male', '2013-10-12', '', 2349),
	(124, 'eaque', 'male', '2016-12-27', 'http://lorempixel.com/640/480/', 2821),
	(125, 'ab', 'female', '2016-02-29', 'http://lorempixel.com/640/480/', 231),
	(126, 'est', 'male', '2016-09-06', '', 0),
	(128, 'vel', 'female', '2011-04-21', '', 0),
	(129, '', 'female', '2019-07-17', '', 0),
	(130, '', 'female', '2015-09-21', '', 0),
	(131, 'sed', 'female', '2010-12-15', '', 0),
	(132, '', 'female', '2019-03-05', 'http://lorempixel.com/640/480/', 0),
	(133, 'architecto', 'male', '2011-05-24', '', 1808),
	(134, '', 'female', '2016-11-17', 'http://lorempixel.com/640/480/', 0),
	(135, '', 'female', '2019-05-14', 'http://lorempixel.com/640/480/', 0),
	(136, '', 'male', '2013-09-24', '', 1691),
	(137, '', 'male', '2010-11-16', '', 1680),
	(138, 'et', 'male', '2015-03-16', 'http://lorempixel.com/640/480/', 0),
	(139, '', 'female', '2015-12-08', 'http://lorempixel.com/640/480/', 2413),
	(141, 'quisquam', 'female', '2017-07-16', 'http://lorempixel.com/640/480/', 653),
	(142, 'laudantium', 'male', '2019-02-05', '', 0),
	(143, 'nemo', 'female', '2014-02-08', '', 2761),
	(147, '', 'male', '2019-11-17', 'http://lorempixel.com/640/480/', 2433),
	(148, '', 'female', '2017-03-24', 'http://lorempixel.com/640/480/', 0),
	(149, '', 'male', '2014-09-11', 'http://lorempixel.com/640/480/', 0),
	(150, '', 'male', '2013-12-31', 'http://lorempixel.com/640/480/', 0),
	(151, '', 'male', '2015-07-01', 'http://lorempixel.com/640/480/', 0),
	(153, 'repellat', 'female', '2015-07-05', '', 0),
	(154, 'accusantium', 'male', '2014-10-29', 'http://lorempixel.com/640/480/', 0),
	(155, '', 'male', '2013-01-22', 'http://lorempixel.com/640/480/', 0),
	(156, '', 'female', '2012-06-12', 'http://lorempixel.com/640/480/', 0),
	(157, '', 'male', '2019-04-09', '', 1042),
	(158, '', 'male', '2015-06-27', 'http://lorempixel.com/640/480/', 0),
	(160, '', 'male', '2017-11-24', '', 750),
	(161, 'doloremque', 'female', '2018-03-12', '', 1535),
	(163, '', 'male', '2012-05-30', 'http://lorempixel.com/640/480/', 0),
	(164, 'ut', 'male', '2018-10-02', '', 0),
	(165, 'sed', 'male', '2020-02-12', 'http://lorempixel.com/640/480/', 2847),
	(166, 'expedita', 'female', '2015-02-07', 'http://lorempixel.com/640/480/', 1033),
	(167, 'excepturi', 'female', '2019-09-03', '', 0),
	(168, '', 'male', '2015-01-19', '', 0),
	(169, 'temporibus', 'female', '2018-05-12', '', 874),
	(170, '', 'male', '2010-10-13', '', 0),
	(171, 'magni', 'male', '2014-09-04', '', 0),
	(172, '', 'female', '2017-05-29', 'http://lorempixel.com/640/480/', 0),
	(173, '', 'female', '2016-01-10', 'http://lorempixel.com/640/480/', 1562),
	(174, 'voluptatem', 'male', '2015-01-23', '', 0),
	(175, 'cum', 'female', '2010-12-25', 'http://lorempixel.com/640/480/', 2396),
	(176, '', 'female', '2012-07-16', '', 0),
	(177, 'consequuntur', 'male', '2013-02-23', 'http://lorempixel.com/640/480/', 2881),
	(179, 'ut', 'male', '2018-09-25', 'http://lorempixel.com/640/480/', 1952),
	(181, 'similique', 'female', '2010-10-10', '', 0),
	(182, 'quo', 'male', '2014-12-28', 'http://lorempixel.com/640/480/', 1554),
	(183, '', 'female', '2018-08-29', '', 0),
	(184, 'est', 'male', '2014-09-30', 'http://lorempixel.com/640/480/', 0),
	(185, 'excepturi', 'male', '2013-09-24', '', 0),
	(186, 'modi', 'female', '2013-08-15', 'http://lorempixel.com/640/480/', 1709),
	(187, '', 'female', '2019-08-04', 'http://lorempixel.com/640/480/', 0),
	(189, '', 'male', '2013-08-20', '', 2712),
	(190, '', 'female', '2017-08-13', 'http://lorempixel.com/640/480/', 0),
	(191, 'ut', 'female', '2011-03-21', '', 0),
	(192, 'quidem', 'female', '2018-10-25', '', 0),
	(193, 'quos', 'male', '2012-07-11', 'http://lorempixel.com/640/480/', 0),
	(194, '', 'male', '2019-07-19', 'http://lorempixel.com/640/480/', 2376),
	(195, '', 'male', '2013-10-21', '', 0),
	(196, '', 'male', '2014-01-24', '', 0),
	(197, 'id', 'male', '2012-04-18', '', 1966),
	(198, '', 'female', '2013-11-02', 'http://lorempixel.com/640/480/', 2079),
	(200, '', 'female', '2011-12-30', '', 2255);
/*!40000 ALTER TABLE `users_profiles` ENABLE KEYS */;


-- Дамп структуры для таблица hobbygames.wishlists
DROP TABLE IF EXISTS `wishlists`;
CREATE TABLE IF NOT EXISTS `wishlists` (
  `id` int(10) unsigned NOT NULL AUTO_INCREMENT,
  `user_id` int(10) unsigned NOT NULL,
  `name` varchar(255) COLLATE utf8_unicode_ci DEFAULT NULL,
  `created_at` datetime DEFAULT CURRENT_TIMESTAMP,
  `updated_at` datetime DEFAULT CURRENT_TIMESTAMP ON UPDATE CURRENT_TIMESTAMP,
  PRIMARY KEY (`id`),
  KEY `wishlists_user_id_fk` (`user_id`),
  CONSTRAINT `wishlists_user_id_fk` FOREIGN KEY (`user_id`) REFERENCES `users` (`id`) ON DELETE CASCADE ON UPDATE CASCADE
) ENGINE=InnoDB AUTO_INCREMENT=101 DEFAULT CHARSET=utf8 COLLATE=utf8_unicode_ci;

-- Дамп данных таблицы hobbygames.wishlists: ~100 rows (приблизительно)
/*!40000 ALTER TABLE `wishlists` DISABLE KEYS */;
INSERT INTO `wishlists` (`id`, `user_id`, `name`, `created_at`, `updated_at`) VALUES
	(1, 73, 'aut', '2019-02-13 17:31:13', '2020-05-16 18:07:07'),
	(2, 110, 'tempore', '2016-01-28 01:49:46', '2020-05-16 18:07:07'),
	(3, 108, 'omnis', '2017-07-22 07:10:48', '2020-05-16 18:07:07'),
	(4, 12, 'possimus', '2014-12-17 10:14:06', '2019-05-23 22:22:53'),
	(5, 198, 'praesentium', '2016-10-01 10:31:12', '2019-04-12 06:43:42'),
	(6, 52, 'dolorem', '2012-11-20 03:36:02', '2020-05-16 18:07:07'),
	(7, 200, 'quisquam', '2017-04-06 22:23:01', '2020-05-16 18:07:07'),
	(8, 43, 'maxime', '2011-07-30 04:15:00', '2018-04-21 04:53:49'),
	(9, 102, 'est', '2014-09-27 19:16:08', '2017-02-18 18:09:13'),
	(10, 139, 'maxime', '2016-07-24 05:49:13', '2016-07-29 14:44:49'),
	(11, 152, 'quod', '2014-01-11 16:32:54', '2015-11-19 02:39:23'),
	(12, 28, 'incidunt', '2015-01-07 05:33:54', '2016-09-12 20:17:16'),
	(13, 51, 'tempora', '2017-12-30 22:15:44', '2020-05-16 18:07:07'),
	(14, 174, 'et', '2016-10-23 11:45:15', '2019-02-13 10:31:18'),
	(15, 9, 'repellat', '2011-10-22 15:06:49', '2017-01-17 09:37:06'),
	(16, 81, 'asperiores', '2011-08-13 17:42:26', '2015-03-31 13:02:50'),
	(17, 181, 'reprehenderit', '2012-03-30 14:29:20', '2019-03-26 14:12:49'),
	(18, 189, 'eaque', '2016-07-03 10:55:35', '2020-05-16 18:07:07'),
	(19, 177, 'quaerat', '2015-10-15 13:49:49', '2018-03-08 23:41:26'),
	(20, 180, 'impedit', '2013-03-04 04:08:15', '2014-11-19 13:03:00'),
	(21, 162, 'nam', '2016-07-03 23:59:18', '2020-05-16 18:07:07'),
	(22, 6, 'perspiciatis', '2013-05-15 06:10:55', '2018-02-07 13:00:52'),
	(23, 69, 'minima', '2013-10-05 06:25:48', '2020-05-16 18:07:07'),
	(24, 152, 'assumenda', '2014-03-09 03:05:18', '2017-04-20 15:53:35'),
	(25, 188, 'nostrum', '2010-07-17 18:01:07', '2011-08-26 19:23:07'),
	(26, 172, 'tempore', '2017-04-16 11:50:50', '2020-05-16 18:07:07'),
	(27, 80, 'ea', '2019-01-15 04:51:55', '2020-05-16 18:07:07'),
	(28, 114, 'aperiam', '2017-06-04 09:46:56', '2019-08-07 04:49:18'),
	(29, 109, 'pariatur', '2017-09-01 13:38:21', '2020-05-16 18:07:07'),
	(30, 15, 'animi', '2016-01-17 20:03:09', '2020-05-16 18:07:07'),
	(31, 161, 'sed', '2017-01-05 15:33:12', '2020-05-16 18:07:07'),
	(32, 182, 'eligendi', '2015-12-08 00:36:24', '2020-05-16 18:07:07'),
	(33, 125, 'hic', '2017-12-04 23:10:22', '2019-06-13 13:19:51'),
	(34, 68, 'qui', '2010-07-01 01:44:23', '2011-07-01 16:56:31'),
	(35, 194, 'molestias', '2018-02-25 12:46:55', '2020-05-16 18:07:07'),
	(36, 123, 'quia', '2016-11-02 21:04:23', '2019-01-20 23:07:31'),
	(37, 119, 'ipsum', '2014-04-10 20:58:52', '2015-06-15 06:14:19'),
	(38, 193, 'maxime', '2016-01-29 21:27:21', '2017-07-22 12:04:58'),
	(39, 166, 'blanditiis', '2018-01-09 11:54:30', '2020-05-16 18:07:07'),
	(40, 21, 'suscipit', '2020-04-07 11:52:19', '2020-05-16 18:07:07'),
	(41, 132, 'ex', '2017-05-14 01:49:48', '2018-05-13 07:49:33'),
	(42, 117, 'mollitia', '2010-08-21 16:03:31', '2014-05-12 20:26:41'),
	(43, 48, 'dolor', '2018-08-18 15:06:30', '2020-05-16 18:07:07'),
	(44, 182, 'sit', '2015-11-09 16:33:11', '2016-08-31 01:28:43'),
	(45, 90, 'ut', '2011-10-23 09:24:17', '2018-12-09 08:13:30'),
	(46, 57, 'et', '2019-03-19 00:49:58', '2020-05-16 18:07:07'),
	(47, 62, 'molestiae', '2018-09-08 07:34:36', '2020-05-16 18:07:07'),
	(48, 70, 'at', '2018-07-03 21:26:49', '2020-05-16 18:07:07'),
	(49, 45, 'molestiae', '2010-05-30 23:25:04', '2012-06-23 11:01:17'),
	(50, 39, 'quas', '2020-01-06 17:03:03', '2020-05-16 18:07:07'),
	(51, 50, 'rem', '2013-09-24 08:07:58', '2020-05-16 18:07:07'),
	(52, 7, 'sint', '2015-07-12 23:45:54', '2020-05-16 18:07:07'),
	(53, 44, 'voluptatem', '2015-06-10 04:34:04', '2019-04-19 18:38:37'),
	(54, 119, 'ut', '2012-07-31 20:00:45', '2014-06-05 23:24:46'),
	(55, 158, 'mollitia', '2014-01-08 00:34:11', '2019-06-14 18:26:31'),
	(56, 32, 'illum', '2019-04-06 13:56:13', '2020-05-16 18:07:07'),
	(57, 90, 'maxime', '2014-09-29 03:44:27', '2020-04-23 07:06:09'),
	(58, 37, 'est', '2010-10-04 12:07:59', '2017-03-20 15:09:54'),
	(59, 145, 'corporis', '2019-11-07 21:41:41', '2020-05-16 18:07:07'),
	(60, 199, 'molestias', '2014-11-17 13:51:55', '2020-03-10 06:27:17'),
	(61, 52, 'accusantium', '2012-06-17 20:46:29', '2018-06-23 05:44:42'),
	(62, 105, 'omnis', '2018-11-20 21:17:06', '2020-05-16 18:07:07'),
	(63, 181, 'molestiae', '2012-06-04 02:18:04', '2014-09-01 08:35:44'),
	(64, 176, 'fugit', '2016-07-24 11:37:50', '2016-08-20 11:35:20'),
	(65, 173, 'et', '2019-09-27 15:14:27', '2020-05-16 18:07:07'),
	(66, 174, 'eum', '2013-07-22 00:56:24', '2017-02-19 04:44:53'),
	(67, 99, 'blanditiis', '2014-03-13 01:21:15', '2020-05-16 18:07:07'),
	(68, 92, 'sunt', '2019-02-16 08:11:10', '2020-05-16 18:07:07'),
	(69, 166, 'deleniti', '2011-11-15 18:00:50', '2020-05-16 18:07:07'),
	(70, 64, 'quaerat', '2010-09-19 22:32:35', '2016-10-03 11:26:16'),
	(71, 112, 'sunt', '2011-03-22 22:50:59', '2020-05-12 22:15:09'),
	(72, 97, 'quam', '2016-11-27 22:13:00', '2020-05-16 18:07:07'),
	(73, 180, 'ut', '2015-07-19 01:56:17', '2020-05-16 18:07:07'),
	(74, 160, 'veniam', '2014-12-04 08:10:45', '2016-08-30 15:19:48'),
	(75, 79, 'dolore', '2014-05-05 21:39:19', '2018-11-28 17:52:14'),
	(76, 70, 'aut', '2018-03-24 12:49:38', '2020-05-16 18:07:07'),
	(77, 16, 'doloremque', '2010-07-21 11:40:21', '2012-08-19 07:18:32'),
	(78, 141, 'dicta', '2011-11-17 07:31:53', '2020-05-16 18:07:07'),
	(79, 139, 'quia', '2017-04-26 14:52:52', '2020-05-16 18:07:07'),
	(80, 61, 'sit', '2017-04-29 04:29:23', '2018-02-08 00:05:09'),
	(81, 179, 'dolor', '2015-03-13 09:54:06', '2017-08-10 02:40:15'),
	(82, 189, 'id', '2010-07-05 10:15:30', '2015-05-25 17:24:18'),
	(83, 67, 'quo', '2014-08-03 08:23:13', '2015-08-16 14:50:39'),
	(84, 23, 'distinctio', '2019-11-26 10:42:06', '2020-05-16 18:07:07'),
	(85, 107, 'incidunt', '2018-05-10 22:51:34', '2020-02-10 11:46:32'),
	(86, 25, 'possimus', '2019-04-07 22:09:14', '2020-05-16 18:07:07'),
	(87, 54, 'debitis', '2018-02-01 06:11:44', '2020-05-16 18:07:07'),
	(88, 197, 'et', '2010-12-29 00:36:02', '2020-05-16 18:07:07'),
	(89, 61, 'ut', '2016-02-16 17:29:37', '2020-05-16 18:07:07'),
	(90, 198, 'ut', '2012-04-30 10:15:51', '2017-11-24 04:08:49'),
	(91, 195, 'aut', '2011-02-12 21:01:45', '2012-04-19 09:48:40'),
	(92, 113, 'quisquam', '2016-08-31 15:00:16', '2020-05-16 18:07:07'),
	(93, 103, 'inventore', '2015-07-27 18:47:08', '2020-05-16 18:07:07'),
	(94, 175, 'non', '2013-12-21 13:51:42', '2016-06-14 06:41:46'),
	(95, 89, 'et', '2015-02-01 00:36:39', '2020-05-16 18:07:07'),
	(96, 75, 'similique', '2010-07-22 23:56:43', '2020-01-20 22:53:50'),
	(97, 148, 'voluptas', '2020-04-04 03:38:59', '2020-05-16 18:07:07'),
	(98, 187, 'soluta', '2013-06-11 21:14:44', '2016-10-23 20:21:16'),
	(99, 167, 'quod', '2012-09-02 05:53:19', '2016-11-24 07:07:28'),
	(100, 114, 'deserunt', '2017-06-21 02:56:08', '2019-11-02 11:55:29');
/*!40000 ALTER TABLE `wishlists` ENABLE KEYS */;


-- Дамп структуры для таблица hobbygames.wishlists_products
DROP TABLE IF EXISTS `wishlists_products`;
CREATE TABLE IF NOT EXISTS `wishlists_products` (
  `wishlist_id` int(10) unsigned NOT NULL,
  `product_id` int(10) unsigned NOT NULL,
  PRIMARY KEY (`wishlist_id`,`product_id`),
  KEY `wishlists_products_product_id_fk` (`product_id`),
  CONSTRAINT `wishlists_products_product_id_fk` FOREIGN KEY (`product_id`) REFERENCES `products` (`id`) ON DELETE CASCADE ON UPDATE CASCADE,
  CONSTRAINT `wishlists_products_wishlist_id_fk` FOREIGN KEY (`wishlist_id`) REFERENCES `wishlists` (`id`) ON DELETE CASCADE ON UPDATE CASCADE
) ENGINE=InnoDB DEFAULT CHARSET=utf8 COLLATE=utf8_unicode_ci;

-- Дамп данных таблицы hobbygames.wishlists_products: ~300 rows (приблизительно)
/*!40000 ALTER TABLE `wishlists_products` DISABLE KEYS */;
INSERT INTO `wishlists_products` (`wishlist_id`, `product_id`) VALUES
	(79, 1),
	(44, 5),
	(76, 9),
	(83, 9),
	(28, 13),
	(84, 13),
	(5, 14),
	(68, 15),
	(14, 16),
	(23, 18),
	(87, 18),
	(53, 20),
	(23, 21),
	(6, 23),
	(23, 24),
	(89, 24),
	(9, 28),
	(95, 30),
	(83, 31),
	(41, 35),
	(70, 35),
	(38, 36),
	(20, 38),
	(28, 38),
	(56, 38),
	(67, 38),
	(3, 45),
	(35, 47),
	(48, 47),
	(55, 47),
	(35, 48),
	(20, 50),
	(30, 50),
	(25, 52),
	(28, 52),
	(81, 58),
	(17, 63),
	(32, 63),
	(23, 64),
	(87, 64),
	(43, 65),
	(3, 66),
	(48, 66),
	(3, 69),
	(37, 73),
	(37, 74),
	(51, 74),
	(80, 74),
	(87, 78),
	(70, 82),
	(69, 83),
	(9, 84),
	(55, 86),
	(16, 87),
	(84, 89),
	(37, 92),
	(79, 93),
	(5, 95),
	(15, 95),
	(74, 95),
	(15, 96),
	(92, 97),
	(5, 98),
	(92, 98),
	(34, 100),
	(87, 100),
	(90, 100),
	(27, 101),
	(52, 101),
	(49, 102),
	(6, 103),
	(62, 103),
	(8, 104),
	(72, 104),
	(88, 106),
	(95, 106),
	(43, 108),
	(7, 111),
	(77, 112),
	(34, 113),
	(56, 113),
	(38, 114),
	(51, 116),
	(83, 116),
	(67, 117),
	(73, 117),
	(98, 117),
	(60, 118),
	(43, 119),
	(42, 121),
	(47, 121),
	(85, 122),
	(94, 125),
	(8, 126),
	(79, 126),
	(80, 127),
	(51, 129),
	(51, 131),
	(5, 132),
	(56, 132),
	(15, 133),
	(64, 135),
	(67, 136),
	(97, 136),
	(76, 138),
	(84, 138),
	(57, 147),
	(68, 150),
	(36, 153),
	(45, 155),
	(35, 156),
	(59, 157),
	(12, 158),
	(18, 159),
	(79, 159),
	(36, 160),
	(55, 160),
	(46, 161),
	(26, 162),
	(70, 162),
	(45, 163),
	(62, 166),
	(71, 166),
	(65, 170),
	(29, 174),
	(6, 176),
	(4, 178),
	(40, 178),
	(8, 179),
	(14, 179),
	(28, 180),
	(59, 181),
	(59, 185),
	(56, 186),
	(49, 187),
	(77, 188),
	(43, 189),
	(56, 189),
	(86, 190),
	(71, 193),
	(8, 194),
	(45, 194),
	(24, 195),
	(43, 195),
	(4, 196),
	(70, 198),
	(98, 198),
	(58, 199),
	(18, 201),
	(39, 201),
	(99, 203),
	(23, 204),
	(89, 204),
	(67, 205),
	(3, 208),
	(80, 208),
	(47, 209),
	(45, 212),
	(57, 212),
	(47, 215),
	(5, 221),
	(81, 225),
	(37, 226),
	(38, 230),
	(48, 230),
	(72, 231),
	(2, 233),
	(16, 233),
	(85, 234),
	(18, 236),
	(2, 238),
	(80, 241),
	(20, 244),
	(49, 246),
	(36, 248),
	(94, 248),
	(31, 249),
	(81, 249),
	(93, 249),
	(54, 250),
	(22, 252),
	(77, 253),
	(20, 257),
	(22, 257),
	(42, 257),
	(3, 259),
	(10, 259),
	(71, 260),
	(96, 260),
	(61, 263),
	(23, 265),
	(69, 265),
	(45, 266),
	(73, 266),
	(98, 268),
	(7, 269),
	(22, 270),
	(53, 271),
	(41, 273),
	(53, 274),
	(33, 275),
	(84, 275),
	(13, 278),
	(11, 281),
	(16, 281),
	(34, 281),
	(38, 281),
	(6, 282),
	(92, 282),
	(94, 282),
	(93, 285),
	(38, 290),
	(71, 290),
	(87, 291),
	(47, 294),
	(83, 294),
	(63, 295),
	(71, 295),
	(30, 296),
	(56, 297),
	(7, 300),
	(29, 300),
	(25, 301),
	(43, 301),
	(58, 302),
	(23, 304),
	(55, 304),
	(11, 305),
	(61, 306),
	(17, 313),
	(69, 313),
	(5, 314),
	(16, 314),
	(90, 314),
	(100, 314),
	(99, 316),
	(32, 318),
	(39, 321),
	(48, 323),
	(30, 325),
	(53, 325),
	(6, 332),
	(48, 333),
	(27, 334),
	(52, 334),
	(81, 335),
	(38, 336),
	(10, 337),
	(57, 337),
	(49, 339),
	(77, 339),
	(43, 340),
	(50, 340),
	(6, 341),
	(33, 341),
	(82, 341),
	(75, 343),
	(51, 344),
	(91, 344),
	(26, 345),
	(81, 346),
	(89, 351),
	(12, 353),
	(96, 353),
	(70, 356),
	(92, 359),
	(2, 361),
	(63, 361),
	(36, 362),
	(49, 363),
	(89, 364),
	(5, 365),
	(60, 365),
	(70, 365),
	(50, 367),
	(53, 368),
	(15, 372),
	(25, 372),
	(52, 374),
	(76, 374),
	(1, 375),
	(18, 377),
	(59, 377),
	(89, 380),
	(53, 381),
	(67, 384),
	(20, 385),
	(30, 385),
	(75, 386),
	(20, 387),
	(39, 387),
	(44, 388),
	(83, 389),
	(86, 391),
	(31, 394),
	(48, 394),
	(81, 395),
	(6, 399),
	(18, 399),
	(96, 399);
/*!40000 ALTER TABLE `wishlists_products` ENABLE KEYS */;


-- Дамп структуры для представление hobbygames.products_by_categories
DROP VIEW IF EXISTS `products_by_categories`;
-- Создание временной таблицы для обработки ошибок зависимостей представлений
CREATE TABLE `products_by_categories` (
	`product_id` INT(10) UNSIGNED NOT NULL,
	`product` VARCHAR(255) NOT NULL COLLATE 'utf8_unicode_ci',
	`category_id` INT(10) UNSIGNED NULL,
	`category` VARCHAR(255) NULL COLLATE 'utf8_unicode_ci'
) ENGINE=MyISAM;


-- Дамп структуры для представление hobbygames.products_wishes_count
DROP VIEW IF EXISTS `products_wishes_count`;
-- Создание временной таблицы для обработки ошибок зависимостей представлений
CREATE TABLE `products_wishes_count` (
	`product` VARCHAR(255) NOT NULL COLLATE 'utf8_unicode_ci',
	`total_wished` BIGINT(21) NOT NULL
) ENGINE=MyISAM;


-- Дамп структуры для процедура hobbygames.get_delivery_adress
DROP PROCEDURE IF EXISTS `get_delivery_adress`;
DELIMITER //
CREATE DEFINER=`root`@`localhost` PROCEDURE `get_delivery_adress`(order_id BIGINT)
BEGIN
	DECLARE type_delivery VARCHAR(10);SELECT delivery_type FROM orders WHERE orders.id = order_id LIMIT 1 INTO type_delivery;CASE type_delivery
	    WHEN 'user' THEN
	      SELECT ua.adress FROM orders AS o
			JOIN users_adresses AS ua
			ON delivery_adress_id = ua.id;WHEN 'shop' THEN 
	      SELECT s.adress FROM orders AS o
			JOIN shops AS s
			ON delivery_adress_id = s.id
			WHERE o.id = order_id;ELSE 
	      SIGNAL SQLSTATE "45000"
    		SET MESSAGE_TEXT = "Error getting adress!";END CASE;END//
DELIMITER ;


-- Дамп структуры для процедура hobbygames.product_min_price
DROP PROCEDURE IF EXISTS `product_min_price`;
DELIMITER //
CREATE DEFINER=`root`@`localhost` PROCEDURE `product_min_price`()
BEGIN
SELECT id, final_price
FROM (
    SELECT
    	 p.id,
		 MAX(d.discount) AS discount,
		 IF(ISNULL(discount), p.price, FLOOR((1 - discount) * p.price)) AS final_price
	 FROM products AS p
	 LEFT JOIN products_by_categories AS pc
	 ON p.id = pc.product_id
	 LEFT JOIN discounts AS d
	 ON (p.id = d.product_id OR pc.category_id = d.category_id)
	 	AND
	 	(ISNULL(d.started_at) OR (d.started_at < NOW() AND d.finished_at > NOW()))
	 GROUP BY p.id
) AS product_final_price
WHERE final_price < 1000;END//
DELIMITER ;


-- Дамп структуры для функция hobbygames.is_row_exists
DROP FUNCTION IF EXISTS `is_row_exists`;
DELIMITER //
CREATE DEFINER=`root`@`localhost` FUNCTION `is_row_exists`(delivery_type VARCHAR(50), delivery_adress_id INT) RETURNS tinyint(1)
    READS SQL DATA
BEGIN
	IF delivery_type = 'user' THEN
      RETURN EXISTS(SELECT 1 FROM users_adresses WHERE id = delivery_adress_id);ELSE
		RETURN EXISTS(SELECT 1 FROM shops WHERE id = delivery_adress_id);END IF;END//
DELIMITER ;


-- Дамп структуры для триггер hobbygames.adress_id_validation
DROP TRIGGER IF EXISTS `adress_id_validation`;
SET @OLDTMP_SQL_MODE=@@SQL_MODE, SQL_MODE='STRICT_ALL_TABLES,NO_ZERO_IN_DATE,NO_ZERO_DATE,ERROR_FOR_DIVISION_BY_ZERO,NO_AUTO_CREATE_USER';
DELIMITER //
CREATE TRIGGER `adress_id_validation` BEFORE INSERT ON `orders` FOR EACH ROW BEGIN
  IF !is_row_exists(NEW.delivery_type, NEW.delivery_adress_id) THEN
    SIGNAL SQLSTATE "45000"
    SET MESSAGE_TEXT = "Error adding order! Provided adress id doesn't exist!";END IF;END//
DELIMITER ;
SET SQL_MODE=@OLDTMP_SQL_MODE;


-- Дамп структуры для представление hobbygames.products_by_categories
DROP VIEW IF EXISTS `products_by_categories`;
-- Удаление временной таблицы и создание окончательной структуры представления
DROP TABLE IF EXISTS `products_by_categories`;
CREATE ALGORITHM=UNDEFINED DEFINER=`root`@`localhost` SQL SECURITY DEFINER VIEW `products_by_categories` AS select `p`.`id` AS `product_id`,`p`.`name` AS `product`,`c`.`id` AS `category_id`,`c`.`name` AS `category` from ((`products` `p` left join `products_categories` `pc` on((`p`.`id` = `pc`.`product_id`))) left join `categories` `c` on((`pc`.`category_id` = `c`.`id`))) order by `p`.`name`;


-- Дамп структуры для представление hobbygames.products_wishes_count
DROP VIEW IF EXISTS `products_wishes_count`;
-- Удаление временной таблицы и создание окончательной структуры представления
DROP TABLE IF EXISTS `products_wishes_count`;
CREATE ALGORITHM=UNDEFINED DEFINER=`root`@`localhost` SQL SECURITY DEFINER VIEW `products_wishes_count` AS select `p`.`name` AS `product`,count(`wp`.`product_id`) AS `total_wished` from (`products` `p` left join `wishlists_products` `wp` on((`p`.`id` = `wp`.`product_id`))) group by `p`.`id` order by `total_wished` desc,`p`.`name`;
/*!40101 SET SQL_MODE=IFNULL(@OLD_SQL_MODE, '') */;
/*!40014 SET FOREIGN_KEY_CHECKS=IF(@OLD_FOREIGN_KEY_CHECKS IS NULL, 1, @OLD_FOREIGN_KEY_CHECKS) */;
/*!40101 SET CHARACTER_SET_CLIENT=@OLD_CHARACTER_SET_CLIENT */;
