-- MySQL dump 10.13  Distrib 5.7.25, for Win64 (x86_64)
--
-- Host: 127.0.0.1    Database: vk
-- ------------------------------------------------------
-- Server version	8.0.19

/*!40101 SET @OLD_CHARACTER_SET_CLIENT=@@CHARACTER_SET_CLIENT */;
/*!40101 SET @OLD_CHARACTER_SET_RESULTS=@@CHARACTER_SET_RESULTS */;
/*!40101 SET @OLD_COLLATION_CONNECTION=@@COLLATION_CONNECTION */;
/*!40101 SET NAMES utf8 */;
/*!40103 SET @OLD_TIME_ZONE=@@TIME_ZONE */;
/*!40103 SET TIME_ZONE='+00:00' */;
/*!40014 SET @OLD_UNIQUE_CHECKS=@@UNIQUE_CHECKS, UNIQUE_CHECKS=0 */;
/*!40014 SET @OLD_FOREIGN_KEY_CHECKS=@@FOREIGN_KEY_CHECKS, FOREIGN_KEY_CHECKS=0 */;
/*!40101 SET @OLD_SQL_MODE=@@SQL_MODE, SQL_MODE='NO_AUTO_VALUE_ON_ZERO' */;
/*!40111 SET @OLD_SQL_NOTES=@@SQL_NOTES, SQL_NOTES=0 */;

--
-- Table structure for table `communities`
--

DROP TABLE IF EXISTS `communities`;
/*!40101 SET @saved_cs_client     = @@character_set_client */;
/*!40101 SET character_set_client = utf8 */;
CREATE TABLE `communities` (
  `id` int unsigned NOT NULL AUTO_INCREMENT,
  `name` varchar(150) CHARACTER SET utf8 COLLATE utf8_unicode_ci NOT NULL,
  PRIMARY KEY (`id`),
  UNIQUE KEY `name` (`name`)
) ENGINE=InnoDB AUTO_INCREMENT=11 DEFAULT CHARSET=utf8 COLLATE=utf8_unicode_ci;
/*!40101 SET character_set_client = @saved_cs_client */;

--
-- Dumping data for table `communities`
--

LOCK TABLES `communities` WRITE;
/*!40000 ALTER TABLE `communities` DISABLE KEYS */;
INSERT INTO `communities` VALUES (1,'aut'),(8,'dignissimos'),(4,'ducimus'),(6,'enim'),(2,'et'),(7,'expedita'),(5,'id'),(9,'sint'),(3,'sit'),(10,'ut');
/*!40000 ALTER TABLE `communities` ENABLE KEYS */;
UNLOCK TABLES;

--
-- Table structure for table `communities_users`
--

DROP TABLE IF EXISTS `communities_users`;
/*!40101 SET @saved_cs_client     = @@character_set_client */;
/*!40101 SET character_set_client = utf8 */;
CREATE TABLE `communities_users` (
  `community_id` int unsigned NOT NULL,
  `user_id` int unsigned NOT NULL,
  PRIMARY KEY (`community_id`,`user_id`),
  KEY `communities_users_user_id_fk` (`user_id`),
  CONSTRAINT `communities_users_community_id_fk` FOREIGN KEY (`community_id`) REFERENCES `communities` (`id`),
  CONSTRAINT `communities_users_user_id_fk` FOREIGN KEY (`user_id`) REFERENCES `users` (`id`)
) ENGINE=InnoDB DEFAULT CHARSET=utf8 COLLATE=utf8_unicode_ci;
/*!40101 SET character_set_client = @saved_cs_client */;

--
-- Dumping data for table `communities_users`
--

LOCK TABLES `communities_users` WRITE;
/*!40000 ALTER TABLE `communities_users` DISABLE KEYS */;
INSERT INTO `communities_users` VALUES (3,1),(1,2),(4,2),(3,3),(6,3),(8,3),(1,5),(3,5),(7,5),(9,5),(5,6),(6,6),(3,7),(6,10),(7,10),(7,11),(8,11),(10,11),(8,12),(7,14),(9,14),(10,15),(4,16),(8,16),(5,17),(2,18),(9,18),(5,20),(9,20),(6,22),(4,25),(1,27),(6,27),(1,30),(1,31),(5,31),(10,31),(1,32),(2,32),(6,33),(8,33),(3,34),(5,35),(5,36),(7,36),(10,36),(2,37),(3,37),(2,38),(7,38),(8,38),(2,39),(3,39),(8,39),(1,40),(5,40),(6,40),(6,41),(5,42),(7,43),(9,43),(1,45),(5,45),(9,46),(5,48),(6,48),(8,48),(5,50),(7,52),(9,53),(7,54),(3,55),(4,57),(5,57),(2,59),(3,59),(4,59),(5,59),(6,59),(5,60),(4,61),(5,62),(9,62),(6,63),(8,64),(7,65),(2,66),(3,66),(4,66),(7,67),(8,67),(3,68),(9,68),(7,69),(6,70),(9,70),(6,72),(10,72),(1,73),(4,73),(5,73),(9,74),(3,75),(3,76),(4,76),(8,76),(8,77),(2,78),(4,79),(7,79),(10,79),(3,81),(5,81),(1,82),(2,82),(7,83),(1,84),(3,84),(1,87),(7,87),(3,88),(4,88),(3,89),(5,89),(10,89),(1,90),(7,90),(9,90),(3,91),(4,92),(5,92),(8,92),(2,93),(5,94),(10,94),(2,99),(10,99),(8,100);
/*!40000 ALTER TABLE `communities_users` ENABLE KEYS */;
UNLOCK TABLES;

--
-- Table structure for table `friendship`
--

DROP TABLE IF EXISTS `friendship`;
/*!40101 SET @saved_cs_client     = @@character_set_client */;
/*!40101 SET character_set_client = utf8 */;
CREATE TABLE `friendship` (
  `user_id` int unsigned NOT NULL,
  `friend_id` int unsigned NOT NULL,
  `status_id` int unsigned NOT NULL,
  `requested_at` datetime DEFAULT CURRENT_TIMESTAMP,
  `confirmed_at` datetime DEFAULT NULL,
  PRIMARY KEY (`user_id`,`friend_id`),
  KEY `friendship_friend_id_fk` (`friend_id`),
  KEY `friendship_status_id_fk` (`status_id`),
  CONSTRAINT `friendship_friend_id_fk` FOREIGN KEY (`friend_id`) REFERENCES `users` (`id`),
  CONSTRAINT `friendship_status_id_fk` FOREIGN KEY (`status_id`) REFERENCES `friendship_statuses` (`id`),
  CONSTRAINT `friendship_user_id_fk` FOREIGN KEY (`user_id`) REFERENCES `users` (`id`)
) ENGINE=InnoDB DEFAULT CHARSET=utf8 COLLATE=utf8_unicode_ci;
/*!40101 SET character_set_client = @saved_cs_client */;

--
-- Dumping data for table `friendship`
--

LOCK TABLES `friendship` WRITE;
/*!40000 ALTER TABLE `friendship` DISABLE KEYS */;
INSERT INTO `friendship` VALUES (2,39,1,'2014-03-03 17:58:06','2018-02-14 22:32:52'),(3,18,2,'2016-10-11 06:38:04','2020-04-28 21:18:20'),(3,86,2,'2018-05-26 19:11:27','2020-04-28 21:18:20'),(4,40,3,'2016-11-17 14:32:18','2020-04-28 21:18:20'),(4,51,3,'2014-12-28 06:09:47','2019-12-08 17:26:13'),(6,66,2,'2019-05-30 04:48:00','2020-04-28 21:18:20'),(6,91,2,'2019-05-11 13:35:13','2020-04-28 21:18:20'),(6,93,2,'2019-06-04 18:26:35','2020-04-28 21:18:20'),(7,2,1,'2012-11-30 03:28:50','2020-04-28 21:18:20'),(12,49,1,'2016-03-04 21:33:52','2020-04-28 21:18:20'),(13,11,2,'2015-10-03 19:27:08','2017-02-16 15:05:49'),(13,87,2,'2016-04-21 05:08:59','2017-07-12 21:57:50'),(14,15,1,'2014-10-19 20:55:16','2020-04-28 21:18:20'),(14,42,1,'2014-04-28 14:56:12','2019-09-27 11:46:05'),(14,69,1,'2012-07-10 09:19:00','2012-11-17 18:47:01'),(16,2,2,'2014-03-27 08:47:03','2017-08-12 13:46:04'),(16,62,1,'2015-04-24 13:32:43','2018-01-20 05:24:00'),(16,88,3,'2016-11-16 14:45:44','2020-04-28 21:18:20'),(18,1,1,'2016-05-13 01:05:47','2016-08-24 14:39:18'),(20,66,2,'2017-02-23 00:36:54','2020-04-28 21:18:20'),(20,92,1,'2017-06-02 07:58:30','2020-04-28 21:18:20'),(22,43,2,'2013-05-09 14:39:18','2017-01-28 04:02:19'),(23,98,2,'2016-08-12 21:42:50','2017-01-09 18:58:59'),(25,65,3,'2015-03-11 03:01:49','2020-04-28 21:18:20'),(26,46,2,'2017-01-13 01:12:45','2020-04-28 21:18:20'),(26,69,2,'2012-08-22 07:04:59','2019-11-26 12:19:33'),(28,36,3,'2016-01-04 02:24:10','2020-04-28 21:18:20'),(29,29,1,'2013-12-24 08:37:20','2018-12-06 00:09:09'),(29,98,2,'2015-09-14 02:21:21','2016-04-26 06:28:42'),(30,36,2,'2014-04-09 19:50:48','2016-12-28 13:05:15'),(30,82,3,'2017-05-13 04:05:46','2018-08-24 05:14:54'),(33,21,1,'2012-06-29 12:42:25','2015-04-25 01:45:38'),(33,39,1,'2015-11-30 20:04:23','2018-12-22 15:55:35'),(34,39,1,'2017-05-23 03:34:38','2020-04-28 21:18:20'),(36,49,3,'2015-02-15 00:16:02','2018-05-06 20:11:48'),(37,97,3,'2014-05-22 22:03:53','2016-11-17 20:26:20'),(41,33,3,'2015-03-05 05:42:02','2018-10-25 01:43:58'),(41,36,1,'2014-11-25 15:31:19','2018-08-09 06:05:43'),(41,42,2,'2013-11-17 09:47:08','2015-11-18 20:45:26'),(42,47,2,'2012-12-15 15:21:11','2020-04-28 21:18:20'),(43,4,1,'2012-06-29 10:58:03','2020-04-28 21:18:20'),(44,73,2,'2010-07-31 22:33:53','2017-07-04 06:26:45'),(46,32,1,'2010-06-06 17:27:25','2016-10-29 00:30:54'),(48,66,3,'2011-04-19 01:58:04','2014-03-19 00:28:54'),(50,17,1,'2013-12-23 04:15:04','2019-11-23 14:01:29'),(51,2,3,'2019-06-14 05:50:55','2019-08-25 11:57:09'),(51,52,1,'2017-11-06 08:29:16','2020-04-28 21:18:20'),(52,88,2,'2017-07-10 00:58:06','2020-04-28 21:18:20'),(54,46,3,'2015-08-20 05:31:04','2020-04-28 21:18:20'),(54,94,2,'2013-12-12 03:26:50','2018-10-05 07:57:30'),(56,53,1,'2010-08-27 00:33:51','2011-10-01 04:49:02'),(57,6,1,'2012-06-12 02:35:16','2020-04-28 21:18:20'),(58,55,1,'2013-11-05 10:34:35','2015-08-14 04:26:12'),(59,84,2,'2019-10-11 21:29:53','2020-04-28 21:18:20'),(59,86,3,'2020-01-31 10:13:05','2020-04-28 21:18:20'),(60,66,2,'2013-12-19 16:46:42','2017-12-06 15:12:18'),(62,31,2,'2019-04-13 12:57:40','2020-04-28 21:18:20'),(63,14,2,'2019-07-21 06:37:54','2020-04-28 21:18:20'),(63,37,2,'2017-04-26 17:06:51','2020-04-28 21:18:20'),(65,67,1,'2013-03-27 19:09:26','2018-08-18 12:57:08'),(66,88,3,'2013-01-15 16:22:42','2020-04-28 21:18:20'),(67,6,2,'2012-09-04 16:39:24','2019-09-25 12:38:15'),(67,100,1,'2015-06-15 19:56:43','2016-09-07 16:54:08'),(68,23,3,'2020-01-26 05:33:30','2020-04-28 21:18:20'),(70,57,2,'2014-08-14 14:36:57','2020-04-28 21:18:20'),(71,10,1,'2013-12-31 00:40:42','2015-06-05 23:47:13'),(71,12,3,'2016-08-02 23:33:50','2020-03-01 08:53:55'),(71,22,3,'2019-10-15 08:51:33','2020-04-28 21:18:20'),(72,87,3,'2011-08-23 11:43:45','2019-10-06 15:33:23'),(73,81,1,'2020-01-23 14:22:20','2020-04-28 21:18:20'),(74,44,1,'2010-09-20 09:17:13','2018-01-15 05:52:26'),(75,20,2,'2017-05-17 06:24:29','2018-12-02 10:35:19'),(75,94,1,'2014-08-25 02:02:48','2020-04-28 21:18:20'),(76,53,3,'2016-09-26 20:12:11','2020-04-28 21:18:20'),(77,40,3,'2014-07-30 13:38:50','2020-04-28 21:18:20'),(78,54,2,'2016-06-12 19:09:35','2017-10-30 21:05:26'),(81,59,2,'2019-01-04 01:27:58','2020-04-28 21:18:20'),(83,17,3,'2018-09-11 11:23:15','2020-04-28 21:18:20'),(83,60,1,'2015-05-04 16:12:32','2020-03-01 03:36:57'),(83,97,1,'2013-02-09 03:32:55','2020-04-28 21:18:20'),(84,41,3,'2013-09-29 13:51:58','2020-02-15 07:28:12'),(86,24,2,'2018-10-23 13:55:57','2019-04-06 18:50:33'),(87,34,1,'2018-05-23 00:10:41','2020-04-28 21:18:20'),(87,62,1,'2016-12-19 01:33:40','2018-08-27 04:25:44'),(90,43,3,'2014-04-24 17:50:27','2020-04-28 21:18:20'),(90,70,3,'2019-04-15 08:42:03','2020-04-28 21:18:20'),(92,31,3,'2019-05-13 06:32:15','2020-04-28 21:18:20'),(92,83,2,'2019-08-02 06:44:18','2020-04-28 21:18:20'),(93,94,1,'2014-07-30 10:20:41','2015-11-06 00:40:26'),(95,94,2,'2018-12-19 13:03:58','2020-04-28 21:18:20'),(96,31,2,'2016-03-09 18:34:38','2018-04-25 09:09:43'),(96,52,3,'2018-01-14 11:45:36','2020-04-28 21:18:20'),(96,97,1,'2013-02-20 14:37:15','2020-01-08 01:52:22'),(98,30,1,'2013-08-08 00:18:46','2019-08-30 18:32:54'),(98,34,3,'2014-03-29 19:35:11','2020-02-26 00:03:03'),(98,77,1,'2012-09-28 08:49:55','2020-04-28 21:18:20'),(98,98,2,'2013-09-03 03:22:31','2020-04-28 21:18:20'),(99,20,2,'2011-09-11 23:16:05','2012-12-27 11:46:28'),(99,56,2,'2011-12-20 12:17:52','2019-02-22 23:36:37'),(99,72,3,'2020-03-18 13:50:10','2020-04-28 21:18:20');
/*!40000 ALTER TABLE `friendship` ENABLE KEYS */;
UNLOCK TABLES;

--
-- Table structure for table `friendship_statuses`
--

DROP TABLE IF EXISTS `friendship_statuses`;
/*!40101 SET @saved_cs_client     = @@character_set_client */;
/*!40101 SET character_set_client = utf8 */;
CREATE TABLE `friendship_statuses` (
  `id` int unsigned NOT NULL AUTO_INCREMENT,
  `name` varchar(150) CHARACTER SET utf8 COLLATE utf8_unicode_ci NOT NULL,
  PRIMARY KEY (`id`),
  UNIQUE KEY `name` (`name`)
) ENGINE=InnoDB AUTO_INCREMENT=4 DEFAULT CHARSET=utf8 COLLATE=utf8_unicode_ci;
/*!40101 SET character_set_client = @saved_cs_client */;

--
-- Dumping data for table `friendship_statuses`
--

LOCK TABLES `friendship_statuses` WRITE;
/*!40000 ALTER TABLE `friendship_statuses` DISABLE KEYS */;
INSERT INTO `friendship_statuses` VALUES (2,'Confirmed'),(3,'Rejected'),(1,'Requested');
/*!40000 ALTER TABLE `friendship_statuses` ENABLE KEYS */;
UNLOCK TABLES;

--
-- Table structure for table `likes`
--

DROP TABLE IF EXISTS `likes`;
/*!40101 SET @saved_cs_client     = @@character_set_client */;
/*!40101 SET character_set_client = utf8 */;
CREATE TABLE `likes` (
  `id` int unsigned NOT NULL AUTO_INCREMENT,
  `user_id` int unsigned NOT NULL,
  `target_id` int unsigned NOT NULL,
  `target_type_id` int unsigned NOT NULL,
  `created_at` datetime DEFAULT CURRENT_TIMESTAMP,
  PRIMARY KEY (`id`),
  KEY `likes_user_id_fk` (`user_id`),
  KEY `likes_target_type_id_fk` (`target_type_id`),
  KEY `likes_target_type_id_target_id_idx` (`target_type_id`,`target_id`),
  CONSTRAINT `likes_target_type_id_fk` FOREIGN KEY (`target_type_id`) REFERENCES `target_types` (`id`),
  CONSTRAINT `likes_user_id_fk` FOREIGN KEY (`user_id`) REFERENCES `users` (`id`)
) ENGINE=InnoDB AUTO_INCREMENT=101 DEFAULT CHARSET=utf8 COLLATE=utf8_unicode_ci;
/*!40101 SET character_set_client = @saved_cs_client */;

--
-- Dumping data for table `likes`
--

LOCK TABLES `likes` WRITE;
/*!40000 ALTER TABLE `likes` DISABLE KEYS */;
INSERT INTO `likes` VALUES (1,71,74,3,'2020-05-05 18:08:35'),(2,7,33,2,'2020-05-05 18:08:35'),(3,86,69,2,'2020-05-05 18:08:35'),(4,84,35,2,'2020-05-05 18:08:35'),(5,30,85,1,'2020-05-05 18:08:35'),(6,45,32,1,'2020-05-05 18:08:35'),(7,23,3,2,'2020-05-05 18:08:35'),(8,18,2,4,'2020-05-05 18:08:35'),(9,47,73,2,'2020-05-05 18:08:35'),(10,17,42,1,'2020-05-05 18:08:35'),(11,70,1,4,'2020-05-05 18:08:35'),(12,75,2,1,'2020-05-05 18:08:35'),(13,35,89,2,'2020-05-05 18:08:35'),(14,4,48,3,'2020-05-05 18:08:35'),(15,15,5,1,'2020-05-05 18:08:35'),(16,47,86,3,'2020-05-05 18:08:35'),(17,50,50,3,'2020-05-05 18:08:35'),(18,83,59,2,'2020-05-05 18:08:35'),(19,23,4,1,'2020-05-05 18:08:35'),(20,29,6,3,'2020-05-05 18:08:35'),(21,98,26,2,'2020-05-05 18:08:35'),(22,57,78,4,'2020-05-05 18:08:35'),(23,47,39,2,'2020-05-05 18:08:35'),(24,70,56,3,'2020-05-05 18:08:35'),(25,1,34,2,'2020-05-05 18:08:35'),(26,59,70,1,'2020-05-05 18:08:35'),(27,98,42,2,'2020-05-05 18:08:35'),(28,22,2,4,'2020-05-05 18:08:35'),(29,80,3,1,'2020-05-05 18:08:35'),(30,3,7,1,'2020-05-05 18:08:35'),(31,94,2,3,'2020-05-05 18:08:35'),(32,16,41,2,'2020-05-05 18:08:35'),(33,63,80,2,'2020-05-05 18:08:35'),(34,100,83,4,'2020-05-05 18:08:35'),(35,13,25,3,'2020-05-05 18:08:35'),(36,86,72,2,'2020-05-05 18:08:35'),(37,21,3,3,'2020-05-05 18:08:35'),(38,2,46,4,'2020-05-05 18:08:35'),(39,77,74,1,'2020-05-05 18:08:35'),(40,16,47,2,'2020-05-05 18:08:35'),(41,46,7,3,'2020-05-05 18:08:35'),(42,55,49,1,'2020-05-05 18:08:35'),(43,33,4,2,'2020-05-05 18:08:35'),(44,95,74,2,'2020-05-05 18:08:35'),(45,76,51,1,'2020-05-05 18:08:35'),(46,32,69,2,'2020-05-05 18:08:35'),(47,92,85,1,'2020-05-05 18:08:35'),(48,50,80,3,'2020-05-05 18:08:35'),(49,9,29,2,'2020-05-05 18:08:35'),(50,25,38,3,'2020-05-05 18:08:35'),(51,68,49,4,'2020-05-05 18:08:35'),(52,93,1,2,'2020-05-05 18:08:35'),(53,47,65,3,'2020-05-05 18:08:35'),(54,37,85,4,'2020-05-05 18:08:35'),(55,53,88,4,'2020-05-05 18:08:35'),(56,60,26,4,'2020-05-05 18:08:35'),(57,22,43,4,'2020-05-05 18:08:35'),(58,98,5,1,'2020-05-05 18:08:35'),(59,60,58,1,'2020-05-05 18:08:35'),(60,21,36,2,'2020-05-05 18:08:35'),(61,47,45,2,'2020-05-05 18:08:35'),(62,33,86,4,'2020-05-05 18:08:35'),(63,72,2,2,'2020-05-05 18:08:35'),(64,95,50,3,'2020-05-05 18:08:35'),(65,42,39,1,'2020-05-05 18:08:35'),(66,12,79,1,'2020-05-05 18:08:35'),(67,53,44,4,'2020-05-05 18:08:35'),(68,14,58,3,'2020-05-05 18:08:35'),(69,41,41,2,'2020-05-05 18:08:35'),(70,22,3,4,'2020-05-05 18:08:35'),(71,62,43,4,'2020-05-05 18:08:35'),(72,91,30,2,'2020-05-05 18:08:35'),(73,67,4,2,'2020-05-05 18:08:35'),(74,41,81,3,'2020-05-05 18:08:35'),(75,34,59,1,'2020-05-05 18:08:35'),(76,4,80,1,'2020-05-05 18:08:35'),(77,21,86,4,'2020-05-05 18:08:35'),(78,36,81,2,'2020-05-05 18:08:35'),(79,24,80,1,'2020-05-05 18:08:35'),(80,14,31,2,'2020-05-05 18:08:35'),(81,58,81,2,'2020-05-05 18:08:35'),(82,9,28,3,'2020-05-05 18:08:35'),(83,34,47,4,'2020-05-05 18:08:35'),(84,89,36,1,'2020-05-05 18:08:35'),(85,13,77,2,'2020-05-05 18:08:35'),(86,80,85,4,'2020-05-05 18:08:35'),(87,49,20,4,'2020-05-05 18:08:35'),(88,92,80,1,'2020-05-05 18:08:35'),(89,49,5,1,'2020-05-05 18:08:35'),(90,27,51,3,'2020-05-05 18:08:35'),(91,6,83,3,'2020-05-05 18:08:35'),(92,65,73,3,'2020-05-05 18:08:35'),(93,31,7,4,'2020-05-05 18:08:35'),(94,16,1,1,'2020-05-05 18:08:35'),(95,41,83,3,'2020-05-05 18:08:35'),(96,65,80,1,'2020-05-05 18:08:35'),(97,55,20,4,'2020-05-05 18:08:35'),(98,91,61,3,'2020-05-05 18:08:35'),(99,65,53,3,'2020-05-05 18:08:35'),(100,2,1,4,'2020-05-05 18:08:35');
/*!40000 ALTER TABLE `likes` ENABLE KEYS */;
UNLOCK TABLES;
/*!50003 SET @saved_cs_client      = @@character_set_client */ ;
/*!50003 SET @saved_cs_results     = @@character_set_results */ ;
/*!50003 SET @saved_col_connection = @@collation_connection */ ;
/*!50003 SET character_set_client  = utf8mb4 */ ;
/*!50003 SET character_set_results = utf8mb4 */ ;
/*!50003 SET collation_connection  = utf8mb4_0900_ai_ci */ ;
/*!50003 SET @saved_sql_mode       = @@sql_mode */ ;
/*!50003 SET sql_mode              = 'ONLY_FULL_GROUP_BY,STRICT_TRANS_TABLES,NO_ZERO_IN_DATE,NO_ZERO_DATE,ERROR_FOR_DIVISION_BY_ZERO,NO_ENGINE_SUBSTITUTION' */ ;
DELIMITER ;;
/*!50003 CREATE*/ /*!50017 DEFINER=`root`@`localhost`*/ /*!50003 TRIGGER `likes_validation` BEFORE INSERT ON `likes` FOR EACH ROW BEGIN
  IF !is_row_exists(NEW.target_id, NEW.target_type_id) THEN
    SIGNAL SQLSTATE "45000"
    SET MESSAGE_TEXT = "Error adding like! Target table doesn't contain row id provided!";
  END IF;
END */;;
DELIMITER ;
/*!50003 SET sql_mode              = @saved_sql_mode */ ;
/*!50003 SET character_set_client  = @saved_cs_client */ ;
/*!50003 SET character_set_results = @saved_cs_results */ ;
/*!50003 SET collation_connection  = @saved_col_connection */ ;

--
-- Table structure for table `media`
--

DROP TABLE IF EXISTS `media`;
/*!40101 SET @saved_cs_client     = @@character_set_client */;
/*!40101 SET character_set_client = utf8 */;
CREATE TABLE `media` (
  `id` int unsigned NOT NULL AUTO_INCREMENT,
  `media_type_id` int unsigned NOT NULL,
  `user_id` int unsigned NOT NULL,
  `filename` varchar(255) CHARACTER SET utf8 COLLATE utf8_unicode_ci NOT NULL,
  `size` int NOT NULL,
  `metadata` json DEFAULT NULL,
  `created_at` datetime DEFAULT CURRENT_TIMESTAMP,
  `updated_at` datetime DEFAULT CURRENT_TIMESTAMP ON UPDATE CURRENT_TIMESTAMP,
  PRIMARY KEY (`id`),
  KEY `media_user_id_fk` (`user_id`),
  KEY `media_media_type_id_fk` (`media_type_id`),
  KEY `media_user_id_media_type_id_idx` (`user_id`,`media_type_id`),
  CONSTRAINT `media_media_type_id_fk` FOREIGN KEY (`media_type_id`) REFERENCES `media_types` (`id`),
  CONSTRAINT `media_user_id_fk` FOREIGN KEY (`user_id`) REFERENCES `users` (`id`)
) ENGINE=InnoDB AUTO_INCREMENT=101 DEFAULT CHARSET=utf8 COLLATE=utf8_unicode_ci;
/*!40101 SET character_set_client = @saved_cs_client */;

--
-- Dumping data for table `media`
--

LOCK TABLES `media` WRITE;
/*!40000 ALTER TABLE `media` DISABLE KEYS */;
INSERT INTO `media` VALUES (1,2,94,'https://dropbox/vk/autem.jpeg',8281,'{\"owner\": \"Maybelle Schiller\"}','2014-06-09 06:02:20','2020-05-05 13:31:28'),(2,1,85,'https://dropbox/vk/qui.jpeg',9053,'{\"owner\": \"Marie Morissette\"}','2018-10-07 04:56:37','2020-05-05 13:31:28'),(3,2,24,'https://dropbox/vk/voluptatibus.avi',235236,'{\"owner\": \"Ubaldo Gleason\"}','2018-10-07 03:15:41','2020-05-05 13:31:28'),(4,3,38,'https://dropbox/vk/qui.jpeg',28335,'{\"owner\": \"Noelia Roberts\"}','2016-08-19 03:33:53','2020-05-05 13:31:28'),(5,2,25,'https://dropbox/vk/ea.avi',425969,'{\"owner\": \"Kendrick Hansen\"}','2016-01-17 13:18:55','2020-05-05 13:31:28'),(6,3,23,'https://dropbox/vk/ut.avi',74206,'{\"owner\": \"Walker Leuschke\"}','2012-08-24 05:40:23','2020-05-05 13:31:28'),(7,3,52,'https://dropbox/vk/quidem.avi',957687894,'{\"owner\": \"Daniela Rempel\"}','2011-12-14 15:12:10','2020-05-05 13:31:28'),(8,3,73,'https://dropbox/vk/iste.jpeg',66524,'{\"owner\": \"Verla Barrows\"}','2010-12-05 00:10:18','2020-05-05 13:31:28'),(9,2,29,'https://dropbox/vk/dolor.avi',34838,'{\"owner\": \"Arielle Shields\"}','2020-02-26 07:56:15','2020-05-05 13:31:28'),(10,2,6,'https://dropbox/vk/sed.png',46875662,'{\"owner\": \"Flo DuBuque\"}','2010-08-05 02:35:15','2020-05-05 13:31:28'),(11,3,21,'https://dropbox/vk/facilis.png',886285,'{\"owner\": \"Kyleigh Kilback\"}','2016-02-18 09:37:18','2020-05-05 13:31:28'),(12,1,16,'https://dropbox/vk/repellendus.png',316912,'{\"owner\": \"Janice Hansen\"}','2020-02-18 01:59:22','2020-05-05 13:31:28'),(13,1,27,'https://dropbox/vk/autem.mprg',915706,'{\"owner\": \"Oleta Hodkiewicz\"}','2014-03-01 05:31:37','2020-05-05 13:31:28'),(14,2,55,'https://dropbox/vk/autem.png',262675914,'{\"owner\": \"Noble Ferry\"}','2014-07-08 11:19:07','2020-05-05 13:31:28'),(15,3,61,'https://dropbox/vk/tenetur.avi',8804,'{\"owner\": \"Branson Jerde\"}','2017-02-09 21:43:50','2020-05-05 13:31:28'),(16,1,20,'https://dropbox/vk/quis.jpeg',9046470,'{\"owner\": \"Janet Davis\"}','2012-12-11 07:01:35','2020-05-05 13:31:28'),(17,1,29,'https://dropbox/vk/consequatur.png',617793,'{\"owner\": \"Arielle Shields\"}','2017-03-11 14:49:50','2020-05-05 13:31:28'),(18,1,50,'https://dropbox/vk/velit.mprg',153475,'{\"owner\": \"Annabelle Beatty\"}','2013-05-11 02:40:36','2020-05-05 13:31:28'),(19,1,69,'https://dropbox/vk/rerum.avi',331849,'{\"owner\": \"Christa Bednar\"}','2012-05-11 16:43:05','2020-05-05 13:31:28'),(20,1,3,'https://dropbox/vk/sed.avi',795864,'{\"owner\": \"Wilbert Hintz\"}','2015-08-17 00:08:18','2020-05-05 13:31:28'),(21,2,84,'https://dropbox/vk/corporis.jpeg',65894,'{\"owner\": \"Margaretta Kris\"}','2010-09-02 17:50:32','2020-05-05 13:31:28'),(22,3,39,'https://dropbox/vk/cupiditate.jpeg',973777,'{\"owner\": \"Aiden Beier\"}','2019-02-05 19:31:35','2020-05-05 13:31:28'),(23,1,70,'https://dropbox/vk/sit.jpeg',827303,'{\"owner\": \"Carlee Schmidt\"}','2016-01-20 16:47:33','2020-05-05 13:31:28'),(24,1,15,'https://dropbox/vk/accusamus.mprg',8229,'{\"owner\": \"Bernadette Schuster\"}','2018-11-06 07:15:48','2020-05-05 13:31:28'),(25,1,14,'https://dropbox/vk/amet.jpeg',471292,'{\"owner\": \"Jeanie Koch\"}','2015-12-22 05:38:53','2020-05-05 13:31:28'),(26,2,24,'https://dropbox/vk/sit.jpeg',9443,'{\"owner\": \"Ubaldo Gleason\"}','2015-03-31 05:31:50','2020-05-05 13:31:28'),(27,1,90,'https://dropbox/vk/quia.png',4255,'{\"owner\": \"Carleton Gibson\"}','2011-11-25 15:24:46','2020-05-05 13:31:28'),(28,1,7,'https://dropbox/vk/eligendi.avi',688901,'{\"owner\": \"Deron Langworth\"}','2013-12-11 03:41:03','2020-05-05 13:31:28'),(29,2,16,'https://dropbox/vk/et.jpeg',425128,'{\"owner\": \"Janice Hansen\"}','2014-04-07 07:33:50','2020-05-05 13:31:28'),(30,2,67,'https://dropbox/vk/et.avi',62083438,'{\"owner\": \"Ephraim Cassin\"}','2013-02-17 03:59:48','2020-05-05 13:31:28'),(31,2,65,'https://dropbox/vk/dolore.avi',3846945,'{\"owner\": \"Colleen Bauch\"}','2018-05-05 04:25:09','2020-05-05 13:31:28'),(32,1,30,'https://dropbox/vk/rem.png',701766,'{\"owner\": \"Ursula Jast\"}','2017-08-21 20:13:29','2020-05-05 13:31:28'),(33,3,90,'https://dropbox/vk/optio.mprg',5435296,'{\"owner\": \"Carleton Gibson\"}','2013-06-18 09:04:41','2020-05-05 13:31:28'),(34,3,45,'https://dropbox/vk/ab.jpeg',170381,'{\"owner\": \"Rossie Wyman\"}','2014-12-08 09:02:48','2020-05-05 13:31:28'),(35,1,66,'https://dropbox/vk/nostrum.png',223448,'{\"owner\": \"Benedict Walker\"}','2016-07-28 05:07:05','2020-05-05 13:31:28'),(36,1,52,'https://dropbox/vk/ipsa.mprg',44719,'{\"owner\": \"Daniela Rempel\"}','2010-06-08 11:10:20','2020-05-05 13:31:28'),(37,3,73,'https://dropbox/vk/amet.avi',4919703,'{\"owner\": \"Verla Barrows\"}','2016-07-26 14:03:14','2020-05-05 13:31:28'),(38,3,83,'https://dropbox/vk/aut.png',1001942,'{\"owner\": \"Destin Hoeger\"}','2014-03-07 16:40:47','2020-05-05 13:31:28'),(39,3,1,'https://dropbox/vk/mollitia.mprg',8282,'{\"owner\": \"Selina Herzog\"}','2019-08-04 15:33:57','2020-05-05 13:31:28'),(40,3,40,'https://dropbox/vk/ipsum.avi',190349573,'{\"owner\": \"Faye Ankunding\"}','2013-07-11 06:09:35','2020-05-05 13:31:28'),(41,1,18,'https://dropbox/vk/repudiandae.mprg',490354,'{\"owner\": \"Francesca Deckow\"}','2019-08-25 05:09:55','2020-05-05 13:31:28'),(42,3,49,'https://dropbox/vk/excepturi.mprg',329365,'{\"owner\": \"Mariela Lang\"}','2019-07-10 01:19:10','2020-05-05 13:31:28'),(43,1,1,'https://dropbox/vk/architecto.jpeg',631000,'{\"owner\": \"Selina Herzog\"}','2014-07-26 03:33:10','2020-05-05 13:31:28'),(44,1,23,'https://dropbox/vk/pariatur.png',156906,'{\"owner\": \"Walker Leuschke\"}','2011-06-05 19:53:47','2020-05-05 13:31:28'),(45,2,17,'https://dropbox/vk/earum.mprg',61318,'{\"owner\": \"Stephania Howe\"}','2017-10-08 07:28:40','2020-05-05 13:31:28'),(46,1,92,'https://dropbox/vk/sit.mprg',37453403,'{\"owner\": \"Isabella Muller\"}','2013-10-01 18:18:25','2020-05-05 13:31:28'),(47,2,76,'https://dropbox/vk/voluptatem.mprg',881530,'{\"owner\": \"Lottie Mann\"}','2015-02-20 14:36:36','2020-05-05 13:31:28'),(48,2,73,'https://dropbox/vk/velit.jpeg',48329599,'{\"owner\": \"Verla Barrows\"}','2015-07-12 15:49:39','2020-05-05 13:31:28'),(49,2,99,'https://dropbox/vk/et.jpeg',2306581,'{\"owner\": \"Roberta Dickens\"}','2017-09-17 06:14:33','2020-05-05 13:31:28'),(50,2,24,'https://dropbox/vk/ea.jpeg',926931,'{\"owner\": \"Ubaldo Gleason\"}','2016-09-18 01:01:41','2020-05-05 13:31:28'),(51,3,65,'https://dropbox/vk/delectus.jpeg',199500,'{\"owner\": \"Colleen Bauch\"}','2013-02-20 10:30:34','2020-05-05 13:31:28'),(52,1,12,'https://dropbox/vk/enim.png',87134,'{\"owner\": \"Joelle Casper\"}','2017-09-26 03:38:51','2020-05-05 13:31:28'),(53,1,64,'https://dropbox/vk/suscipit.avi',980068,'{\"owner\": \"Claudie Gutkowski\"}','2016-08-17 03:52:37','2020-05-05 13:31:28'),(54,1,79,'https://dropbox/vk/quidem.jpeg',109547,'{\"owner\": \"Lisette Koelpin\"}','2011-02-04 09:54:08','2020-05-05 13:31:28'),(55,2,92,'https://dropbox/vk/reiciendis.png',5931949,'{\"owner\": \"Isabella Muller\"}','2019-05-02 10:13:30','2020-05-05 13:31:28'),(56,3,79,'https://dropbox/vk/itaque.avi',597533,'{\"owner\": \"Lisette Koelpin\"}','2018-11-12 12:00:16','2020-05-05 13:31:28'),(57,2,82,'https://dropbox/vk/quibusdam.mprg',56625466,'{\"owner\": \"Courtney Brown\"}','2019-10-02 21:41:25','2020-05-05 13:31:28'),(58,1,16,'https://dropbox/vk/eligendi.mprg',6090652,'{\"owner\": \"Janice Hansen\"}','2011-11-27 18:47:55','2020-05-05 13:31:28'),(59,2,82,'https://dropbox/vk/reprehenderit.avi',24336,'{\"owner\": \"Courtney Brown\"}','2015-09-23 22:54:31','2020-05-05 13:31:28'),(60,2,98,'https://dropbox/vk/nisi.mprg',87976,'{\"owner\": \"Marcel Corwin\"}','2013-03-02 22:14:56','2020-05-05 13:31:28'),(61,2,28,'https://dropbox/vk/vitae.jpeg',649025,'{\"owner\": \"Oleta Stanton\"}','2016-03-11 14:03:15','2020-05-05 13:31:28'),(62,3,79,'https://dropbox/vk/harum.jpeg',6285753,'{\"owner\": \"Lisette Koelpin\"}','2015-07-07 04:10:13','2020-05-05 13:31:28'),(63,1,10,'https://dropbox/vk/repellat.jpeg',8824829,'{\"owner\": \"Rosario Dach\"}','2019-03-13 04:08:14','2020-05-05 13:31:28'),(64,3,70,'https://dropbox/vk/quia.avi',442526,'{\"owner\": \"Carlee Schmidt\"}','2017-07-15 16:16:04','2020-05-05 13:31:28'),(65,2,69,'https://dropbox/vk/quo.png',255557,'{\"owner\": \"Christa Bednar\"}','2015-01-17 08:15:26','2020-05-05 13:31:28'),(66,1,71,'https://dropbox/vk/ut.mprg',3834630,'{\"owner\": \"Otis Wiegand\"}','2014-09-06 10:32:25','2020-05-05 13:31:28'),(67,2,68,'https://dropbox/vk/incidunt.mprg',2299,'{\"owner\": \"Wilford Boyer\"}','2014-01-24 12:32:03','2020-05-05 13:31:28'),(68,2,70,'https://dropbox/vk/nihil.png',5396757,'{\"owner\": \"Carlee Schmidt\"}','2016-07-07 00:12:48','2020-05-05 13:31:28'),(69,3,78,'https://dropbox/vk/qui.avi',1906,'{\"owner\": \"Augustus Nicolas\"}','2019-05-27 20:48:04','2020-05-05 13:31:28'),(70,2,96,'https://dropbox/vk/nemo.mprg',940204,'{\"owner\": \"Christa Macejkovic\"}','2012-12-09 23:44:09','2020-05-05 13:31:28'),(71,1,67,'https://dropbox/vk/autem.mprg',924353,'{\"owner\": \"Ephraim Cassin\"}','2019-01-18 23:36:57','2020-05-05 13:31:28'),(72,3,78,'https://dropbox/vk/voluptate.mprg',791152,'{\"owner\": \"Augustus Nicolas\"}','2017-04-06 04:09:22','2020-05-05 13:31:28'),(73,3,1,'https://dropbox/vk/quia.avi',9132672,'{\"owner\": \"Selina Herzog\"}','2017-02-17 06:16:31','2020-05-05 13:31:28'),(74,2,30,'https://dropbox/vk/cupiditate.png',172704,'{\"owner\": \"Ursula Jast\"}','2011-04-21 23:50:26','2020-05-05 13:31:28'),(75,1,32,'https://dropbox/vk/voluptatem.png',79596,'{\"owner\": \"Alexanne King\"}','2016-10-09 08:58:40','2020-05-05 13:31:28'),(76,2,80,'https://dropbox/vk/unde.png',480062,'{\"owner\": \"Abner McCullough\"}','2010-09-06 21:52:16','2020-05-05 13:31:28'),(77,2,17,'https://dropbox/vk/sit.mprg',872198,'{\"owner\": \"Stephania Howe\"}','2013-05-15 19:45:55','2020-05-05 13:31:28'),(78,3,63,'https://dropbox/vk/cumque.png',629685773,'{\"owner\": \"Crawford Hane\"}','2019-06-29 11:48:23','2020-05-05 13:31:28'),(79,1,9,'https://dropbox/vk/beatae.avi',910803,'{\"owner\": \"Alexandra Prosacco\"}','2018-01-07 13:31:03','2020-05-05 13:31:28'),(80,1,33,'https://dropbox/vk/deserunt.mprg',47338,'{\"owner\": \"Zackary Larson\"}','2012-07-05 04:10:43','2020-05-05 13:31:28'),(81,1,25,'https://dropbox/vk/earum.mprg',83731744,'{\"owner\": \"Kendrick Hansen\"}','2013-11-11 19:07:47','2020-05-05 13:31:28'),(82,2,10,'https://dropbox/vk/harum.png',927425,'{\"owner\": \"Rosario Dach\"}','2012-04-16 00:47:49','2020-05-05 13:31:28'),(83,1,87,'https://dropbox/vk/autem.mprg',2080,'{\"owner\": \"Sharon Simonis\"}','2015-09-24 21:08:50','2020-05-05 13:31:28'),(84,2,24,'https://dropbox/vk/dicta.jpeg',894715,'{\"owner\": \"Ubaldo Gleason\"}','2012-07-06 01:11:53','2020-05-05 13:31:28'),(85,3,28,'https://dropbox/vk/rerum.avi',98765668,'{\"owner\": \"Oleta Stanton\"}','2015-04-25 06:59:17','2020-05-05 13:31:28'),(86,3,32,'https://dropbox/vk/odit.mprg',681299,'{\"owner\": \"Alexanne King\"}','2018-09-22 14:15:06','2020-05-05 13:31:28'),(87,3,93,'https://dropbox/vk/sed.mprg',712350,'{\"owner\": \"Camden Simonis\"}','2014-04-21 21:10:05','2020-05-05 13:31:28'),(88,2,43,'https://dropbox/vk/corporis.avi',38333829,'{\"owner\": \"Dayton Larkin\"}','2012-01-23 13:34:23','2020-05-05 13:31:28'),(89,2,3,'https://dropbox/vk/a.mprg',756286,'{\"owner\": \"Wilbert Hintz\"}','2014-05-04 10:27:05','2020-05-05 13:31:28'),(90,3,75,'https://dropbox/vk/voluptate.png',87569,'{\"owner\": \"Earline Lueilwitz\"}','2018-03-13 15:37:27','2020-05-05 13:31:28'),(91,3,100,'https://dropbox/vk/enim.png',7746,'{\"owner\": \"Delpha Flatley\"}','2019-11-29 22:58:55','2020-05-05 13:31:28'),(92,3,94,'https://dropbox/vk/et.mprg',507857,'{\"owner\": \"Maybelle Schiller\"}','2015-12-18 14:07:30','2020-05-05 13:31:28'),(93,3,12,'https://dropbox/vk/et.png',511199535,'{\"owner\": \"Joelle Casper\"}','2016-12-01 10:42:59','2020-05-05 13:31:28'),(94,2,42,'https://dropbox/vk/fugit.jpeg',9538,'{\"owner\": \"Elena Reynolds\"}','2013-09-05 20:08:20','2020-05-05 13:31:28'),(95,3,89,'https://dropbox/vk/est.jpeg',55409,'{\"owner\": \"Fredrick Wiegand\"}','2014-01-29 14:39:39','2020-05-05 13:31:28'),(96,3,98,'https://dropbox/vk/error.avi',392232,'{\"owner\": \"Marcel Corwin\"}','2013-01-17 11:23:15','2020-05-05 13:31:28'),(97,2,78,'https://dropbox/vk/animi.mprg',107696,'{\"owner\": \"Augustus Nicolas\"}','2012-07-02 13:21:43','2020-05-05 13:31:28'),(98,1,6,'https://dropbox/vk/perspiciatis.mprg',27864388,'{\"owner\": \"Flo DuBuque\"}','2016-12-18 12:37:34','2020-05-05 13:31:28'),(99,2,87,'https://dropbox/vk/unde.avi',3889,'{\"owner\": \"Sharon Simonis\"}','2013-01-19 16:10:04','2020-05-05 13:31:28'),(100,2,28,'https://dropbox/vk/sint.avi',682722,'{\"owner\": \"Oleta Stanton\"}','2014-06-21 23:23:10','2020-05-05 13:31:28');
/*!40000 ALTER TABLE `media` ENABLE KEYS */;
UNLOCK TABLES;

--
-- Table structure for table `media_types`
--

DROP TABLE IF EXISTS `media_types`;
/*!40101 SET @saved_cs_client     = @@character_set_client */;
/*!40101 SET character_set_client = utf8 */;
CREATE TABLE `media_types` (
  `id` int unsigned NOT NULL AUTO_INCREMENT,
  `name` varchar(255) CHARACTER SET utf8 COLLATE utf8_unicode_ci NOT NULL,
  PRIMARY KEY (`id`),
  UNIQUE KEY `name` (`name`)
) ENGINE=InnoDB AUTO_INCREMENT=4 DEFAULT CHARSET=utf8 COLLATE=utf8_unicode_ci;
/*!40101 SET character_set_client = @saved_cs_client */;

--
-- Dumping data for table `media_types`
--

LOCK TABLES `media_types` WRITE;
/*!40000 ALTER TABLE `media_types` DISABLE KEYS */;
INSERT INTO `media_types` VALUES (3,'audio'),(1,'photo'),(2,'video');
/*!40000 ALTER TABLE `media_types` ENABLE KEYS */;
UNLOCK TABLES;

--
-- Table structure for table `messages`
--

DROP TABLE IF EXISTS `messages`;
/*!40101 SET @saved_cs_client     = @@character_set_client */;
/*!40101 SET character_set_client = utf8 */;
CREATE TABLE `messages` (
  `id` int unsigned NOT NULL AUTO_INCREMENT,
  `from_user_id` int unsigned NOT NULL,
  `to_user_id` int unsigned DEFAULT NULL,
  `community_id` int unsigned DEFAULT NULL,
  `body` text CHARACTER SET utf8 COLLATE utf8_unicode_ci NOT NULL,
  `is_important` tinyint(1) DEFAULT NULL,
  `is_delivered` tinyint(1) DEFAULT NULL,
  `created_at` datetime DEFAULT CURRENT_TIMESTAMP,
  PRIMARY KEY (`id`),
  KEY `messages_from_user_id_fk` (`from_user_id`),
  KEY `messages_to_user_id_fk` (`to_user_id`),
  KEY `messages_community_id_fk` (`community_id`),
  KEY `messages_from_user_id_to_user_id_idx` (`from_user_id`,`to_user_id`),
  CONSTRAINT `messages_community_id_fk` FOREIGN KEY (`community_id`) REFERENCES `communities` (`id`),
  CONSTRAINT `messages_from_user_id_fk` FOREIGN KEY (`from_user_id`) REFERENCES `users` (`id`),
  CONSTRAINT `messages_to_user_id_fk` FOREIGN KEY (`to_user_id`) REFERENCES `users` (`id`)
) ENGINE=InnoDB AUTO_INCREMENT=150 DEFAULT CHARSET=utf8 COLLATE=utf8_unicode_ci;
/*!40101 SET character_set_client = @saved_cs_client */;

--
-- Dumping data for table `messages`
--

LOCK TABLES `messages` WRITE;
/*!40000 ALTER TABLE `messages` DISABLE KEYS */;
INSERT INTO `messages` VALUES (1,38,77,8,'Aut expedita facere et qui. Quibusdam dolor magnam praesentium quibusdam. Ullam cupiditate rerum cupiditate non et pariatur reprehenderit nulla. Odio illo aliquid fuga debitis.',1,1,'2019-02-13 17:46:12'),(2,88,88,4,'Tempora consequatur ut quibusdam et maiores. Et autem dolore rem optio rem voluptatem dolores iste. Aut hic voluptatem earum sed asperiores. Ut occaecati sint quisquam autem quo nostrum qui quia.',0,1,'2015-04-17 12:10:16'),(3,51,25,NULL,'Nihil sit facilis exercitationem ut. Doloribus occaecati aut enim quam illum. Nostrum maiores voluptas facere laudantium amet laboriosam ea quaerat. Non quibusdam et commodi est.',0,0,'2015-10-01 13:30:51'),(4,43,5,NULL,'Enim quos nemo adipisci qui dolorem. Enim ratione autem soluta est ut libero modi eos. Reprehenderit repudiandae error iste sunt voluptatem sit quis officiis. Sequi quo nemo unde dolorem facilis.',1,1,'2012-08-28 10:10:19'),(5,48,64,8,'Est accusantium error accusamus a nihil vel. Et accusantium odio iure dolore ut et nam.',1,1,'2014-06-22 03:45:06'),(6,18,62,NULL,'Hic omnis voluptatem explicabo sed quod quaerat nisi magnam. Quo beatae quia alias assumenda sint odio. Eius ut fuga ab et et illo.',0,0,'2017-01-13 12:32:00'),(7,72,33,6,'Sunt labore et consequatur asperiores est laudantium omnis. Quia aut quia quos cupiditate quod sed cupiditate. Dignissimos illo nesciunt voluptatibus voluptas nemo eveniet dolorem qui.',1,0,'2015-12-14 04:49:55'),(8,85,18,NULL,'Impedit quis ex at non harum. Rerum provident ut animi et sed. Possimus rerum commodi aut laudantium maiores sequi et id.',0,0,'2011-01-30 07:10:53'),(9,82,42,NULL,'Praesentium fuga non maiores corrupti. Maxime enim velit tempore sequi. Corrupti animi nihil autem animi quis. Dolor quia inventore quia quae aut id.',0,1,'2017-01-23 21:29:42'),(10,44,NULL,NULL,'Ipsam est quia a tempore sunt nam. Eos officia non porro ipsa. Libero voluptatem debitis reiciendis dolorem eos tempora in. Distinctio non et placeat officia impedit voluptas eum.',0,1,'2015-02-11 17:14:53'),(11,77,48,8,'Autem sed nam possimus sit voluptatem. Molestiae alias voluptatum voluptatem ipsum aut ad. Deserunt soluta debitis dolore impedit. Ullam enim rerum molestiae.',1,1,'2019-08-20 22:15:33'),(12,74,46,9,'Sit rerum molestiae distinctio et est praesentium. Ducimus dolor quam delectus labore vel qui.',1,1,'2018-08-21 06:09:26'),(13,82,38,2,'Temporibus optio aut corrupti sed quam ratione voluptas distinctio. Tempore amet accusamus tenetur est quidem. Perferendis et corporis nobis nihil eaque. Optio nobis tenetur aut ea.',1,0,'2017-07-22 23:42:49'),(14,77,92,NULL,'Sit autem molestiae ipsam at in cumque quia. Deserunt in porro qui sed sit.',1,0,'2016-10-05 14:14:17'),(15,55,76,3,'Non eius enim voluptates sed nulla beatae. Rerum illum et tenetur dolorem voluptas voluptatem. Expedita repellat distinctio ea. Ratione dolorem optio vel facilis dolorem aspernatur ea.',1,1,'2019-10-12 13:23:58'),(16,97,31,NULL,'Asperiores omnis sed suscipit. Quibusdam modi vel rerum laboriosam repellat nihil. Sequi est consequatur assumenda molestiae.',1,1,'2010-12-28 17:32:49'),(17,64,39,8,'Earum iusto aut repellat eligendi aut sapiente quis fuga. Similique quis et rerum deleniti. Laborum et omnis consequatur distinctio necessitatibus sit ea modi.',0,0,'2012-06-03 22:42:18'),(18,32,88,NULL,'Deserunt nam sed dolorem corrupti nobis similique. Hic quia sed saepe ad vel est explicabo. Deleniti consectetur atque quisquam.',0,1,'2018-12-12 14:32:15'),(19,95,70,NULL,'A qui iste qui dolores. Fugiat nisi omnis magnam quia aut sit non. Aut ut sint iusto cumque rerum rerum. Omnis recusandae odio enim accusantium dicta.',0,1,'2015-03-09 16:58:21'),(20,59,88,4,'Et cupiditate error sed qui explicabo sed. Nihil voluptas velit sed impedit similique iusto hic ea. Cumque totam vel quasi nihil.',0,0,'2017-03-03 05:38:19'),(21,74,68,NULL,'Ut doloribus nam fugit expedita ab exercitationem. Itaque commodi voluptas quaerat esse dolorum. Ut qui et esse vitae sunt sed autem ut.',0,1,'2015-09-17 17:00:24'),(22,78,63,NULL,'Nobis explicabo odio non vero voluptatem. Expedita quos iste corporis incidunt inventore quia.',0,1,'2018-07-05 00:56:59'),(23,78,99,2,'Libero ut voluptas dolores est similique nihil architecto distinctio. Odio consequuntur rem ullam debitis.',0,0,'2018-01-05 10:27:35'),(24,3,21,NULL,'Ut illo voluptatem placeat ratione. Dolorem veniam rerum cumque atque est aut. Rem est repellat est aut.',1,1,'2019-04-05 06:51:35'),(25,32,76,NULL,'Sed ut minima dolore in non voluptatem. Qui voluptas accusantium necessitatibus tempore aut eos.',0,1,'2018-04-01 17:57:23'),(26,39,34,3,'Aut tempore sed commodi. Voluptas enim consequuntur quod officia adipisci dolor sunt animi. Asperiores inventore quaerat non. Similique est vitae iure consequatur.',1,0,'2016-06-10 15:16:08'),(27,99,94,NULL,'Et quod quod autem eos. Maxime voluptatem nulla asperiores dolore atque illum. Saepe alias consequatur esse modi alias sit beatae.',1,0,'2014-10-21 08:58:30'),(28,13,67,NULL,'Ut consequatur qui natus in consectetur aut ut. Tempore odit rerum dignissimos consequuntur. Similique labore ducimus et et.',1,1,'2015-10-25 08:23:18'),(29,44,62,NULL,'Fugit maxime voluptatem voluptatem reprehenderit quo. Repellendus consectetur eos non cumque. Aperiam id illo nulla itaque praesentium. Et nihil ipsa eum facilis consequatur.',0,0,'2013-10-02 21:23:08'),(30,16,20,NULL,'Repellat consequatur asperiores harum vero modi ex. Vel et in impedit nesciunt quam necessitatibus quis. Sit eius soluta sint dolore atque perspiciatis aliquam maiores. Cumque aut eius quibusdam aut.',0,1,'2011-08-19 19:56:17'),(31,36,94,NULL,'Id excepturi qui eveniet ab nulla velit. Dicta ipsam porro blanditiis explicabo cumque. Nam vel quae rerum eum eveniet maiores eum. Et et placeat quae earum dolorem quas pariatur aliquam.',1,0,'2020-02-07 13:52:27'),(32,40,33,6,'Cumque eius natus consequatur. Porro aliquam voluptatem sed voluptas non excepturi. Optio nihil non non dolorum ea. Beatae accusamus et et a exercitationem et.',0,1,'2012-02-20 07:10:36'),(33,17,49,NULL,'Ad eos quibusdam ut. Eligendi minus ratione et et repellat mollitia et. Beatae doloremque aliquid sequi neque placeat. Alias consequatur aut dolorum hic dolorem id quos et.',1,0,'2015-12-20 09:11:36'),(34,18,51,NULL,'Culpa autem repellendus officia molestias ad eaque rerum. Ipsam quia ut necessitatibus odit porro. Sed repellendus repellat ea. Accusantium nihil sequi dolorum id ut iusto quidem.',1,0,'2018-02-07 00:27:05'),(35,85,NULL,NULL,'Officia ullam rerum ullam consequatur eos. Consectetur omnis consequatur illum perferendis dolore. Et officia harum quas ab. Vitae corporis sapiente aut harum odio delectus.',1,0,'2017-02-01 05:53:45'),(36,65,20,NULL,'Cum consequatur in non dolores omnis culpa. Voluptatem nihil eum velit sed recusandae voluptas. In labore ad quaerat omnis.\nQuia ipsa nam vero veritatis. Ullam quidem qui libero ullam.',1,1,'2015-03-25 07:41:30'),(37,75,19,NULL,'Voluptatum et sapiente ad voluptates. Placeat tenetur libero culpa aut. Placeat placeat molestias et doloremque.',0,1,'2012-11-28 15:01:34'),(38,87,11,7,'At reprehenderit at nisi consequatur. Et omnis voluptas veniam possimus natus quaerat quo. Ut quo sed nulla quibusdam eveniet rerum itaque.',0,1,'2018-07-30 17:21:04'),(39,87,43,7,'Possimus laboriosam suscipit tempora dolor amet. Ut qui consequatur rem beatae error impedit deserunt. Error voluptatem voluptatibus doloremque temporibus. Omnis sit qui ex.',0,0,'2012-07-22 05:01:58'),(40,56,NULL,NULL,'Excepturi voluptas sequi corrupti laborum expedita tenetur quis exercitationem. Id necessitatibus laboriosam voluptatum maiores. Ipsa rem et eos qui occaecati eveniet qui.',1,1,'2019-06-03 14:54:36'),(41,37,99,2,'Placeat nisi adipisci cupiditate id numquam itaque. Nulla distinctio eveniet aut voluptates eum est nihil. Nobis amet est omnis commodi sit necessitatibus molestiae excepturi.',1,0,'2018-11-29 11:12:30'),(42,8,65,NULL,'Ipsum qui quia rerum blanditiis quisquam vel eum. Aut ea officiis non facilis distinctio totam. Perferendis molestias minus labore sit. Et neque quam ex voluptatem est nam.',0,0,'2014-07-31 01:27:20'),(43,42,48,NULL,'Voluptatem nemo natus sed voluptatibus inventore qui. Consequatur itaque incidunt officiis perferendis impedit eveniet dolore. Perferendis perspiciatis vero aut voluptatem qui aperiam quasi.',0,1,'2016-01-11 06:23:41'),(44,20,100,NULL,'Vero ut repudiandae autem nisi. Doloribus quia aut sed repellendus modi aut.',1,0,'2013-06-21 21:04:17'),(45,18,85,NULL,'Laborum ut nesciunt at est omnis nesciunt illum. Molestiae quidem ad sed vero distinctio aut. Tempora dolorum maiores odio accusamus harum veniam.',0,1,'2016-01-03 11:44:17'),(46,92,49,NULL,'Autem rerum quia cupiditate eos. Tenetur accusamus asperiores quis sit nihil vitae fuga. Repellat voluptatem nesciunt id occaecati repellat.',0,0,'2011-03-01 04:57:07'),(47,37,66,NULL,'Rerum ut quae sed nesciunt animi. Voluptas error officia earum earum. Cum aut fuga quo facere veritatis facere officiis et.',1,1,'2011-06-02 14:27:52'),(48,18,32,2,'Dolor ipsam animi deleniti vero distinctio. Sed a dolorum ut corporis nostrum libero. Ut vero aliquid autem aliquid. Delectus molestiae nobis qui atque.',1,1,'2017-12-13 22:59:10'),(49,66,81,3,'Quia consequatur minima repudiandae libero rerum ad non. Architecto expedita possimus soluta quo. Consequatur debitis vel illum eius sed nemo. Enim sed enim eos.',1,0,'2017-07-17 15:55:20'),(50,75,37,3,'Repellat dolor soluta sed. Minus ipsam minus iusto aut blanditiis. Fugit non molestias placeat consequatur.',1,1,'2015-09-27 02:58:51'),(51,3,88,NULL,'Autem porro architecto perferendis qui nemo. Id sed provident ut eligendi officia repellendus. Dolor eos quia sequi accusantium illo dignissimos. Et ipsum ipsa sapiente eum.',1,0,'2011-09-27 09:07:58'),(52,26,96,NULL,'Fugit sit reprehenderit eveniet odio ipsa ut inventore. Sint similique quod sit error quod ut autem eaque.',0,1,'2017-08-13 20:12:34'),(53,19,37,NULL,'Dolor et vel facere quidem. Deleniti sequi veritatis et. Rerum ea sint recusandae sed modi est autem quasi. Harum autem et facere eius sapiente.',1,1,'2015-11-22 19:12:56'),(54,61,57,NULL,'Quis doloremque sit nulla tempora enim cumque et perspiciatis. Delectus qui velit quis corporis. Reprehenderit velit saepe est voluptatem adipisci. Perspiciatis est possimus et iusto et.',0,1,'2016-03-29 18:24:31'),(55,54,79,7,'Enim voluptas provident ea voluptate facilis. Modi aut in est et. Ipsa ab distinctio eligendi quibusdam error.',1,0,'2011-08-20 09:59:30'),(56,28,NULL,NULL,'Repudiandae dolore ex aperiam architecto. Et at possimus sed voluptatem perspiciatis quaerat ut. Non est vitae eos in alias ut ut.',0,1,'2019-08-18 02:33:23'),(57,22,10,6,'Dolor qui quae qui at eum rerum enim. Itaque ut dolorem voluptas quasi dolores aliquid. Omnis cupiditate maxime eum quod quis voluptatem sed. Non eos rerum fugit dolores culpa a consequuntur.',1,1,'2012-11-24 12:46:14'),(58,36,21,NULL,'Ut est quae consectetur molestiae dolores quia. Expedita repellat quidem atque sint sunt. Non deserunt sint aut tenetur.',0,0,'2015-06-12 06:07:52'),(59,80,86,NULL,'Qui ab distinctio nihil ullam sint eos. Amet laudantium explicabo quidem. Veniam aut deleniti velit et omnis tempora non. Libero laudantium sit sunt.',1,0,'2011-06-04 18:13:10'),(60,100,60,NULL,'Impedit cumque quia repellat officiis. Repellendus aut in esse debitis saepe qui. Inventore vel omnis ut beatae. Rerum qui sequi quia fugit unde magni.',1,0,'2013-08-18 09:26:35'),(61,10,63,NULL,'Ut quia fuga accusantium ratione quis. Suscipit quia blanditiis incidunt reiciendis et sed fuga. Aliquid cum vero hic porro tempore id quia. Sint natus id voluptatibus et voluptatem libero id.',1,0,'2016-09-21 04:41:58'),(62,45,36,NULL,'Natus reiciendis molestiae consectetur autem omnis et. Nihil architecto eos voluptatem dolor. Expedita enim cupiditate animi nulla illum fuga.',1,1,'2013-09-14 14:50:48'),(63,45,89,NULL,'Repellendus harum accusamus corrupti est qui et. Et voluptatum harum eligendi et. Rerum ratione at ipsam aut. Nemo qui et quia rerum voluptatem ex.',1,0,'2019-04-22 22:03:59'),(64,27,87,1,'Modi consequatur culpa saepe. Autem soluta earum quia voluptas. Qui id libero eos voluptas laudantium atque dolores. Non quidem quia ea dignissimos.',1,1,'2018-02-28 02:20:31'),(65,8,21,NULL,'Laboriosam dignissimos amet quis architecto assumenda voluptas esse tempore. Facere quis sit odit ipsum odit. Molestiae non ut voluptas sed.',1,0,'2017-11-23 11:40:24'),(66,74,43,9,'Voluptatem voluptatem sapiente ut non et et. Et qui sunt in eum fugit non. Qui libero rerum est consectetur.',1,1,'2019-08-30 16:03:31'),(67,88,1,3,'Ducimus et modi magni enim. Aut sunt quia eaque voluptas quia ut. Nobis dolor et sit nihil eaque. Natus dolorum sed explicabo omnis quod.',0,0,'2019-05-02 02:50:39'),(68,24,6,NULL,'Omnis et recusandae consequuntur saepe aspernatur. Illo veritatis suscipit delectus. Doloribus cumque necessitatibus nam sint nemo. Quia similique deleniti provident vitae sunt odit natus.',1,0,'2012-10-28 12:57:24'),(69,69,83,NULL,'Ipsa sunt voluptas rem illum vitae quia. Perferendis perferendis in et cumque tempore optio assumenda. Dolor iste maxime dicta aut. Occaecati consequatur maxime soluta qui ducimus illo quae.',1,0,'2015-08-11 20:25:35'),(70,10,85,NULL,'Quaerat fuga voluptates architecto autem. Sit occaecati iure in quaerat consequuntur. Veritatis numquam alias harum in iusto ut.\nHic omnis aut tempore est et et. Reprehenderit sed ullam animi et.',0,0,'2011-06-08 06:15:52'),(71,2,57,4,'Et dignissimos ratione quisquam non doloremque quos voluptatem. Culpa consequatur velit eum rerum quia dolor suscipit. Sit in cupiditate repellendus est magnam consequuntur labore vel.',1,0,'2012-10-04 16:45:20'),(72,82,78,2,'Est accusantium laudantium quis quod omnis. Maiores voluptatem provident dolor debitis quia impedit commodi. Nam ut quia cum laboriosam.',0,0,'2016-10-29 09:39:19'),(73,56,83,NULL,'Adipisci natus et repudiandae aperiam consequatur odit reprehenderit id. Neque ea dolorem qui perferendis. Optio qui sint qui tenetur ducimus alias. Excepturi natus nobis earum rerum neque fugiat et.',0,1,'2015-07-03 10:19:06'),(74,68,9,NULL,'Ex voluptatibus eos pariatur cumque beatae animi. In eius repudiandae nemo eaque vitae vitae repellat vitae. Voluptas accusamus repellat pariatur aliquam sint recusandae ut.',1,1,'2020-03-08 17:36:51'),(75,35,20,NULL,'Quaerat vero saepe incidunt illum porro voluptas vitae. Qui incidunt et sunt dicta consequatur ipsum corporis.',1,1,'2012-11-01 07:09:23'),(76,77,38,8,'Magni voluptatem consectetur illo ut doloribus. Cupiditate consequatur repudiandae amet reiciendis rerum sed ut. Vel rerum sit iste eos sequi sunt fuga.',1,0,'2015-05-13 12:09:04'),(77,84,32,1,'Et eveniet blanditiis cumque impedit molestiae aut. Libero nemo pariatur dolorem exercitationem et aut dolorem. Ratione laborum ullam est laboriosam cupiditate.',1,0,'2018-07-09 14:27:56'),(78,94,1,NULL,'Sed est debitis eos aut perferendis laudantium. Id sint itaque tempora et est eius quis. Et quisquam est nulla quam exercitationem ipsa voluptatem molestiae. Aut nostrum quas eum maiores.',0,1,'2012-08-05 00:44:28'),(79,24,NULL,NULL,'Quos enim dolores deserunt. Dignissimos dolorem reiciendis et nemo quo nihil. Fugiat sed et reiciendis ipsam voluptatem.',1,1,'2011-01-11 06:11:17'),(80,39,68,3,'Velit ex ipsam sunt consequatur. Repudiandae qui corporis illo sit nobis minus. Delectus voluptatem aut perspiciatis beatae laborum quia aut. Porro aut explicabo quis est.',1,0,'2011-10-10 16:16:52'),(81,14,70,NULL,'Facilis ipsam incidunt enim eum possimus aliquam quis minus. Quos cum vel fugiat et vel.',0,1,'2014-10-05 03:09:16'),(82,50,20,5,'Beatae vel qui expedita quos mollitia est perspiciatis. Veniam eaque voluptates deserunt aut at dolor. Eos aut id ut quia enim.',0,1,'2013-01-07 00:55:06'),(83,75,84,3,'In est quaerat dicta laborum aperiam. Officia similique id temporibus error dolore aperiam aut.',1,1,'2017-06-09 00:10:01'),(84,6,85,NULL,'Maiores veritatis placeat porro non quisquam necessitatibus quo. Aut itaque est sit laboriosam. Eum possimus incidunt debitis dolor minima voluptas quaerat. Distinctio aut error quaerat quia.',1,0,'2013-05-22 04:44:18'),(85,4,20,NULL,'Blanditiis alias eum officiis eligendi deleniti. Eius laborum nam dicta. A magnam officiis blanditiis ex eos necessitatibus fugit.',0,0,'2019-03-23 09:33:15'),(86,23,NULL,NULL,'Eum eos velit rerum. Perspiciatis molestias sint libero non. Hic sed labore rerum cumque sint. Nam nihil itaque at magnam non est officia.',1,1,'2011-01-18 11:11:59'),(87,91,81,NULL,'Numquam inventore fugiat cum aut ut. Illo minima sit iusto qui voluptatem dolorem. Eum est numquam quisquam asperiores ut voluptates fugiat. Enim velit placeat ad commodi aperiam.',1,0,'2019-11-25 00:28:01'),(88,28,75,NULL,'Animi cum et enim ut mollitia amet ad. Hic maiores sint at voluptate alias cupiditate et. Sint eum laboriosam incidunt modi perspiciatis distinctio voluptatibus.',1,1,'2011-03-05 03:06:55'),(89,72,98,NULL,'Quia sunt quaerat ipsum suscipit. Error cum vel vel dolorum non ea. Harum tempora quisquam explicabo laudantium eum eligendi nisi.',0,0,'2011-10-12 17:55:05'),(90,100,37,NULL,'Reiciendis aliquid voluptas aut ut sapiente. Expedita optio voluptatem aspernatur.',1,1,'2017-06-26 06:13:42'),(91,14,50,NULL,'Distinctio suscipit quo at alias. Ab commodi sequi officiis non. Rerum eos aperiam vitae omnis.',1,1,'2015-04-04 01:10:50'),(92,21,NULL,NULL,'Harum qui quod est laboriosam sapiente error. Et id et voluptas natus sequi laborum. Est eum modi perspiciatis ipsam.',1,1,'2015-03-14 04:40:52'),(93,67,77,8,'Ut deleniti magni voluptatem dolores. Exercitationem sint quia veritatis molestiae aut dolorem. At consequuntur itaque sit ut explicabo voluptatem esse.',1,0,'2015-05-03 18:35:57'),(94,95,NULL,NULL,'Suscipit ut quia velit harum culpa. Velit sunt consequatur voluptate omnis ratione tempore est.',1,0,'2017-08-09 20:38:48'),(95,32,83,NULL,'Velit iusto vel quam temporibus. Consequatur nesciunt veritatis quos totam hic error non. Nemo incidunt repellendus enim.',1,0,'2013-07-26 11:04:01'),(96,86,6,NULL,'Accusantium numquam ducimus qui voluptatem quis. Cupiditate et quas ipsum molestiae provident ex non in. Ipsam assumenda eos voluptatum.',1,0,'2014-07-28 14:37:27'),(97,30,32,1,'Molestiae autem voluptate qui veniam similique velit. Dignissimos eligendi nam aliquam. Rem eos magnam vel reprehenderit.',0,0,'2018-10-03 23:54:19'),(98,51,24,NULL,'Ea totam aut tempora est nisi saepe. Est labore incidunt molestiae et quod est quia.',0,1,'2016-03-02 05:14:16'),(99,73,48,NULL,'Consequatur eligendi blanditiis iste. Et velit necessitatibus enim deserunt alias incidunt distinctio. Laborum architecto laborum itaque cupiditate. Omnis consequuntur omnis ullam optio optio.',1,0,'2013-08-21 11:35:45'),(100,65,10,NULL,'Officia corrupti ut voluptatum sit similique molestiae sed. Aut ad ut autem ut dolor ea vel. Est dolore qui minima maiores minima nesciunt.',0,1,'2016-06-21 18:01:35'),(101,22,22,6,'Aut expedita facere et qui. Quibusdam dolor magnam praesentium quibusdam. Ullam cupiditate rerum cupiditate non et pariatur reprehenderit nulla. Odio illo aliquid fuga debitis.',0,0,'2020-05-05 20:12:37'),(102,66,92,4,'Aut expedita facere et qui. Quibusdam dolor magnam praesentium quibusdam. Ullam cupiditate rerum cupiditate non et pariatur reprehenderit nulla. Odio illo aliquid fuga debitis.',0,0,'2020-05-05 20:12:51'),(103,35,96,NULL,'Aut expedita facere et qui. Quibusdam dolor magnam praesentium quibusdam. Ullam cupiditate rerum cupiditate non et pariatur reprehenderit nulla. Odio illo aliquid fuga debitis.',0,0,'2020-05-05 20:12:51'),(104,14,63,NULL,'Aut expedita facere et qui. Quibusdam dolor magnam praesentium quibusdam. Ullam cupiditate rerum cupiditate non et pariatur reprehenderit nulla. Odio illo aliquid fuga debitis.',0,0,'2020-05-05 20:12:51'),(105,23,NULL,NULL,'Aut expedita facere et qui. Quibusdam dolor magnam praesentium quibusdam. Ullam cupiditate rerum cupiditate non et pariatur reprehenderit nulla. Odio illo aliquid fuga debitis.',0,0,'2020-05-05 20:12:54'),(106,90,52,7,'Aut expedita facere et qui. Quibusdam dolor magnam praesentium quibusdam. Ullam cupiditate rerum cupiditate non et pariatur reprehenderit nulla. Odio illo aliquid fuga debitis.',0,0,'2020-05-05 20:12:54'),(107,11,87,7,'Aut expedita facere et qui. Quibusdam dolor magnam praesentium quibusdam. Ullam cupiditate rerum cupiditate non et pariatur reprehenderit nulla. Odio illo aliquid fuga debitis.',0,0,'2020-05-05 20:12:54'),(108,4,53,NULL,'Aut expedita facere et qui. Quibusdam dolor magnam praesentium quibusdam. Ullam cupiditate rerum cupiditate non et pariatur reprehenderit nulla. Odio illo aliquid fuga debitis.',0,0,'2020-05-05 20:12:56'),(109,95,NULL,NULL,'Aut expedita facere et qui. Quibusdam dolor magnam praesentium quibusdam. Ullam cupiditate rerum cupiditate non et pariatur reprehenderit nulla. Odio illo aliquid fuga debitis.',0,0,'2020-05-05 20:12:56'),(110,36,99,10,'Aut expedita facere et qui. Quibusdam dolor magnam praesentium quibusdam. Ullam cupiditate rerum cupiditate non et pariatur reprehenderit nulla. Odio illo aliquid fuga debitis.',0,0,'2020-05-05 20:12:56'),(111,12,12,8,'Aut expedita facere et qui. Quibusdam dolor magnam praesentium quibusdam. Ullam cupiditate rerum cupiditate non et pariatur reprehenderit nulla. Odio illo aliquid fuga debitis.',0,0,'2020-05-05 20:12:57'),(112,79,24,NULL,'Aut expedita facere et qui. Quibusdam dolor magnam praesentium quibusdam. Ullam cupiditate rerum cupiditate non et pariatur reprehenderit nulla. Odio illo aliquid fuga debitis.',0,0,'2020-05-05 20:12:57'),(113,42,80,NULL,'Aut expedita facere et qui. Quibusdam dolor magnam praesentium quibusdam. Ullam cupiditate rerum cupiditate non et pariatur reprehenderit nulla. Odio illo aliquid fuga debitis.',0,0,'2020-05-05 20:12:57'),(114,86,48,NULL,'Aut expedita facere et qui. Quibusdam dolor magnam praesentium quibusdam. Ullam cupiditate rerum cupiditate non et pariatur reprehenderit nulla. Odio illo aliquid fuga debitis.',0,0,'2020-05-05 20:12:57'),(115,30,73,1,'Aut expedita facere et qui. Quibusdam dolor magnam praesentium quibusdam. Ullam cupiditate rerum cupiditate non et pariatur reprehenderit nulla. Odio illo aliquid fuga debitis.',0,0,'2020-05-05 20:12:57'),(116,32,82,2,'Aut expedita facere et qui. Quibusdam dolor magnam praesentium quibusdam. Ullam cupiditate rerum cupiditate non et pariatur reprehenderit nulla. Odio illo aliquid fuga debitis.',0,0,'2020-05-05 20:12:57'),(117,24,24,NULL,'Aut expedita facere et qui. Quibusdam dolor magnam praesentium quibusdam. Ullam cupiditate rerum cupiditate non et pariatur reprehenderit nulla. Odio illo aliquid fuga debitis.',0,0,'2020-05-05 20:12:58'),(118,18,18,9,'Aut expedita facere et qui. Quibusdam dolor magnam praesentium quibusdam. Ullam cupiditate rerum cupiditate non et pariatur reprehenderit nulla. Odio illo aliquid fuga debitis.',0,0,'2020-05-05 20:12:58'),(119,70,90,9,'Aut expedita facere et qui. Quibusdam dolor magnam praesentium quibusdam. Ullam cupiditate rerum cupiditate non et pariatur reprehenderit nulla. Odio illo aliquid fuga debitis.',0,0,'2020-05-05 20:12:58'),(120,37,78,2,'Aut expedita facere et qui. Quibusdam dolor magnam praesentium quibusdam. Ullam cupiditate rerum cupiditate non et pariatur reprehenderit nulla. Odio illo aliquid fuga debitis.',0,0,'2020-05-05 20:12:58'),(121,67,76,8,'Aut expedita facere et qui. Quibusdam dolor magnam praesentium quibusdam. Ullam cupiditate rerum cupiditate non et pariatur reprehenderit nulla. Odio illo aliquid fuga debitis.',0,0,'2020-05-05 20:12:58'),(122,12,4,NULL,'Aut expedita facere et qui. Quibusdam dolor magnam praesentium quibusdam. Ullam cupiditate rerum cupiditate non et pariatur reprehenderit nulla. Odio illo aliquid fuga debitis.',0,0,'2020-05-05 20:12:58'),(123,21,15,NULL,'Aut expedita facere et qui. Quibusdam dolor magnam praesentium quibusdam. Ullam cupiditate rerum cupiditate non et pariatur reprehenderit nulla. Odio illo aliquid fuga debitis.',0,0,'2020-05-05 20:12:58'),(124,71,93,NULL,'Aut expedita facere et qui. Quibusdam dolor magnam praesentium quibusdam. Ullam cupiditate rerum cupiditate non et pariatur reprehenderit nulla. Odio illo aliquid fuga debitis.',0,0,'2020-05-05 20:12:58'),(125,43,43,7,'Aut expedita facere et qui. Quibusdam dolor magnam praesentium quibusdam. Ullam cupiditate rerum cupiditate non et pariatur reprehenderit nulla. Odio illo aliquid fuga debitis.',0,0,'2020-05-05 20:12:58'),(126,55,51,NULL,'Aut expedita facere et qui. Quibusdam dolor magnam praesentium quibusdam. Ullam cupiditate rerum cupiditate non et pariatur reprehenderit nulla. Odio illo aliquid fuga debitis.',0,0,'2020-05-05 20:13:11'),(127,97,NULL,NULL,'Aut expedita facere et qui. Quibusdam dolor magnam praesentium quibusdam. Ullam cupiditate rerum cupiditate non et pariatur reprehenderit nulla. Odio illo aliquid fuga debitis.',0,0,'2020-05-05 20:13:11'),(128,69,48,NULL,'Aut expedita facere et qui. Quibusdam dolor magnam praesentium quibusdam. Ullam cupiditate rerum cupiditate non et pariatur reprehenderit nulla. Odio illo aliquid fuga debitis.',0,0,'2020-05-05 20:13:11'),(129,69,11,7,'Aut expedita facere et qui. Quibusdam dolor magnam praesentium quibusdam. Ullam cupiditate rerum cupiditate non et pariatur reprehenderit nulla. Odio illo aliquid fuga debitis.',0,0,'2020-05-05 20:13:12'),(130,61,59,4,'Aut expedita facere et qui. Quibusdam dolor magnam praesentium quibusdam. Ullam cupiditate rerum cupiditate non et pariatur reprehenderit nulla. Odio illo aliquid fuga debitis.',0,0,'2020-05-05 20:13:12'),(131,29,54,NULL,'Aut expedita facere et qui. Quibusdam dolor magnam praesentium quibusdam. Ullam cupiditate rerum cupiditate non et pariatur reprehenderit nulla. Odio illo aliquid fuga debitis.',0,0,'2020-05-05 20:13:12'),(132,15,72,10,'Aut expedita facere et qui. Quibusdam dolor magnam praesentium quibusdam. Ullam cupiditate rerum cupiditate non et pariatur reprehenderit nulla. Odio illo aliquid fuga debitis.',0,0,'2020-05-05 20:13:13'),(133,27,3,NULL,'Aut expedita facere et qui. Quibusdam dolor magnam praesentium quibusdam. Ullam cupiditate rerum cupiditate non et pariatur reprehenderit nulla. Odio illo aliquid fuga debitis.',0,0,'2020-05-05 20:13:13'),(134,89,64,NULL,'Aut expedita facere et qui. Quibusdam dolor magnam praesentium quibusdam. Ullam cupiditate rerum cupiditate non et pariatur reprehenderit nulla. Odio illo aliquid fuga debitis.',0,0,'2020-05-05 20:13:13'),(135,17,62,5,'Aut expedita facere et qui. Quibusdam dolor magnam praesentium quibusdam. Ullam cupiditate rerum cupiditate non et pariatur reprehenderit nulla. Odio illo aliquid fuga debitis.',0,0,'2020-05-05 20:13:13'),(136,46,100,NULL,'Aut expedita facere et qui. Quibusdam dolor magnam praesentium quibusdam. Ullam cupiditate rerum cupiditate non et pariatur reprehenderit nulla. Odio illo aliquid fuga debitis.',0,0,'2020-05-05 20:13:13'),(137,79,73,4,'Aut expedita facere et qui. Quibusdam dolor magnam praesentium quibusdam. Ullam cupiditate rerum cupiditate non et pariatur reprehenderit nulla. Odio illo aliquid fuga debitis.',0,0,'2020-05-05 20:13:13'),(138,35,54,NULL,'Aut expedita facere et qui. Quibusdam dolor magnam praesentium quibusdam. Ullam cupiditate rerum cupiditate non et pariatur reprehenderit nulla. Odio illo aliquid fuga debitis.',0,0,'2020-05-05 20:13:14'),(139,58,34,NULL,'Aut expedita facere et qui. Quibusdam dolor magnam praesentium quibusdam. Ullam cupiditate rerum cupiditate non et pariatur reprehenderit nulla. Odio illo aliquid fuga debitis.',0,0,'2020-05-05 20:13:14'),(140,16,12,8,'Aut expedita facere et qui. Quibusdam dolor magnam praesentium quibusdam. Ullam cupiditate rerum cupiditate non et pariatur reprehenderit nulla. Odio illo aliquid fuga debitis.',0,0,'2020-05-05 20:13:14'),(141,16,3,NULL,'Aut expedita facere et qui. Quibusdam dolor magnam praesentium quibusdam. Ullam cupiditate rerum cupiditate non et pariatur reprehenderit nulla. Odio illo aliquid fuga debitis.',0,0,'2020-05-05 20:13:14'),(142,88,7,3,'Aut expedita facere et qui. Quibusdam dolor magnam praesentium quibusdam. Ullam cupiditate rerum cupiditate non et pariatur reprehenderit nulla. Odio illo aliquid fuga debitis.',0,0,'2020-05-05 20:13:14'),(143,84,9,NULL,'Aut expedita facere et qui. Quibusdam dolor magnam praesentium quibusdam. Ullam cupiditate rerum cupiditate non et pariatur reprehenderit nulla. Odio illo aliquid fuga debitis.',0,0,'2020-05-05 20:13:14'),(144,21,55,NULL,'Aut expedita facere et qui. Quibusdam dolor magnam praesentium quibusdam. Ullam cupiditate rerum cupiditate non et pariatur reprehenderit nulla. Odio illo aliquid fuga debitis.',0,0,'2020-05-05 20:13:15'),(145,96,NULL,NULL,'Aut expedita facere et qui. Quibusdam dolor magnam praesentium quibusdam. Ullam cupiditate rerum cupiditate non et pariatur reprehenderit nulla. Odio illo aliquid fuga debitis.',0,0,'2020-05-05 20:13:15'),(146,19,37,NULL,'Aut expedita facere et qui. Quibusdam dolor magnam praesentium quibusdam. Ullam cupiditate rerum cupiditate non et pariatur reprehenderit nulla. Odio illo aliquid fuga debitis.',0,0,'2020-05-05 20:13:15'),(147,99,18,2,'Aut expedita facere et qui. Quibusdam dolor magnam praesentium quibusdam. Ullam cupiditate rerum cupiditate non et pariatur reprehenderit nulla. Odio illo aliquid fuga debitis.',0,0,'2020-05-05 20:13:15'),(148,25,16,4,'Aut expedita facere et qui. Quibusdam dolor magnam praesentium quibusdam. Ullam cupiditate rerum cupiditate non et pariatur reprehenderit nulla. Odio illo aliquid fuga debitis.',0,0,'2020-05-05 20:13:15'),(149,41,59,6,'Aut expedita facere et qui. Quibusdam dolor magnam praesentium quibusdam. Ullam cupiditate rerum cupiditate non et pariatur reprehenderit nulla. Odio illo aliquid fuga debitis.',0,0,'2020-05-05 20:13:15');
/*!40000 ALTER TABLE `messages` ENABLE KEYS */;
UNLOCK TABLES;

--
-- Table structure for table `posts`
--

DROP TABLE IF EXISTS `posts`;
/*!40101 SET @saved_cs_client     = @@character_set_client */;
/*!40101 SET character_set_client = utf8 */;
CREATE TABLE `posts` (
  `id` int unsigned NOT NULL AUTO_INCREMENT,
  `user_id` int unsigned NOT NULL,
  `community_id` int unsigned DEFAULT NULL,
  `head` varchar(255) CHARACTER SET latin1 COLLATE latin1_swedish_ci DEFAULT NULL,
  `body` text CHARACTER SET latin1 COLLATE latin1_swedish_ci NOT NULL,
  `media_id` int unsigned DEFAULT NULL,
  `created_at` datetime DEFAULT CURRENT_TIMESTAMP,
  `updated_at` datetime DEFAULT CURRENT_TIMESTAMP ON UPDATE CURRENT_TIMESTAMP,
  PRIMARY KEY (`id`),
  KEY `posts_user_id_fk` (`user_id`),
  KEY `posts_community_id_fk` (`community_id`),
  KEY `posts_media_id_fk` (`media_id`),
  KEY `posts_head_idx` (`head`),
  CONSTRAINT `posts_community_id_fk` FOREIGN KEY (`community_id`) REFERENCES `communities` (`id`),
  CONSTRAINT `posts_media_id_fk` FOREIGN KEY (`media_id`) REFERENCES `media` (`id`),
  CONSTRAINT `posts_user_id_fk` FOREIGN KEY (`user_id`) REFERENCES `users` (`id`)
) ENGINE=InnoDB AUTO_INCREMENT=101 DEFAULT CHARSET=utf8 COLLATE=utf8_unicode_ci;
/*!40101 SET character_set_client = @saved_cs_client */;

--
-- Dumping data for table `posts`
--

LOCK TABLES `posts` WRITE;
/*!40000 ALTER TABLE `posts` DISABLE KEYS */;
INSERT INTO `posts` VALUES (1,37,2,'Quis ut aut in accusantium.','Alice did not see anything that had fallen into the sky. Alice went on muttering over the jury-box with the Queen never left off writing on his knee, and looking at the Hatter, with an M, such as.',43,'2015-08-01 00:04:32','2020-05-05 17:29:41'),(2,5,NULL,'Omnis ab illo incidunt eos autem quae pariatur.','But here, to Alice\'s great surprise, the Duchess\'s cook. She carried the pepper-box in her haste, she had never done such a long silence after this, and Alice was more hopeless than ever: she sat.',91,'2019-10-07 15:08:28','2020-05-05 17:28:47'),(3,48,8,'Aut temporibus ut necessitatibus asperiores qui nam.','Suppress him! Pinch him! Off with his head!\' or \'Off with her arms folded, frowning like a snout than a real nose; also its eyes were getting extremely small for a minute, while Alice thought this a.',NULL,'2013-07-14 12:57:44','2020-05-05 17:29:41'),(4,27,1,'Dolore aut temporibus qui eos commodi atque.','WAS a curious plan!\' exclaimed Alice. \'That\'s very important,\' the King and Queen of Hearts, carrying the King\'s crown on a little nervous about it in a sort of present!\' thought Alice. The King and.',NULL,'2019-03-07 12:05:18','2020-05-05 17:29:41'),(5,49,NULL,'Consectetur adipisci ducimus fugiat deserunt praesentium corporis rerum.','Queen say only yesterday you deserved to be said. At last the Caterpillar contemptuously. \'Who are YOU?\' said the Pigeon; \'but I haven\'t been invited yet.\' \'You\'ll see me there,\' said the March.',NULL,'2011-11-05 13:24:16','2020-05-05 17:29:41'),(6,48,8,'Nobis aut non quia tempore quia laboriosam.','King said to herself. Imagine her surprise, when the tide rises and sharks are around, His voice has a timid voice at her hands, wondering if anything would EVER happen in a VERY turn-up nose, much.',53,'2017-08-16 09:31:57','2020-05-05 17:02:16'),(7,20,9,'Minima harum aut libero quia ut veniam consequatur.','Alice could hardly hear the very middle of one! There ought to go down the middle, wondering how she would get up and walking away. \'You insult me by talking such nonsense!\' \'I didn\'t know it was.',20,'2011-03-31 04:13:48','2020-05-05 17:29:41'),(8,12,8,'Nam qui adipisci sit corporis quaerat omnis.','Alice hastily replied; \'at least--at least I mean what I eat\" is the reason so many different sizes in a rather offended tone, and everybody laughed, \'Let the jury asked. \'That I can\'t remember,\'.',NULL,'2019-09-12 02:19:48','2020-05-05 17:28:54'),(9,18,9,'Iusto porro aliquid voluptatibus.','Alice! when she caught it, and fortunately was just in time to see the earth takes twenty-four hours to turn round on its axis--\' \'Talking of axes,\' said the Caterpillar. \'Not QUITE right, I\'m.',NULL,'2017-06-26 06:25:58','2020-05-05 17:29:41'),(10,32,1,NULL,'Duchess sneezed occasionally; and as the rest were quite silent, and looked at the end of the miserable Mock Turtle. So she set to work very diligently to write with one eye, How the Owl had the.',16,'2015-09-09 08:33:05','2020-05-05 17:30:47'),(11,10,NULL,'Perferendis qui at aut.','I meant,\' the King in a dreamy sort of people live about here?\' \'In THAT direction,\' the Cat went on, \'What\'s your name, child?\' \'My name is Alice, so please your Majesty?\' he asked. \'Begin at the.',29,'2020-04-24 14:26:10','2020-05-05 17:28:47'),(12,79,7,'Exercitationem numquam eveniet voluptas eligendi possimus aut.','VERY unpleasant state of mind, she turned to the executioner: \'fetch her here.\' And the moral of that is--\"Oh, \'tis love, \'tis love, \'tis love, \'tis love, that makes them so often, you know.\' \'Not.',NULL,'2019-11-13 21:06:21','2020-05-05 17:29:41'),(13,9,NULL,'Omnis impedit deserunt ut et quia.','Alice again, for this time she saw in my time, but never ONE with such sudden violence that Alice quite hungry to look at it!\' This speech caused a remarkable sensation among the people near the.',49,'2019-04-26 11:12:54','2020-05-05 17:29:41'),(14,17,NULL,'Exercitationem exercitationem quia iure.','By the time she had put on his slate with one finger for the moment they saw her, they hurried back to the beginning of the jurymen. \'No, they\'re not,\' said the Duchess. An invitation for the.',64,'2011-01-08 01:02:10','2020-05-05 17:28:47'),(15,68,NULL,'Fugit maiores voluptas aut iste quis et placeat.','QUEEN OF HEARTS. Alice was too small, but at last turned sulky, and would only say, \'I am older than I am now? That\'ll be a walrus or hippopotamus, but then she noticed that the poor little thing.',95,'2014-05-08 04:16:49','2020-05-05 17:28:47'),(16,79,NULL,'Exercitationem sit sint quis repellendus iusto doloribus.','First, she tried to open her mouth; but she stopped hastily, for the Dormouse,\' thought Alice; \'but when you have to turn into a pig, my dear,\' said Alice, \'because I\'m not looking for eggs, I know.',70,'2017-03-10 06:27:20','2020-05-05 17:28:47'),(17,1,NULL,'Asperiores fugit perspiciatis voluptas temporibus sunt quia.','I fancied that kind of thing never happened, and now here I am to see what was on the ground near the King said gravely, \'and go on crying in this affair, He trusts to you never had to ask help of.',1,'2012-08-12 08:24:05','2020-05-05 17:28:47'),(18,57,4,'Et minus sit eum voluptatum.','Gryphon, lying fast asleep in the distance, and she was near enough to try the first verse,\' said the Mock Turtle. \'No, no! The adventures first,\' said the Mock Turtle in a Little Bill It was the.',NULL,'2012-05-27 22:24:40','2020-05-05 17:29:41'),(19,49,NULL,'Culpa non facilis perspiciatis vero quasi quia corrupti harum.','She waited for a conversation. \'You don\'t know what a long argument with the strange creatures of her or of anything else. CHAPTER V. Advice from a Caterpillar The Caterpillar was the Rabbit coming.',40,'2013-08-09 03:07:31','2020-05-05 17:29:41'),(20,27,NULL,'Earum asperiores ratione qui ea quae.','Nobody moved. \'Who cares for you?\' said Alice, \'because I\'m not the smallest idea how confusing it is to France-- Then turn not pale, beloved snail, but come and join the dance. Would not, could.',44,'2014-05-20 04:32:18','2020-05-05 17:28:47'),(21,36,5,'Est vero aut non ipsam.','Hatter, with an important air, \'are you all ready? This is the same thing as a lark, And will talk in contemptuous tones of her sharp little chin. \'I\'ve a right to think,\' said Alice timidly. \'Would.',49,'2011-04-18 12:03:29','2020-05-05 17:29:41'),(22,11,8,'Cum et ducimus repellendus eligendi.','I\'ll kick you down stairs!\' \'That is not said right,\' said the Mouse, who seemed to be no chance of her favourite word \'moral,\' and the poor animal\'s feelings. \'I quite agree with you,\' said the.',20,'2014-06-07 01:30:35','2020-05-05 17:29:41'),(23,84,NULL,'Explicabo facere expedita quia quod iusto ut aut natus.','Alice did not like the right size to do it! Oh dear! I shall never get to twenty at that rate! However, the Multiplication Table doesn\'t signify: let\'s try Geography. London is the driest thing I.',61,'2013-06-17 15:49:47','2020-05-05 17:28:47'),(24,39,NULL,NULL,'Alice after it, never once considering how in the act of crawling away: besides all this, there was a table set out under a tree in front of the court, \'Bring me the list of singers. \'You may go,\'.',36,'2014-08-11 07:05:07','2020-05-05 17:30:47'),(25,41,NULL,'Minima et deleniti enim et consequuntur et.','MARMALADE\', but to open her mouth; but she was now more than Alice could not make out at all for any of them. \'I\'m sure those are not the smallest notice of them at dinn--\' she checked herself.',18,'2018-04-19 08:35:36','2020-05-05 17:28:47'),(26,27,6,'Enim dicta non eaque exercitationem est sint voluptatem.','King. \'When did you ever saw. How she longed to change the subject of conversation. \'Are you--are you fond--of--of dogs?\' The Mouse looked at the top with its mouth again, and she grew no larger:.',31,'2012-11-26 13:27:57','2015-12-15 00:39:37'),(27,46,9,'Est eos et vel velit neque at.','King said to one of them hit her in a solemn tone, only changing the order of the e--e--evening, Beautiful, beautiful Soup!\' CHAPTER XI. Who Stole the Tarts? The King turned pale, and shut his.',NULL,'2013-07-07 17:04:54','2020-05-05 17:29:41'),(28,21,NULL,'Optio assumenda necessitatibus placeat voluptatem.','You gave us three or more; They all sat down a good deal on where you want to stay with it as far as they were gardeners, or soldiers, or courtiers, or three pairs of tiny white kid gloves, and was.',10,'2016-03-05 09:36:32','2020-05-05 17:28:47'),(29,43,NULL,'Molestias est quaerat aspernatur laboriosam cupiditate odit autem.','King said, with a yelp of delight, and rushed at the place of the wood to listen. \'Mary Ann! Mary Ann!\' said the one who got any advantage from the time he had never before seen a cat without a.',71,'2010-09-06 10:57:06','2020-05-05 17:28:47'),(30,47,NULL,'Unde dicta sunt rem enim libero enim non.','Bill\'s got the other--Bill! fetch it back!\' \'And who is Dinah, if I shall have somebody to talk about her other little children, and everybody laughed, \'Let the jury wrote it down \'important,\' and.',NULL,'2013-06-03 03:40:56','2020-05-05 17:29:41'),(31,97,NULL,NULL,'However, I\'ve got to the garden at once; but, alas for poor Alice! when she had never had to fall a long argument with the glass table and the King had said that day. \'A likely story indeed!\' said.',54,'2019-02-02 04:43:41','2020-05-05 17:30:47'),(32,18,2,NULL,'Dormouse into the teapot. \'At any rate a book written about me, that there was the White Rabbit read:-- \'They told me he was speaking, and this time she had put the Dormouse again, so that it is!\'.',17,'2015-09-23 23:18:17','2020-05-05 17:30:47'),(33,87,NULL,NULL,'Alice ventured to remark. \'Tut, tut, child!\' said the Mouse. \'--I proceed. \"Edwin and Morcar, the earls of Mercia and Northumbria--\"\' \'Ugh!\' said the Cat remarked. \'Don\'t be impertinent,\' said the.',36,'2010-08-15 22:13:18','2020-05-05 17:30:47'),(34,65,NULL,'Vitae ea tenetur inventore vel.','When the Mouse with an M--\' \'Why with an M?\' said Alice. \'Come on, then,\' said the voice. \'Fetch me my gloves this moment!\' Then came a little house in it about four feet high. \'Whoever lives.',93,'2015-11-10 19:27:19','2020-05-05 17:28:47'),(35,96,NULL,'Provident quae dolorum velit quia.','The chief difficulty Alice found at first was moderate. But the insolence of his head. But at any rate, there\'s no use denying it. I suppose it were white, but there were ten of them, and all of.',49,'2019-01-22 22:50:10','2020-05-05 17:28:47'),(36,45,1,NULL,'Alice could see, when she first saw the White Rabbit as he spoke. \'UNimportant, of course, to begin again, it was too small, but at the corners: next the ten courtiers; these were all writing very.',NULL,'2019-08-16 01:38:50','2020-05-05 17:30:47'),(37,44,NULL,'Similique et eum dolores ratione et error.','However, this bottle does. I do hope it\'ll make me grow smaller, I suppose.\' So she tucked her arm affectionately into Alice\'s, and they can\'t prove I did: there\'s no room to open it; but, as the.',NULL,'2015-04-13 08:07:49','2020-05-05 17:29:41'),(38,19,NULL,'Esse maxime nihil vero nam et.','Last came a little girl,\' said Alice, \'how am I to do with you. Mind now!\' The poor little juror (it was Bill, the Lizard) could not remember ever having seen such a capital one for catching.',NULL,'2018-02-17 06:19:02','2020-05-05 17:29:41'),(39,20,NULL,'Facere sit ut accusamus nulla.','NOT, being made entirely of cardboard.) \'All right, so far,\' said the Cat, \'if you don\'t know much,\' said Alice; not that she remained the same size: to be two people! Why, there\'s hardly enough of.',39,'2019-03-25 16:17:39','2020-05-05 17:28:47'),(40,65,7,'Laudantium repellat qui minus voluptates dolores recusandae.','I had to kneel down on one knee. \'I\'m a poor man, your Majesty,\' said Alice to herself, \'whenever I eat or drink something or other; but the Hatter with a smile. There was a queer-shaped little.',NULL,'2014-09-15 09:39:54','2020-05-05 17:29:41'),(41,32,NULL,NULL,'Mock Turtle to the waving of the others took the regular course.\' \'What was THAT like?\' said Alice. \'I mean what I eat\" is the capital of Rome, and Rome--no, THAT\'S all wrong, I\'m certain! I must.',41,'2014-03-27 21:06:05','2020-05-05 17:30:47'),(42,64,NULL,NULL,'The Gryphon sat up and down, and the Hatter went on just as well be at school at once.\' And in she went. Once more she found herself lying on the glass table and the Mock Turtle persisted. \'How.',62,'2013-03-05 20:51:49','2020-05-05 17:30:47'),(43,79,7,'Incidunt quae ipsum quia dolores eum facilis eum quae.','And she tried to say \'I once tasted--\' but checked herself hastily, and said \'No, never\') \'--so you can find out the verses on his spectacles. \'Where shall I begin, please your Majesty,\' said Two,.',NULL,'2020-03-29 11:30:08','2020-05-05 17:29:41'),(44,66,2,'Quod dolor quis qui nobis nam.','Alice, who was beginning to grow to my right size: the next verse.\' \'But about his toes?\' the Mock Turtle said with a deep sigh, \'I was a long tail, certainly,\' said Alice indignantly. \'Ah! then.',13,'2019-07-13 09:03:48','2020-05-05 17:02:16'),(45,89,10,NULL,'Soup! Soup of the room. The cook threw a frying-pan after her as she went on so long that they couldn\'t see it?\' So she stood looking at Alice the moment how large she had felt quite strange at.',NULL,'2013-10-02 12:30:37','2020-05-05 17:30:47'),(46,5,NULL,'Esse dolores perferendis quos sint ad consectetur iusto.','Alice; \'living at the Hatter, \'when the Queen of Hearts were seated on their hands and feet, to make ONE respectable person!\' Soon her eye fell on a summer day: The Knave did so, very carefully,.',20,'2012-07-30 03:39:16','2020-05-05 17:28:47'),(47,98,NULL,'Vel sit dolorem corrupti at pariatur reiciendis non odit.','I will prosecute YOU.--Come, I\'ll take no denial; We must have been changed for any lesson-books!\' And so she sat down with her face like the right size, that it might tell her something about the.',90,'2018-02-06 01:55:40','2020-05-05 17:28:47'),(48,20,NULL,'Reprehenderit qui reprehenderit nam facilis possimus natus officiis.','III. A Caucus-Race and a scroll of parchment in the pictures of him), while the Dodo had paused as if it had fallen into the earth. At last the Gryphon went on eagerly. \'That\'s enough about.',68,'2017-02-07 11:31:38','2020-05-05 17:28:47'),(49,10,6,'Ut praesentium qui est rerum ratione amet quasi nemo.','Cat, and vanished again. Alice waited a little, \'From the Queen. \'Never!\' said the Gryphon. \'Well, I shan\'t go, at any rate, there\'s no meaning in them, after all. I needn\'t be so stingy about it,.',56,'2015-10-24 15:31:46','2020-05-05 17:29:41'),(50,53,9,'Unde iure voluptatem id est totam ipsa.','YOU like cats if you drink much from a Caterpillar The Caterpillar was the same age as herself, to see if there were three gardeners instantly jumped up, and began to cry again. \'You ought to eat or.',NULL,'2015-07-28 17:56:13','2020-05-05 17:29:41'),(51,46,NULL,'Est et quo earum.','Alice. \'Only a thimble,\' said Alice angrily. \'It wasn\'t very civil of you to set about it; if I\'m not particular as to prevent its undoing itself,) she carried it out loud. \'Thinking again?\' the.',33,'2010-05-30 00:14:37','2020-05-05 17:28:47'),(52,79,NULL,'Recusandae quidem aliquid eligendi vel ut.','Dormouse go on crying in this affair, He trusts to you how it was a real Turtle.\' These words were followed by a very fine day!\' said a whiting to a shriek, \'and just as she heard her voice sounded.',62,'2013-05-11 22:56:33','2020-05-05 17:28:47'),(53,60,NULL,NULL,'Caterpillar. \'Not QUITE right, I\'m afraid,\' said Alice, feeling very glad to do with this creature when I get it home?\' when it grunted again, so violently, that she had felt quite strange at first;.',91,'2012-07-06 01:12:10','2020-05-05 17:30:47'),(54,54,7,NULL,'Alice could only see her. She is such a thing before, but she saw them, they were mine before. If I or she fell very slowly, for she felt very lonely and low-spirited. In a minute or two she stood.',NULL,'2019-08-19 16:14:36','2020-05-05 17:30:47'),(55,5,NULL,'Et et nobis aliquid et quis nisi nobis.','Queen was to eat or drink anything; so I\'ll just see what was coming. It was so much about a foot high: then she noticed that the Gryphon in an offended tone. And she began again. \'I wonder how many.',41,'2013-12-22 06:06:38','2020-05-05 17:28:47'),(56,52,NULL,'Alias qui sed aliquam debitis qui consequatur molestias doloribus.','Alice. \'Then it ought to have him with them,\' the Mock Turtle, \'but if you\'ve seen them so shiny?\' Alice looked at her, and the happy summer days. THE.',41,'2017-09-03 23:56:35','2020-05-05 17:28:47'),(57,69,7,NULL,'I can\'t put it into one of the singers in the sea!\' cried the Mouse, in a deep sigh, \'I was a little girl,\' said Alice, very loudly and decidedly, and the Queen, \'and he shall tell you more than.',NULL,'2016-03-09 04:44:56','2020-05-05 17:30:47'),(58,64,8,NULL,'Alice ventured to remark. \'Tut, tut, child!\' said the Eaglet. \'I don\'t quite understand you,\' she said, \'for her hair goes in such a thing before, but she did not notice this question, but hurriedly.',NULL,'2015-05-18 22:35:55','2020-05-05 17:30:47'),(59,29,NULL,NULL,'Edwin and Morcar, the earls of Mercia and Northumbria--\"\' \'Ugh!\' said the Caterpillar. \'Well, perhaps your feelings may be different,\' said Alice; \'all I know all the arches are gone from this side.',NULL,'2019-04-07 06:54:43','2020-05-05 17:30:47'),(60,18,NULL,'Temporibus delectus quis atque natus vero omnis.','MINE.\' The Queen smiled and passed on. \'Who ARE you doing out here? Run home this moment, I tell you, you coward!\' and at last in the book,\' said the Cat, \'or you wouldn\'t squeeze so.\' said the Cat..',87,'2019-10-18 17:39:53','2020-05-05 17:28:47'),(61,11,7,'Suscipit odio omnis alias quaerat.','King said to Alice, very earnestly. \'I\'ve had nothing else to do, so Alice went on growing, and, as they were playing the Queen added to one of the jury wrote it down into its eyes by this time)..',45,'2015-07-05 23:51:38','2020-05-05 17:29:41'),(62,5,NULL,NULL,'Alice, \'I\'ve often seen a cat without a moment\'s pause. The only things in the sea. But they HAVE their tails in their proper places--ALL,\' he repeated with great curiosity, and this time she found.',62,'2015-01-08 23:21:57','2020-05-05 17:30:47'),(63,67,7,NULL,'On various pretexts they all crowded round her once more, while the Dodo solemnly, rising to its feet, \'I move that the way wherever she wanted much to know, but the great concert given by the.',NULL,'2016-02-03 00:19:58','2020-05-05 17:30:47'),(64,15,NULL,NULL,'Alice\'s, and they sat down, and felt quite strange at first; but she could not join the dance. \'\"What matters it how far we go?\" his scaly friend replied. \"There is another shore, you know, upon the.',55,'2015-03-22 11:14:23','2020-05-05 17:30:47'),(65,54,7,NULL,'Alice. \'You must be,\' said the Hatter. This piece of evidence we\'ve heard yet,\' said the Dodo. Then they both bowed low, and their curls got entangled together. Alice was not much surprised at her.',3,'2018-01-04 07:21:17','2020-05-05 17:30:47'),(66,75,3,NULL,'Alice\'s elbow was pressed so closely against her foot, that there was a little pattering of feet on the whole cause, and condemn you to offer it,\' said Five, in a dreamy sort of use in saying.',NULL,'2017-02-13 00:53:30','2020-05-05 17:30:47'),(67,86,NULL,NULL,'Dormouse go on for some time after the rest of it appeared. \'I don\'t see any wine,\' she remarked. \'It tells the day of the water, and seemed to be done, I wonder?\' Alice guessed who it was, and, as.',4,'2012-02-17 20:58:22','2020-05-05 17:30:47'),(68,77,8,NULL,'March Hare. \'Yes, please do!\' but the wise little Alice and all sorts of little Alice and all of you, and don\'t speak a word till I\'ve finished.\' So they had to fall a long breath, and said to the.',40,'2012-08-19 03:55:37','2020-05-05 17:30:47'),(69,91,3,NULL,'Dormouse shall!\' they both bowed low, and their slates and pencils had been all the way down one side and then added them up, and there was no one else seemed inclined to say \'I once tasted--\' but.',53,'2018-06-24 05:43:44','2020-05-05 17:30:47'),(70,75,3,'Sit facere consequatur mollitia voluptatem rerum veritatis.','Then came a rumbling of little Alice was very provoking to find that she had a large cauldron which seemed to think that proved it at all. However, \'jury-men\' would have called him Tortoise because.',NULL,'2018-07-13 06:44:51','2020-05-05 17:29:41'),(71,24,NULL,'Perferendis et et ut.','And when I sleep\" is the same year for such dainties would not open any of them. \'I\'m sure I\'m not Ada,\' she said, \'and see whether it\'s marked \"poison\" or not\'; for she thought, \'till its ears have.',44,'2010-10-05 20:10:52','2020-05-05 17:28:47'),(72,62,5,'Doloremque quaerat sint dicta ut voluptas accusamus nam.','Gryphon, the squeaking of the song, perhaps?\' \'I\'ve heard something like this:-- \'Fury said to herself, \'after such a curious feeling!\' said Alice; \'you needn\'t be afraid of them!\' \'And who is to do.',NULL,'2017-12-17 07:28:02','2020-05-05 17:29:41'),(73,57,4,'Ea aliquid neque incidunt eligendi distinctio et id.','She did it at all. However, \'jury-men\' would have called him Tortoise because he was speaking, and this time the Queen was to find that she began fancying the sort of a well?\' \'Take some more tea,\'.',60,'2013-01-13 18:46:03','2020-05-05 17:29:41'),(74,85,NULL,NULL,'I\'m mad?\' said Alice. \'Why, there they lay sprawling about, reminding her very earnestly, \'Now, Dinah, tell me your history, you know,\' the Hatter and the choking of the wood to listen. The.',29,'2016-05-20 16:50:53','2020-05-05 17:30:47'),(75,10,7,NULL,'Caterpillar. \'Well, perhaps your feelings may be different,\' said Alice; \'I can\'t help that,\' said the others. \'Are their heads downward! The Antipathies, I think--\' (for, you see, because some of.',8,'2019-02-11 14:37:28','2020-05-05 17:30:47'),(76,52,7,'Asperiores repudiandae cupiditate itaque laborum non id accusamus.','Alice like the name: however, it only grinned a little pattering of feet in the window?\' \'Sure, it\'s an arm for all that.\' \'Well, it\'s got no business of MINE.\' The Queen turned crimson with fury,.',60,'2014-09-29 08:54:50','2020-05-05 17:29:41'),(77,66,NULL,'Ut eius eius molestiae at ut.','Dormouse; \'--well in.\' This answer so confused poor Alice, \'when one wasn\'t always growing larger and smaller, and being ordered about by mice and rabbits. I almost wish I could let you out, you.',23,'2012-03-18 18:10:54','2020-05-05 17:28:47'),(78,52,7,NULL,'I can say.\' This was not otherwise than what you were me?\' \'Well, perhaps not,\' said Alice to herself, \'I wish I hadn\'t to bring tears into her eyes; and once again the tiny hands were clasped upon.',21,'2012-12-29 17:17:12','2020-05-05 17:30:47'),(79,56,NULL,NULL,'Caterpillar. \'I\'m afraid I can\'t put it right; \'not that it signifies much,\' she said this she looked at the Lizard in head downwards, and the others took the hookah out of sight; and an Eaglet, and.',7,'2018-04-24 06:15:51','2020-05-05 17:30:47'),(80,57,4,NULL,'Hatter: and in his sleep, \'that \"I breathe when I breathe\"!\' \'It IS the same year for such a new idea to Alice, very much of it had some kind of authority over Alice. \'Stand up and picking the.',28,'2012-02-28 00:40:50','2020-05-05 17:30:47'),(81,97,NULL,NULL,'This is the same size for ten minutes together!\' \'Can\'t remember WHAT things?\' said the Duchess; \'and most of \'em do.\' \'I don\'t quite understand you,\' she said, as politely as she was about a.',69,'2011-08-13 00:20:29','2020-05-05 17:30:47'),(82,38,NULL,'Aut nesciunt magnam est.','Either the well was very deep, or she should push the matter worse. You MUST have meant some mischief, or else you\'d have signed your name like an honest man.\' There was a queer-shaped little.',56,'2017-03-20 21:18:46','2020-05-05 17:28:47'),(83,40,NULL,NULL,'Hatter. \'You might just as if she meant to take MORE than nothing.\' \'Nobody asked YOUR opinion,\' said Alice. \'Well, then,\' the Gryphon only answered \'Come on!\' and ran off, thinking while she was up.',95,'2010-10-27 22:52:50','2020-05-05 17:30:47'),(84,36,NULL,'Quo id excepturi tempore earum.','Alice was just in time to go, for the next witness would be wasting our breath.\" \"I\'ll be judge, I\'ll be jury,\" Said cunning old Fury: \"I\'ll try the whole pack of cards: the Knave of Hearts, she.',34,'2019-08-07 03:26:40','2020-05-05 17:28:47'),(85,85,NULL,NULL,'Alice thought she might as well as if it makes me grow larger, I can kick a little!\' She drew her foot slipped, and in THAT direction,\' the Cat in a great letter, nearly as she had been running half.',NULL,'2012-10-25 01:02:54','2020-05-05 17:30:47'),(86,19,NULL,NULL,'I said \"What for?\"\' \'She boxed the Queen\'s ears--\' the Rabbit say, \'A barrowful of WHAT?\' thought Alice to herself, \'the way all the rats and--oh dear!\' cried Alice (she was rather glad there WAS no.',88,'2012-04-29 15:40:10','2020-05-05 17:30:47'),(87,66,NULL,NULL,'Dodo suddenly called out \'The race is over!\' and they can\'t prove I did: there\'s no use in talking to him,\' said Alice in a very hopeful tone though), \'I won\'t interrupt again. I dare say you\'re.',54,'2015-04-26 12:00:19','2020-05-05 17:30:47'),(88,58,NULL,NULL,'Presently she began very cautiously: \'But I don\'t like it, yer honour, at all, at all!\' \'Do as I do,\' said Alice indignantly. \'Let me alone!\' \'Serpent, I say again!\' repeated the Pigeon, but in a.',86,'2015-06-21 13:17:37','2020-05-05 17:30:47'),(89,81,NULL,NULL,'I know I have dropped them, I wonder?\' As she said this, she came up to her to wink with one finger pressed upon its forehead (the position in which the cook had disappeared. \'Never mind!\' said the.',93,'2019-02-15 16:14:18','2020-05-05 17:30:47'),(90,91,3,NULL,'Pray, what is the capital of Rome, and Rome--no, THAT\'S all wrong, I\'m certain! I must be kind to them,\' thought Alice, \'and those twelve creatures,\' (she was obliged to have the experiment tried..',13,'2011-09-17 16:41:26','2020-05-05 17:30:47'),(91,17,5,NULL,'Alice had learnt several things of this pool? I am to see what would happen next. The first witness was the cat.) \'I hope they\'ll remember her saucer of milk at tea-time. Dinah my dear! Let this be.',58,'2018-10-27 19:11:45','2020-05-05 17:30:47'),(92,26,NULL,NULL,'THESE?\' said the Gryphon never learnt it.\' \'Hadn\'t time,\' said the Queen, \'and he shall tell you how the Dodo solemnly, rising to its feet, \'I move that the Queen of Hearts, carrying the King\'s.',22,'2018-04-07 07:52:40','2020-05-05 17:30:47'),(93,68,3,NULL,'I suppose I ought to have lessons to learn! Oh, I shouldn\'t like THAT!\' \'Oh, you foolish Alice!\' she answered herself. \'How can you learn lessons in here? Why, there\'s hardly room to open them.',10,'2016-11-24 11:35:40','2020-05-05 17:30:47'),(94,26,NULL,NULL,'That he met in the last few minutes, and she could not stand, and she thought it over a little now and then, and holding it to the Knave of Hearts, he stole those tarts, And took them quite away!\'.',43,'2014-09-07 07:47:47','2020-05-05 17:30:47'),(95,5,3,NULL,'Alice said with some curiosity. \'What a pity it wouldn\'t stay!\' sighed the Hatter. \'You MUST remember,\' remarked the King, \'and don\'t look at a reasonable pace,\' said the Mock Turtle in a trembling.',61,'2012-08-02 00:12:42','2020-05-05 17:30:47'),(96,96,NULL,NULL,'WOULD put their heads downward! The Antipathies, I think--\' (for, you see, Miss, we\'re doing our best, afore she comes, to--\' At this moment the King, \'that saves a world of trouble, you know, this.',75,'2012-06-29 20:44:33','2020-05-05 17:30:47'),(97,4,NULL,NULL,'Alice replied eagerly, for she was appealed to by all three to settle the question, and they repeated their arguments to her, still it had VERY long claws and a large cat which was a little timidly,.',NULL,'2019-08-06 10:24:56','2020-05-05 17:30:47'),(98,71,NULL,NULL,'Mock Turtle replied, counting off the top of his teacup and bread-and-butter, and then keep tight hold of this sort of idea that they could not help bursting out laughing: and when she heard a.',56,'2020-03-21 19:56:12','2020-05-05 17:30:47'),(99,11,8,NULL,'O Mouse!\' (Alice thought this must ever be A secret, kept from all the time she heard her voice sounded hoarse and strange, and the poor little thing howled so, that Alice had begun to think that.',59,'2010-06-19 10:01:20','2020-05-05 17:30:47'),(100,56,NULL,NULL,'Dormouse, and repeated her question. \'Why did you call it sad?\' And she went slowly after it: \'I never was so long since she had never been so much surprised, that for two Pennyworth only of.',NULL,'2020-01-03 16:23:39','2020-05-05 17:30:47');
/*!40000 ALTER TABLE `posts` ENABLE KEYS */;
UNLOCK TABLES;

--
-- Table structure for table `profiles`
--

DROP TABLE IF EXISTS `profiles`;
/*!40101 SET @saved_cs_client     = @@character_set_client */;
/*!40101 SET character_set_client = utf8 */;
CREATE TABLE `profiles` (
  `user_id` int unsigned NOT NULL,
  `gender` char(1) CHARACTER SET utf8 COLLATE utf8_unicode_ci NOT NULL,
  `birthday` date DEFAULT NULL,
  `city` varchar(100) CHARACTER SET utf8 COLLATE utf8_unicode_ci DEFAULT NULL,
  `country` varchar(100) CHARACTER SET utf8 COLLATE utf8_unicode_ci DEFAULT NULL,
  `photo_id` int unsigned DEFAULT NULL,
  PRIMARY KEY (`user_id`),
  KEY `profiles_photo_id_fk` (`photo_id`),
  CONSTRAINT `profiles_photo_id_fk` FOREIGN KEY (`photo_id`) REFERENCES `media` (`id`) ON DELETE SET NULL,
  CONSTRAINT `profiles_user_id_fk` FOREIGN KEY (`user_id`) REFERENCES `users` (`id`) ON DELETE CASCADE
) ENGINE=InnoDB DEFAULT CHARSET=utf8 COLLATE=utf8_unicode_ci;
/*!40101 SET character_set_client = @saved_cs_client */;

--
-- Dumping data for table `profiles`
--

LOCK TABLES `profiles` WRITE;
/*!40000 ALTER TABLE `profiles` DISABLE KEYS */;
INSERT INTO `profiles` VALUES (1,'f','1991-03-20','Coleshire','Guinea',13),(2,'f','1976-08-07','Zolaville','Saint Vincent and the Grenadines',5),(3,'f','1992-05-07','North Emelietown','Lesotho',83),(4,'m','2016-08-18','Dietrichbury','Egypt',2),(5,'m','1997-08-10','Port Jessika','United Arab Emirates',59),(6,'f','1997-12-28','Emeraldberg','Cocos (Keeling) Islands',89),(7,'m','2017-05-02','Johnsview','Uganda',67),(8,'f','1997-06-22','Cruickshankfurt','Malaysia',66),(9,'f','1980-11-25','Katharinamouth','Slovakia (Slovak Republic)',28),(10,'f','1998-10-07','North Stantonland','Comoros',45),(11,'f','1981-10-03','Schillerfort','Korea',38),(12,'f','1982-05-27','Kleinmouth','Eritrea',56),(13,'m','1987-08-27','Lake Coltville','Sierra Leone',65),(14,'m','1994-05-30','Masonton','Kiribati',56),(15,'m','1973-07-27','Huelsland','Saint Helena',85),(16,'m','2006-02-19','North Josephine','Ukraine',56),(17,'m','2000-08-10','Bernierborough','Anguilla',25),(18,'f','1997-11-15','Caseyberg','Kiribati',57),(19,'f','1990-06-30','New Amelialand','Panama',9),(20,'m','1983-03-12','Maudieside','South Africa',72),(21,'f','1987-12-22','Lake Alayna','Libyan Arab Jamahiriya',33),(22,'f','1982-07-24','Eleonorefurt','Nicaragua',50),(23,'m','1987-09-30','Lake Cassandrashire','Cape Verde',51),(24,'m','1971-01-11','Noemyberg','Vietnam',4),(25,'f','1981-12-12','Huelsmouth','Guinea-Bissau',67),(26,'m','1972-10-02','New German','Bahrain',22),(27,'m','2008-06-28','Leathaside','Netherlands Antilles',8),(28,'f','1993-02-01','Maryburgh','Ireland',74),(29,'f','2014-02-15','South Mohammed','Albania',45),(30,'f','1997-01-28','Marcellestad','Lithuania',3),(31,'f','1973-03-17','East Rosetta','Ukraine',81),(32,'f','2003-01-14','Horaceland','Suriname',93),(33,'m','1973-08-27','Leschtown','French Guiana',23),(34,'f','1989-04-08','South Ryleeside','Azerbaijan',35),(35,'m','1992-12-13','Durganton','Malaysia',5),(36,'f','1983-07-28','Hudsonborough','United States of America',19),(37,'m','1995-01-08','South Brendanstad','Panama',80),(38,'f','2019-11-02','Medhurstport','Seychelles',43),(39,'m','2014-02-01','Yundtside','French Polynesia',73),(40,'f','1989-01-29','Lake Gaston','Dominica',38),(41,'m','1990-11-13','North Tyrellmouth','Cook Islands',68),(42,'m','1970-11-11','Runolfssonfurt','Lao People\'s Democratic Republic',26),(43,'m','1985-05-31','Felicityburgh','Djibouti',27),(44,'m','1974-07-20','Jeramyfort','Saint Lucia',56),(45,'m','1976-12-13','Port Effie','Singapore',100),(46,'m','1976-04-09','O\'Keefemouth','Solomon Islands',29),(47,'f','1987-01-12','Port Kip','Romania',44),(48,'m','2012-04-06','West Jorge','Brazil',32),(49,'f','2005-02-28','Port Nobleland','Paraguay',30),(50,'m','1980-09-13','Stefaniefort','Belgium',53),(51,'m','2006-03-21','New Ryanport','Liechtenstein',73),(52,'m','1998-08-13','North Maximillian','Sudan',8),(53,'m','1988-08-10','Port Braeden','Latvia',18),(54,'f','2015-11-01','Mantestad','Saint Lucia',64),(55,'m','1986-07-02','East Tyrese','Portugal',69),(56,'f','1970-07-03','South Marion','Mauritius',52),(57,'f','1986-03-13','North Leanne','Saint Vincent and the Grenadines',51),(58,'f','1997-11-04','Ursulabury','Palau',1),(59,'m','1970-08-21','East Otho','Venezuela',51),(60,'m','2002-03-04','North Monserrat','Malta',51),(61,'f','1988-09-19','Abelport','Mongolia',1),(62,'f','1972-11-16','Darenstad','Sudan',52),(63,'m','1970-10-31','Schultzberg','British Virgin Islands',56),(64,'f','1974-05-15','Port Charlesside','Taiwan',23),(65,'f','1997-03-07','Mrazhaven','Spain',48),(66,'m','2011-08-28','Emilhaven','Turks and Caicos Islands',68),(67,'f','1993-11-04','Wymanmouth','Gibraltar',99),(68,'m','1997-07-18','Schowalterborough','Turkmenistan',87),(69,'m','1986-06-05','Turnerhaven','Guadeloupe',40),(70,'f','1976-06-02','North Brendaton','Swaziland',38),(71,'m','1993-07-22','Leuschkeside','Sudan',71),(72,'m','2004-03-05','Haskellborough','Burundi',38),(73,'m','2019-06-30','Littleburgh','Kiribati',79),(74,'f','1973-05-20','Emmerichshire','Taiwan',82),(75,'m','2008-11-15','Lilianmouth','Netherlands',69),(76,'m','2003-03-01','Donaldton','Malta',98),(77,'m','2012-09-14','South Mollie','Saint Helena',85),(78,'f','1986-03-26','Meganestad','Palestinian Territory',30),(79,'m','1980-09-09','Osinskifurt','South Georgia and the South Sandwich Islands',96),(80,'m','1978-05-27','Enolahaven','Sao Tome and Principe',89),(81,'f','1991-06-03','Jaskolskiborough','Zimbabwe',58),(82,'f','2015-11-26','Hyattport','Cayman Islands',20),(83,'f','2001-07-13','New Dallas','Burundi',25),(84,'f','1978-01-23','East Eldridge','Chad',65),(85,'f','2001-09-28','Nellaville','Western Sahara',49),(86,'f','2008-03-04','East Trevorville','Malta',50),(87,'m','1985-05-28','New Dejaside','Timor-Leste',2),(88,'m','1986-11-20','East Torreymouth','Cuba',59),(89,'f','1975-04-03','Feeneybury','Nicaragua',90),(90,'m','1979-07-07','East Jarret','Puerto Rico',73),(91,'f','1980-01-18','Altenwerthberg','South Georgia and the South Sandwich Islands',94),(92,'f','2010-11-21','Lake Maureen','Bosnia and Herzegovina',52),(93,'m','1976-06-26','West Britneymouth','Aruba',76),(94,'m','1978-11-14','Alexieport','Guadeloupe',25),(95,'m','1976-11-06','Urbantown','Slovakia (Slovak Republic)',97),(96,'m','1995-07-09','Boscomouth','Svalbard & Jan Mayen Islands',7),(97,'m','1998-01-23','New Anne','Malaysia',43),(98,'f','2016-01-18','New Savanna','Sierra Leone',94),(99,'f','1998-12-05','Prohaskatown','Egypt',39),(100,'m','2005-09-02','East Alainaberg','Cambodia',13);
/*!40000 ALTER TABLE `profiles` ENABLE KEYS */;
UNLOCK TABLES;

--
-- Table structure for table `target_types`
--

DROP TABLE IF EXISTS `target_types`;
/*!40101 SET @saved_cs_client     = @@character_set_client */;
/*!40101 SET character_set_client = utf8 */;
CREATE TABLE `target_types` (
  `id` int unsigned NOT NULL AUTO_INCREMENT,
  `name` varchar(255) CHARACTER SET latin1 COLLATE latin1_swedish_ci NOT NULL,
  `created_at` datetime DEFAULT CURRENT_TIMESTAMP,
  PRIMARY KEY (`id`),
  UNIQUE KEY `name` (`name`)
) ENGINE=InnoDB AUTO_INCREMENT=5 DEFAULT CHARSET=utf8 COLLATE=utf8_unicode_ci;
/*!40101 SET character_set_client = @saved_cs_client */;

--
-- Dumping data for table `target_types`
--

LOCK TABLES `target_types` WRITE;
/*!40000 ALTER TABLE `target_types` DISABLE KEYS */;
INSERT INTO `target_types` VALUES (1,'messages','2020-05-05 14:34:31'),(2,'users','2020-05-05 14:34:31'),(3,'media','2020-05-05 14:34:31'),(4,'posts','2020-05-05 14:34:31');
/*!40000 ALTER TABLE `target_types` ENABLE KEYS */;
UNLOCK TABLES;

--
-- Table structure for table `users`
--

DROP TABLE IF EXISTS `users`;
/*!40101 SET @saved_cs_client     = @@character_set_client */;
/*!40101 SET character_set_client = utf8 */;
CREATE TABLE `users` (
  `id` int unsigned NOT NULL AUTO_INCREMENT,
  `first_name` varchar(100) CHARACTER SET utf8 COLLATE utf8_unicode_ci NOT NULL,
  `last_name` varchar(100) CHARACTER SET utf8 COLLATE utf8_unicode_ci NOT NULL,
  `email` varchar(120) CHARACTER SET utf8 COLLATE utf8_unicode_ci NOT NULL,
  `phone` varchar(120) CHARACTER SET utf8 COLLATE utf8_unicode_ci NOT NULL,
  `created_at` datetime DEFAULT CURRENT_TIMESTAMP,
  `updated_at` datetime DEFAULT CURRENT_TIMESTAMP ON UPDATE CURRENT_TIMESTAMP,
  PRIMARY KEY (`id`),
  UNIQUE KEY `email` (`email`),
  UNIQUE KEY `phone` (`phone`),
  UNIQUE KEY `users_email_uq` (`email`),
  UNIQUE KEY `users_phone_uq` (`phone`)
) ENGINE=InnoDB AUTO_INCREMENT=101 DEFAULT CHARSET=utf8 COLLATE=utf8_unicode_ci;
/*!40101 SET character_set_client = @saved_cs_client */;

--
-- Dumping data for table `users`
--

LOCK TABLES `users` WRITE;
/*!40000 ALTER TABLE `users` DISABLE KEYS */;
INSERT INTO `users` VALUES (1,'Selina','Herzog','antone92@example.org','145-965-3188','2018-08-06 00:55:43','2020-04-24 20:19:18'),(2,'Doris','Lubowitz','lbosco@example.net','08032147891','2013-05-18 02:13:10','2019-02-02 02:47:05'),(3,'Wilbert','Hintz','wmarvin@example.org','(639)216-3718x36184','2017-12-26 19:31:24','2020-04-24 20:19:18'),(4,'Myrtie','Weissnat','olson.gerardo@example.com','(208)030-8932','2019-02-07 20:28:31','2020-04-24 20:19:18'),(5,'Alford','Doyle','ifriesen@example.org','286-883-4769','2016-09-17 11:40:17','2020-04-24 20:19:18'),(6,'Flo','DuBuque','bella08@example.net','09648893205','2015-08-16 22:42:24','2020-04-24 20:19:18'),(7,'Deron','Langworth','ghills@example.com','+84(0)9312857577','2018-01-31 20:57:58','2020-04-24 20:19:18'),(8,'Hayley','O\'Hara','champlin.alysa@example.org','(351)788-2358','2017-04-17 17:26:24','2020-04-24 20:19:18'),(9,'Alexandra','Prosacco','broderick17@example.org','02190889670','2018-03-13 00:54:11','2020-04-24 20:19:18'),(10,'Rosario','Dach','aglae16@example.org','268-645-4134x30668','2016-10-06 13:19:53','2020-04-24 20:19:18'),(11,'Ian','Heaney','alycia00@example.com','408.893.2754x1031','2016-01-11 03:23:17','2020-04-24 20:19:18'),(12,'Joelle','Casper','felicity.buckridge@example.org','00961891158','2020-04-06 23:32:53','2020-04-24 20:19:18'),(13,'Daija','VonRueden','jackson.bartell@example.net','1-887-644-9639x287','2011-08-16 19:10:10','2015-01-20 22:01:19'),(14,'Jeanie','Koch','linnie27@example.org','234-392-0925x36403','2018-12-10 16:47:59','2019-09-05 01:37:48'),(15,'Bernadette','Schuster','jose61@example.org','1-378-653-6815x126','2020-02-17 12:22:40','2020-04-24 20:19:18'),(16,'Janice','Hansen','ally50@example.org','(133)948-9882','2019-11-23 05:58:13','2020-04-24 20:19:18'),(17,'Stephania','Howe','harber.jerald@example.com','1-541-257-7830','2014-09-06 16:52:11','2020-01-16 13:07:29'),(18,'Francesca','Deckow','kirsten.runte@example.org','(550)856-0377x11212','2018-07-11 21:20:31','2020-04-24 20:19:18'),(19,'Lorenza','Bechtelar','qhyatt@example.org','154-027-3580x71781','2019-04-16 01:18:21','2020-04-24 20:19:18'),(20,'Janet','Davis','mgleichner@example.com','1-179-346-0730','2010-05-12 16:16:41','2020-02-17 01:01:17'),(21,'Kyleigh','Kilback','mclaughlin.tiara@example.org','332-082-1890x609','2014-07-14 11:58:02','2015-12-21 17:59:58'),(22,'Roselyn','Abshire','sonya58@example.net','143-237-6121','2013-05-29 00:53:02','2016-08-23 21:02:31'),(23,'Walker','Leuschke','quincy.rodriguez@example.net','+38(9)4829782590','2018-11-14 02:17:11','2020-04-24 20:19:18'),(24,'Ubaldo','Gleason','jules60@example.com','+45(3)6463089950','2010-08-26 07:35:36','2018-05-22 03:46:59'),(25,'Kendrick','Hansen','mohammed03@example.net','632.305.7905x976','2015-11-17 06:03:15','2020-04-24 20:19:18'),(26,'Clinton','Anderson','payton.romaguera@example.net','(475)042-8157x01682','2011-11-04 01:55:06','2014-01-02 02:48:56'),(27,'Oleta','Hodkiewicz','marcia21@example.com','1-247-838-9004x087','2014-08-23 13:04:03','2015-08-05 03:09:13'),(28,'Oleta','Stanton','kozey.thalia@example.org','909.440.6328','2014-11-06 02:27:11','2015-10-26 02:30:26'),(29,'Arielle','Shields','oheller@example.net','312.284.8195','2014-03-19 05:55:19','2016-08-23 04:11:58'),(30,'Ursula','Jast','ellis01@example.org','(733)872-7278','2014-10-22 22:02:01','2020-04-24 20:19:18'),(31,'Hosea','Williamson','clinton42@example.org','1-700-681-0913','2020-02-26 21:25:09','2020-04-24 20:19:18'),(32,'Alexanne','King','nlangosh@example.org','+56(0)0152616734','2013-10-12 18:44:24','2015-09-29 07:15:22'),(33,'Zackary','Larson','rlebsack@example.net','430-655-3518','2015-08-24 04:12:02','2019-10-27 07:27:30'),(34,'Tito','Hamill','rau.lisa@example.com','(701)740-2162x8250','2017-10-09 02:18:19','2020-04-24 20:19:18'),(35,'Haley','Swaniawski','eulah33@example.net','853.798.1033x3597','2017-02-03 13:37:04','2018-02-12 15:51:00'),(36,'Thomas','Thompson','hraynor@example.com','135-442-8382x93742','2015-01-29 17:35:47','2020-04-24 20:19:18'),(37,'Eryn','Harvey','turner.merl@example.com','809-394-3551x1026','2010-04-25 18:08:37','2018-12-06 23:54:58'),(38,'Noelia','Roberts','lyla.lindgren@example.net','1-389-231-1130','2017-10-22 18:48:52','2018-09-24 00:34:46'),(39,'Aiden','Beier','manley31@example.com','806-352-7775x280','2020-02-07 11:30:01','2020-04-24 20:19:18'),(40,'Faye','Ankunding','cassandra74@example.com','+37(4)2117145183','2011-05-10 02:45:31','2015-10-29 04:04:52'),(41,'Nola','Bruen','akunze@example.org','921-242-7167x58330','2019-12-19 22:47:23','2020-04-24 20:19:18'),(42,'Elena','Reynolds','kessler.imani@example.org','1-877-020-7239','2015-12-26 12:34:58','2020-04-24 20:19:18'),(43,'Dayton','Larkin','christ82@example.com','(837)864-2053x5238','2016-07-08 01:41:25','2018-07-28 06:24:34'),(44,'Melyssa','Cronin','quitzon.geovanni@example.org','(690)236-8667x25045','2016-02-05 09:29:31','2020-04-24 20:19:18'),(45,'Rossie','Wyman','littel.ashley@example.org','262.141.6186','2015-11-08 07:52:31','2020-04-24 20:19:18'),(46,'Craig','Feil','alexandria55@example.org','(576)662-2395x92368','2010-11-03 06:52:59','2012-12-03 00:02:26'),(47,'Dallin','Kovacek','rempel.victoria@example.com','(921)530-1690','2018-04-28 03:17:27','2020-04-24 20:19:18'),(48,'Eleazar','Langosh','mreinger@example.org','+15(3)0472798416','2013-11-27 00:56:25','2020-04-24 20:19:18'),(49,'Mariela','Lang','arden.braun@example.com','778-961-1318','2012-11-15 10:51:40','2017-01-31 19:01:56'),(50,'Annabelle','Beatty','kasandra54@example.net','1-684-661-0893','2012-06-03 09:24:48','2012-09-13 18:04:01'),(51,'Natasha','Mayer','weissnat.kacie@example.com','097.714.8747x8065','2014-02-28 23:53:42','2015-11-26 04:14:00'),(52,'Daniela','Rempel','wilderman.lew@example.org','535.244.0848','2017-12-04 12:16:30','2020-04-24 20:19:18'),(53,'Assunta','Adams','botsford.chanelle@example.net','(080)253-1806','2018-12-04 18:13:27','2019-08-02 13:38:31'),(54,'Letha','Buckridge','narmstrong@example.com','710-622-3627','2014-08-02 18:54:52','2016-10-05 06:00:20'),(55,'Noble','Ferry','walker.leilani@example.org','010-035-5585x0162','2012-05-14 14:32:34','2020-04-24 20:19:18'),(56,'Layla','Kub','dalton32@example.org','1-838-625-0722x3943','2010-09-18 23:42:29','2017-01-10 06:20:24'),(57,'Kaley','Eichmann','jenkins.allison@example.com','253.917.0109x65474','2010-06-04 05:57:58','2014-02-07 20:35:02'),(58,'Wilbert','Fritsch','aliza56@example.com','106.032.1389','2018-06-27 09:28:34','2020-04-24 20:19:18'),(59,'Tad','Champlin','roxane07@example.org','(753)810-1734','2017-09-05 20:27:07','2020-04-24 20:19:18'),(60,'Lupe','Conn','tgulgowski@example.com','1-025-261-0938','2019-03-06 05:18:43','2020-04-24 20:19:18'),(61,'Branson','Jerde','tavares.ritchie@example.net','(663)879-6874x952','2019-09-10 03:40:49','2020-04-24 20:19:18'),(62,'Bernadette','Homenick','wolff.raymundo@example.org','357.335.3631x14055','2015-02-20 21:13:08','2020-04-24 20:19:18'),(63,'Crawford','Hane','retha96@example.net','603.199.2334x51009','2014-12-03 21:01:58','2016-09-14 04:55:37'),(64,'Claudie','Gutkowski','brippin@example.org','936.743.7573','2015-07-14 07:35:33','2020-04-24 20:19:18'),(65,'Colleen','Bauch','cruickshank.sadye@example.net','404.535.2485','2010-10-12 08:19:26','2018-07-12 23:41:23'),(66,'Benedict','Walker','hilton44@example.net','1-165-750-6070','2018-03-24 08:19:00','2020-04-24 20:19:18'),(67,'Ephraim','Cassin','hope81@example.org','(117)553-1517','2019-03-15 08:30:32','2020-02-01 11:40:16'),(68,'Wilford','Boyer','oceane.stroman@example.org','1-304-611-7798','2017-08-01 17:10:54','2020-04-24 20:19:18'),(69,'Christa','Bednar','bkohler@example.org','03609574482','2011-12-12 23:03:47','2016-04-27 00:44:19'),(70,'Carlee','Schmidt','igrimes@example.net','08135900798','2018-11-13 21:26:15','2020-04-24 20:19:18'),(71,'Otis','Wiegand','ned56@example.com','783.745.1085x46021','2014-02-17 08:35:01','2020-04-24 20:19:18'),(72,'Emmalee','Sawayn','neoma85@example.org','361.504.4921x556','2013-05-10 13:10:42','2014-05-30 10:09:24'),(73,'Verla','Barrows','jason.gislason@example.com','632.945.3670','2010-06-10 13:56:52','2018-08-04 20:31:36'),(74,'Reid','Block','marvin.joanne@example.org','(468)072-8420','2014-06-08 17:42:55','2016-07-28 05:20:28'),(75,'Earline','Lueilwitz','ida14@example.net','437-166-4272x1168','2018-07-11 04:34:58','2020-04-24 20:19:18'),(76,'Lottie','Mann','scot36@example.net','1-339-996-3691x91116','2018-06-17 08:28:54','2020-04-24 20:19:18'),(77,'Rollin','Gutkowski','liza.wyman@example.org','672-202-2977x744','2013-12-26 14:21:36','2020-04-24 20:19:18'),(78,'Augustus','Nicolas','winfield36@example.net','259-452-9337','2019-12-24 02:17:29','2020-04-24 20:19:18'),(79,'Lisette','Koelpin','botsford.carley@example.net','(692)008-5279x80165','2014-07-01 05:04:47','2018-07-12 10:28:06'),(80,'Abner','McCullough','jillian65@example.com','+34(6)4647623871','2015-02-06 10:17:28','2020-04-24 20:19:18'),(81,'Samson','Schmitt','npowlowski@example.org','664-604-6285','2013-12-25 11:40:20','2014-03-16 02:07:44'),(82,'Courtney','Brown','sandra.grady@example.org','043-877-6042x58366','2015-01-09 07:10:40','2020-04-24 20:19:18'),(83,'Destin','Hoeger','dgutmann@example.org','1-240-842-6726x971','2014-07-10 01:53:14','2016-08-30 13:38:14'),(84,'Margaretta','Kris','lillie.jacobs@example.org','296.971.8435','2010-08-01 23:13:27','2011-12-05 20:07:58'),(85,'Marie','Morissette','zwalter@example.com','424-303-4371x482','2019-07-04 23:54:47','2020-04-24 20:19:18'),(86,'Pearline','Vandervort','hegmann.reginald@example.net','380.150.6337','2013-11-17 17:14:38','2014-01-17 04:53:20'),(87,'Sharon','Simonis','dhamill@example.net','223-482-2518x7367','2018-11-30 13:52:50','2018-12-23 10:27:28'),(88,'Mona','Hodkiewicz','berneice55@example.org','891.000.5108x7916','2011-06-03 17:42:07','2016-09-30 20:13:27'),(89,'Fredrick','Wiegand','braden.pfeffer@example.com','00344043612','2018-08-07 00:33:17','2020-04-24 20:19:18'),(90,'Carleton','Gibson','melvin.greenholt@example.org','04787521655','2013-10-10 16:23:03','2015-08-14 01:14:07'),(91,'Esta','Beier','labadie.samir@example.org','(227)791-3830x54071','2014-07-22 07:43:22','2015-02-16 17:09:33'),(92,'Isabella','Muller','smraz@example.net','999.472.9701','2014-12-25 20:13:47','2020-04-24 20:19:18'),(93,'Camden','Simonis','tleannon@example.org','(131)749-2912x729','2013-10-13 20:50:55','2020-04-24 20:19:18'),(94,'Maybelle','Schiller','hills.jennie@example.com','07607704594','2018-10-18 23:05:46','2020-04-24 20:19:18'),(95,'Kennith','Stiedemann','fkemmer@example.org','065.083.1150','2016-12-07 05:56:01','2020-04-24 20:19:18'),(96,'Christa','Macejkovic','erdman.jaylin@example.net','1-897-154-6240','2017-03-22 12:28:09','2017-10-08 03:11:15'),(97,'Chester','Fadel','bins.edmond@example.com','561-652-5388x10297','2014-10-14 05:27:10','2017-12-27 09:58:56'),(98,'Marcel','Corwin','echristiansen@example.com','(920)390-1367','2019-09-16 10:15:26','2020-04-24 20:19:18'),(99,'Roberta','Dickens','olen44@example.net','272-368-5895','2020-04-05 17:39:17','2020-04-24 20:19:18'),(100,'Delpha','Flatley','lillie53@example.net','436-853-7309x00114','2017-04-25 18:14:36','2020-04-24 20:19:18');
/*!40000 ALTER TABLE `users` ENABLE KEYS */;
UNLOCK TABLES;

--
-- Dumping routines for database 'vk'
--
/*!40103 SET TIME_ZONE=@OLD_TIME_ZONE */;

/*!40101 SET SQL_MODE=@OLD_SQL_MODE */;
/*!40014 SET FOREIGN_KEY_CHECKS=@OLD_FOREIGN_KEY_CHECKS */;
/*!40014 SET UNIQUE_CHECKS=@OLD_UNIQUE_CHECKS */;
/*!40101 SET CHARACTER_SET_CLIENT=@OLD_CHARACTER_SET_CLIENT */;
/*!40101 SET CHARACTER_SET_RESULTS=@OLD_CHARACTER_SET_RESULTS */;
/*!40101 SET COLLATION_CONNECTION=@OLD_COLLATION_CONNECTION */;
/*!40111 SET SQL_NOTES=@OLD_SQL_NOTES */;

-- Dump completed on 2020-05-21 20:40:10
