-- --------------------------------------------------------
-- Хост:                         127.0.0.1
-- Версия сервера:               5.7.25 - MySQL Community Server (GPL)
-- ОС Сервера:                   Win64
-- HeidiSQL Версия:              9.3.0.4984
-- --------------------------------------------------------

/*!40101 SET @OLD_CHARACTER_SET_CLIENT=@@CHARACTER_SET_CLIENT */;
/*!40101 SET NAMES utf8mb4 */;
/*!40014 SET @OLD_FOREIGN_KEY_CHECKS=@@FOREIGN_KEY_CHECKS, FOREIGN_KEY_CHECKS=0 */;
/*!40101 SET @OLD_SQL_MODE=@@SQL_MODE, SQL_MODE='NO_AUTO_VALUE_ON_ZERO' */;

-- Дамп структуры для таблица vk.communities
DROP TABLE IF EXISTS `communities`;
CREATE TABLE IF NOT EXISTS `communities` (
  `id` int(10) unsigned NOT NULL AUTO_INCREMENT,
  `name` varchar(150) COLLATE utf8_unicode_ci NOT NULL,
  PRIMARY KEY (`id`),
  UNIQUE KEY `name` (`name`)
) ENGINE=InnoDB AUTO_INCREMENT=11 DEFAULT CHARSET=utf8 COLLATE=utf8_unicode_ci;

-- Дамп данных таблицы vk.communities: ~10 rows (приблизительно)
/*!40000 ALTER TABLE `communities` DISABLE KEYS */;
INSERT INTO `communities` (`id`, `name`) VALUES
	(1, 'aut'),
	(8, 'dignissimos'),
	(4, 'ducimus'),
	(6, 'enim'),
	(2, 'et'),
	(7, 'expedita'),
	(5, 'id'),
	(9, 'sint'),
	(3, 'sit'),
	(10, 'ut');
/*!40000 ALTER TABLE `communities` ENABLE KEYS */;


-- Дамп структуры для таблица vk.communities_users
DROP TABLE IF EXISTS `communities_users`;
CREATE TABLE IF NOT EXISTS `communities_users` (
  `community_id` int(10) unsigned NOT NULL,
  `user_id` int(10) unsigned NOT NULL,
  PRIMARY KEY (`community_id`,`user_id`)
) ENGINE=InnoDB DEFAULT CHARSET=utf8 COLLATE=utf8_unicode_ci;

-- Дамп данных таблицы vk.communities_users: ~138 rows (приблизительно)
/*!40000 ALTER TABLE `communities_users` DISABLE KEYS */;
INSERT INTO `communities_users` (`community_id`, `user_id`) VALUES
	(1, 2),
	(1, 5),
	(1, 27),
	(1, 30),
	(1, 31),
	(1, 32),
	(1, 40),
	(1, 45),
	(1, 73),
	(1, 82),
	(1, 84),
	(1, 87),
	(1, 90),
	(2, 18),
	(2, 32),
	(2, 37),
	(2, 38),
	(2, 39),
	(2, 59),
	(2, 66),
	(2, 78),
	(2, 82),
	(2, 93),
	(2, 99),
	(3, 1),
	(3, 3),
	(3, 5),
	(3, 7),
	(3, 34),
	(3, 37),
	(3, 39),
	(3, 55),
	(3, 59),
	(3, 66),
	(3, 68),
	(3, 75),
	(3, 76),
	(3, 81),
	(3, 84),
	(3, 88),
	(3, 89),
	(3, 91),
	(4, 2),
	(4, 16),
	(4, 25),
	(4, 57),
	(4, 59),
	(4, 61),
	(4, 66),
	(4, 73),
	(4, 76),
	(4, 79),
	(4, 88),
	(4, 92),
	(5, 6),
	(5, 17),
	(5, 20),
	(5, 31),
	(5, 35),
	(5, 36),
	(5, 40),
	(5, 42),
	(5, 45),
	(5, 48),
	(5, 50),
	(5, 57),
	(5, 59),
	(5, 60),
	(5, 62),
	(5, 73),
	(5, 81),
	(5, 89),
	(5, 92),
	(5, 94),
	(6, 3),
	(6, 6),
	(6, 10),
	(6, 22),
	(6, 27),
	(6, 33),
	(6, 40),
	(6, 41),
	(6, 48),
	(6, 59),
	(6, 63),
	(6, 70),
	(6, 72),
	(7, 5),
	(7, 10),
	(7, 11),
	(7, 14),
	(7, 36),
	(7, 38),
	(7, 43),
	(7, 52),
	(7, 54),
	(7, 65),
	(7, 67),
	(7, 69),
	(7, 79),
	(7, 83),
	(7, 87),
	(7, 90),
	(8, 3),
	(8, 11),
	(8, 12),
	(8, 16),
	(8, 33),
	(8, 38),
	(8, 39),
	(8, 48),
	(8, 64),
	(8, 67),
	(8, 76),
	(8, 77),
	(8, 92),
	(8, 100),
	(9, 5),
	(9, 14),
	(9, 18),
	(9, 20),
	(9, 43),
	(9, 46),
	(9, 53),
	(9, 62),
	(9, 68),
	(9, 70),
	(9, 74),
	(9, 90),
	(10, 11),
	(10, 15),
	(10, 31),
	(10, 36),
	(10, 72),
	(10, 79),
	(10, 89),
	(10, 94),
	(10, 99);
/*!40000 ALTER TABLE `communities_users` ENABLE KEYS */;


-- Дамп структуры для таблица vk.friendship
DROP TABLE IF EXISTS `friendship`;
CREATE TABLE IF NOT EXISTS `friendship` (
  `user_id` int(10) unsigned NOT NULL,
  `friend_id` int(10) unsigned NOT NULL,
  `status_id` int(10) unsigned NOT NULL,
  `requested_at` datetime DEFAULT CURRENT_TIMESTAMP,
  `confirmed_at` datetime DEFAULT NULL,
  PRIMARY KEY (`user_id`,`friend_id`)
) ENGINE=InnoDB DEFAULT CHARSET=utf8 COLLATE=utf8_unicode_ci;

-- Дамп данных таблицы vk.friendship: ~100 rows (приблизительно)
/*!40000 ALTER TABLE `friendship` DISABLE KEYS */;
INSERT INTO `friendship` (`user_id`, `friend_id`, `status_id`, `requested_at`, `confirmed_at`) VALUES
	(2, 39, 1, '2014-03-03 17:58:06', '2018-02-14 22:32:52'),
	(3, 18, 2, '2016-10-11 06:38:04', '2020-04-28 21:18:20'),
	(3, 86, 2, '2018-05-26 19:11:27', '2020-04-28 21:18:20'),
	(4, 40, 3, '2016-11-17 14:32:18', '2020-04-28 21:18:20'),
	(4, 51, 3, '2014-12-28 06:09:47', '2019-12-08 17:26:13'),
	(6, 66, 2, '2019-05-30 04:48:00', '2020-04-28 21:18:20'),
	(6, 91, 2, '2019-05-11 13:35:13', '2020-04-28 21:18:20'),
	(6, 93, 2, '2019-06-04 18:26:35', '2020-04-28 21:18:20'),
	(7, 2, 1, '2012-11-30 03:28:50', '2020-04-28 21:18:20'),
	(12, 49, 1, '2016-03-04 21:33:52', '2020-04-28 21:18:20'),
	(13, 11, 2, '2015-10-03 19:27:08', '2017-02-16 15:05:49'),
	(13, 87, 2, '2016-04-21 05:08:59', '2017-07-12 21:57:50'),
	(14, 15, 1, '2014-10-19 20:55:16', '2020-04-28 21:18:20'),
	(14, 42, 1, '2014-04-28 14:56:12', '2019-09-27 11:46:05'),
	(14, 69, 1, '2012-07-10 09:19:00', '2012-11-17 18:47:01'),
	(16, 2, 2, '2014-03-27 08:47:03', '2017-08-12 13:46:04'),
	(16, 62, 1, '2015-04-24 13:32:43', '2018-01-20 05:24:00'),
	(16, 88, 3, '2016-11-16 14:45:44', '2020-04-28 21:18:20'),
	(18, 1, 1, '2016-05-13 01:05:47', '2016-08-24 14:39:18'),
	(20, 66, 2, '2017-02-23 00:36:54', '2020-04-28 21:18:20'),
	(20, 92, 1, '2017-06-02 07:58:30', '2020-04-28 21:18:20'),
	(22, 43, 2, '2013-05-09 14:39:18', '2017-01-28 04:02:19'),
	(23, 98, 2, '2016-08-12 21:42:50', '2017-01-09 18:58:59'),
	(25, 65, 3, '2015-03-11 03:01:49', '2020-04-28 21:18:20'),
	(26, 46, 2, '2017-01-13 01:12:45', '2020-04-28 21:18:20'),
	(26, 69, 2, '2012-08-22 07:04:59', '2019-11-26 12:19:33'),
	(28, 36, 3, '2016-01-04 02:24:10', '2020-04-28 21:18:20'),
	(29, 29, 1, '2013-12-24 08:37:20', '2018-12-06 00:09:09'),
	(29, 98, 2, '2015-09-14 02:21:21', '2016-04-26 06:28:42'),
	(30, 36, 2, '2014-04-09 19:50:48', '2016-12-28 13:05:15'),
	(30, 82, 3, '2017-05-13 04:05:46', '2018-08-24 05:14:54'),
	(33, 21, 1, '2012-06-29 12:42:25', '2015-04-25 01:45:38'),
	(33, 39, 1, '2015-11-30 20:04:23', '2018-12-22 15:55:35'),
	(34, 39, 1, '2017-05-23 03:34:38', '2020-04-28 21:18:20'),
	(36, 49, 3, '2015-02-15 00:16:02', '2018-05-06 20:11:48'),
	(37, 97, 3, '2014-05-22 22:03:53', '2016-11-17 20:26:20'),
	(41, 33, 3, '2015-03-05 05:42:02', '2018-10-25 01:43:58'),
	(41, 36, 1, '2014-11-25 15:31:19', '2018-08-09 06:05:43'),
	(41, 42, 2, '2013-11-17 09:47:08', '2015-11-18 20:45:26'),
	(42, 47, 2, '2012-12-15 15:21:11', '2020-04-28 21:18:20'),
	(43, 4, 1, '2012-06-29 10:58:03', '2020-04-28 21:18:20'),
	(44, 73, 2, '2010-07-31 22:33:53', '2017-07-04 06:26:45'),
	(46, 32, 1, '2010-06-06 17:27:25', '2016-10-29 00:30:54'),
	(48, 66, 3, '2011-04-19 01:58:04', '2014-03-19 00:28:54'),
	(50, 17, 1, '2013-12-23 04:15:04', '2019-11-23 14:01:29'),
	(51, 2, 3, '2019-06-14 05:50:55', '2019-08-25 11:57:09'),
	(51, 52, 1, '2017-11-06 08:29:16', '2020-04-28 21:18:20'),
	(52, 88, 2, '2017-07-10 00:58:06', '2020-04-28 21:18:20'),
	(54, 46, 3, '2015-08-20 05:31:04', '2020-04-28 21:18:20'),
	(54, 94, 2, '2013-12-12 03:26:50', '2018-10-05 07:57:30'),
	(56, 53, 1, '2010-08-27 00:33:51', '2011-10-01 04:49:02'),
	(57, 6, 1, '2012-06-12 02:35:16', '2020-04-28 21:18:20'),
	(58, 55, 1, '2013-11-05 10:34:35', '2015-08-14 04:26:12'),
	(59, 84, 2, '2019-10-11 21:29:53', '2020-04-28 21:18:20'),
	(59, 86, 3, '2020-01-31 10:13:05', '2020-04-28 21:18:20'),
	(60, 66, 2, '2013-12-19 16:46:42', '2017-12-06 15:12:18'),
	(62, 31, 2, '2019-04-13 12:57:40', '2020-04-28 21:18:20'),
	(63, 14, 2, '2019-07-21 06:37:54', '2020-04-28 21:18:20'),
	(63, 37, 2, '2017-04-26 17:06:51', '2020-04-28 21:18:20'),
	(65, 67, 1, '2013-03-27 19:09:26', '2018-08-18 12:57:08'),
	(66, 88, 3, '2013-01-15 16:22:42', '2020-04-28 21:18:20'),
	(67, 6, 2, '2012-09-04 16:39:24', '2019-09-25 12:38:15'),
	(67, 100, 1, '2015-06-15 19:56:43', '2016-09-07 16:54:08'),
	(68, 23, 3, '2020-01-26 05:33:30', '2020-04-28 21:18:20'),
	(70, 57, 2, '2014-08-14 14:36:57', '2020-04-28 21:18:20'),
	(71, 10, 1, '2013-12-31 00:40:42', '2015-06-05 23:47:13'),
	(71, 12, 3, '2016-08-02 23:33:50', '2020-03-01 08:53:55'),
	(71, 22, 3, '2019-10-15 08:51:33', '2020-04-28 21:18:20'),
	(72, 87, 3, '2011-08-23 11:43:45', '2019-10-06 15:33:23'),
	(73, 81, 1, '2020-01-23 14:22:20', '2020-04-28 21:18:20'),
	(74, 44, 1, '2010-09-20 09:17:13', '2018-01-15 05:52:26'),
	(75, 20, 2, '2017-05-17 06:24:29', '2018-12-02 10:35:19'),
	(75, 94, 1, '2014-08-25 02:02:48', '2020-04-28 21:18:20'),
	(76, 53, 3, '2016-09-26 20:12:11', '2020-04-28 21:18:20'),
	(77, 40, 3, '2014-07-30 13:38:50', '2020-04-28 21:18:20'),
	(78, 54, 2, '2016-06-12 19:09:35', '2017-10-30 21:05:26'),
	(81, 59, 2, '2019-01-04 01:27:58', '2020-04-28 21:18:20'),
	(83, 17, 3, '2018-09-11 11:23:15', '2020-04-28 21:18:20'),
	(83, 60, 1, '2015-05-04 16:12:32', '2020-03-01 03:36:57'),
	(83, 97, 1, '2013-02-09 03:32:55', '2020-04-28 21:18:20'),
	(84, 41, 3, '2013-09-29 13:51:58', '2020-02-15 07:28:12'),
	(86, 24, 2, '2018-10-23 13:55:57', '2019-04-06 18:50:33'),
	(87, 34, 1, '2018-05-23 00:10:41', '2020-04-28 21:18:20'),
	(87, 62, 1, '2016-12-19 01:33:40', '2018-08-27 04:25:44'),
	(90, 43, 3, '2014-04-24 17:50:27', '2020-04-28 21:18:20'),
	(90, 70, 3, '2019-04-15 08:42:03', '2020-04-28 21:18:20'),
	(92, 31, 3, '2019-05-13 06:32:15', '2020-04-28 21:18:20'),
	(92, 83, 2, '2019-08-02 06:44:18', '2020-04-28 21:18:20'),
	(93, 94, 1, '2014-07-30 10:20:41', '2015-11-06 00:40:26'),
	(95, 94, 2, '2018-12-19 13:03:58', '2020-04-28 21:18:20'),
	(96, 31, 2, '2016-03-09 18:34:38', '2018-04-25 09:09:43'),
	(96, 52, 3, '2018-01-14 11:45:36', '2020-04-28 21:18:20'),
	(96, 97, 1, '2013-02-20 14:37:15', '2020-01-08 01:52:22'),
	(98, 30, 1, '2013-08-08 00:18:46', '2019-08-30 18:32:54'),
	(98, 34, 3, '2014-03-29 19:35:11', '2020-02-26 00:03:03'),
	(98, 77, 1, '2012-09-28 08:49:55', '2020-04-28 21:18:20'),
	(98, 98, 2, '2013-09-03 03:22:31', '2020-04-28 21:18:20'),
	(99, 20, 2, '2011-09-11 23:16:05', '2012-12-27 11:46:28'),
	(99, 56, 2, '2011-12-20 12:17:52', '2019-02-22 23:36:37'),
	(99, 72, 3, '2020-03-18 13:50:10', '2020-04-28 21:18:20');
/*!40000 ALTER TABLE `friendship` ENABLE KEYS */;


-- Дамп структуры для таблица vk.friendship_statuses
DROP TABLE IF EXISTS `friendship_statuses`;
CREATE TABLE IF NOT EXISTS `friendship_statuses` (
  `id` int(10) unsigned NOT NULL AUTO_INCREMENT,
  `name` varchar(150) COLLATE utf8_unicode_ci NOT NULL,
  PRIMARY KEY (`id`),
  UNIQUE KEY `name` (`name`)
) ENGINE=InnoDB AUTO_INCREMENT=4 DEFAULT CHARSET=utf8 COLLATE=utf8_unicode_ci;

-- Дамп данных таблицы vk.friendship_statuses: ~3 rows (приблизительно)
/*!40000 ALTER TABLE `friendship_statuses` DISABLE KEYS */;
INSERT INTO `friendship_statuses` (`id`, `name`) VALUES
	(2, 'Confirmed'),
	(3, 'Rejected'),
	(1, 'Requested');
/*!40000 ALTER TABLE `friendship_statuses` ENABLE KEYS */;


-- Дамп структуры для таблица vk.media
DROP TABLE IF EXISTS `media`;
CREATE TABLE IF NOT EXISTS `media` (
  `id` int(10) unsigned NOT NULL AUTO_INCREMENT,
  `media_type_id` int(10) unsigned NOT NULL,
  `user_id` int(10) unsigned NOT NULL,
  `filename` varchar(255) COLLATE utf8_unicode_ci NOT NULL,
  `size` int(11) NOT NULL,
  `metadata` json DEFAULT NULL,
  `created_at` datetime DEFAULT CURRENT_TIMESTAMP,
  `updated_at` datetime DEFAULT CURRENT_TIMESTAMP ON UPDATE CURRENT_TIMESTAMP,
  PRIMARY KEY (`id`)
) ENGINE=InnoDB AUTO_INCREMENT=101 DEFAULT CHARSET=utf8 COLLATE=utf8_unicode_ci;

-- Дамп данных таблицы vk.media: ~100 rows (приблизительно)
/*!40000 ALTER TABLE `media` DISABLE KEYS */;
INSERT INTO `media` (`id`, `media_type_id`, `user_id`, `filename`, `size`, `metadata`, `created_at`, `updated_at`) VALUES
	(1, 2, 94, 'https://dropbox/vk/autem.mprg', 8281, {"owner": "Maybelle Schiller"}, '2014-06-09 06:02:20', '2020-04-28 21:12:01'),
	(2, 1, 85, 'https://dropbox/vk/qui.jpeg', 9053, {"owner": "Marie Morissette"}, '2018-10-07 04:56:37', '2020-04-28 21:12:01'),
	(3, 2, 24, 'https://dropbox/vk/voluptatibus.jpeg', 487253, {"owner": "Ubaldo Gleason"}, '2018-10-07 03:15:41', '2020-04-28 21:12:01'),
	(4, 2, 38, 'https://dropbox/vk/qui.png', 38145, {"owner": "Noelia Roberts"}, '2016-08-19 03:33:53', '2020-04-28 21:12:01'),
	(5, 2, 25, 'https://dropbox/vk/ea.avi', 718966, {"owner": "Kendrick Hansen"}, '2016-01-17 13:18:55', '2020-04-28 21:12:01'),
	(6, 2, 23, 'https://dropbox/vk/ut.avi', 74206, {"owner": "Walker Leuschke"}, '2012-08-24 05:40:23', '2020-04-28 21:12:01'),
	(7, 3, 52, 'https://dropbox/vk/quidem.jpeg', 957687894, {"owner": "Daniela Rempel"}, '2011-12-14 15:12:10', '2020-04-28 21:12:01'),
	(8, 2, 73, 'https://dropbox/vk/iste.jpeg', 66524, {"owner": "Verla Barrows"}, '2010-12-05 00:10:18', '2020-04-28 21:12:01'),
	(9, 1, 29, 'https://dropbox/vk/dolor.avi', 470396, {"owner": "Arielle Shields"}, '2020-02-26 07:56:15', '2020-04-28 21:12:01'),
	(10, 2, 6, 'https://dropbox/vk/sed.avi', 46875662, {"owner": "Flo DuBuque"}, '2010-08-05 02:35:15', '2020-04-28 21:12:01'),
	(11, 2, 21, 'https://dropbox/vk/facilis.avi', 185082, {"owner": "Kyleigh Kilback"}, '2016-02-18 09:37:18', '2020-04-28 21:12:01'),
	(12, 3, 16, 'https://dropbox/vk/repellendus.mprg', 504224, {"owner": "Janice Hansen"}, '2020-02-18 01:59:22', '2020-04-28 21:12:01'),
	(13, 1, 27, 'https://dropbox/vk/autem.jpeg', 955873, {"owner": "Oleta Hodkiewicz"}, '2014-03-01 05:31:37', '2020-04-28 21:12:01'),
	(14, 3, 55, 'https://dropbox/vk/autem.png', 262675914, {"owner": "Noble Ferry"}, '2014-07-08 11:19:07', '2020-04-28 21:12:01'),
	(15, 2, 61, 'https://dropbox/vk/tenetur.mprg', 8804, {"owner": "Branson Jerde"}, '2017-02-09 21:43:50', '2020-04-28 21:12:01'),
	(16, 1, 20, 'https://dropbox/vk/quis.avi', 9046470, {"owner": "Janet Davis"}, '2012-12-11 07:01:35', '2020-04-28 21:12:01'),
	(17, 3, 29, 'https://dropbox/vk/consequatur.avi', 256696, {"owner": "Arielle Shields"}, '2017-03-11 14:49:50', '2020-04-28 21:12:01'),
	(18, 1, 50, 'https://dropbox/vk/velit.avi', 153475, {"owner": "Annabelle Beatty"}, '2013-05-11 02:40:36', '2020-04-28 21:12:01'),
	(19, 1, 69, 'https://dropbox/vk/rerum.mprg', 405861, {"owner": "Christa Bednar"}, '2012-05-11 16:43:05', '2020-04-28 21:12:01'),
	(20, 2, 3, 'https://dropbox/vk/sed.mprg', 249216, {"owner": "Wilbert Hintz"}, '2015-08-17 00:08:18', '2020-04-28 21:12:01'),
	(21, 3, 84, 'https://dropbox/vk/corporis.png', 65894, {"owner": "Margaretta Kris"}, '2010-09-02 17:50:32', '2020-04-28 21:12:01'),
	(22, 1, 39, 'https://dropbox/vk/cupiditate.avi', 18500, {"owner": "Aiden Beier"}, '2019-02-05 19:31:35', '2020-04-28 21:12:01'),
	(23, 2, 70, 'https://dropbox/vk/sit.png', 827303, {"owner": "Carlee Schmidt"}, '2016-01-20 16:47:33', '2020-04-28 21:12:01'),
	(24, 3, 15, 'https://dropbox/vk/accusamus.png', 8229, {"owner": "Bernadette Schuster"}, '2018-11-06 07:15:48', '2020-04-28 21:12:01'),
	(25, 2, 14, 'https://dropbox/vk/amet.mprg', 334852, {"owner": "Jeanie Koch"}, '2015-12-22 05:38:53', '2020-04-28 21:12:01'),
	(26, 1, 24, 'https://dropbox/vk/sit.avi', 9443, {"owner": "Ubaldo Gleason"}, '2015-03-31 05:31:50', '2020-04-28 21:12:01'),
	(27, 2, 90, 'https://dropbox/vk/quia.png', 4255, {"owner": "Carleton Gibson"}, '2011-11-25 15:24:46', '2020-04-28 21:12:01'),
	(28, 3, 7, 'https://dropbox/vk/eligendi.jpeg', 688901, {"owner": "Deron Langworth"}, '2013-12-11 03:41:03', '2020-04-28 21:12:01'),
	(29, 3, 16, 'https://dropbox/vk/et.jpeg', 608760, {"owner": "Janice Hansen"}, '2014-04-07 07:33:50', '2020-04-28 21:12:01'),
	(30, 3, 67, 'https://dropbox/vk/et.png', 62083438, {"owner": "Ephraim Cassin"}, '2013-02-17 03:59:48', '2020-04-28 21:12:01'),
	(31, 3, 65, 'https://dropbox/vk/dolore.jpeg', 3846945, {"owner": "Colleen Bauch"}, '2018-05-05 04:25:09', '2020-04-28 21:12:01'),
	(32, 1, 30, 'https://dropbox/vk/rem.png', 29244, {"owner": "Ursula Jast"}, '2017-08-21 20:13:29', '2020-04-28 21:12:01'),
	(33, 3, 90, 'https://dropbox/vk/optio.jpeg', 5435296, {"owner": "Carleton Gibson"}, '2013-06-18 09:04:41', '2020-04-28 21:12:01'),
	(34, 2, 45, 'https://dropbox/vk/ab.png', 170381, {"owner": "Rossie Wyman"}, '2014-12-08 09:02:48', '2020-04-28 21:12:01'),
	(35, 1, 66, 'https://dropbox/vk/nostrum.png', 309942, {"owner": "Benedict Walker"}, '2016-07-28 05:07:05', '2020-04-28 21:12:01'),
	(36, 3, 52, 'https://dropbox/vk/ipsa.mprg', 44719, {"owner": "Daniela Rempel"}, '2010-06-08 11:10:20', '2020-04-28 21:12:01'),
	(37, 3, 73, 'https://dropbox/vk/amet.png', 4919703, {"owner": "Verla Barrows"}, '2016-07-26 14:03:14', '2020-04-28 21:12:01'),
	(38, 2, 83, 'https://dropbox/vk/aut.avi', 451979, {"owner": "Destin Hoeger"}, '2014-03-07 16:40:47', '2020-04-28 21:12:01'),
	(39, 1, 1, 'https://dropbox/vk/mollitia.avi', 8282, {"owner": "Selina Herzog"}, '2019-08-04 15:33:57', '2020-04-28 21:12:01'),
	(40, 2, 40, 'https://dropbox/vk/ipsum.mprg', 190349573, {"owner": "Faye Ankunding"}, '2013-07-11 06:09:35', '2020-04-28 21:12:01'),
	(41, 3, 18, 'https://dropbox/vk/repudiandae.jpeg', 490354, {"owner": "Francesca Deckow"}, '2019-08-25 05:09:55', '2020-04-28 21:12:01'),
	(42, 2, 49, 'https://dropbox/vk/excepturi.png', 320069, {"owner": "Mariela Lang"}, '2019-07-10 01:19:10', '2020-04-28 21:12:01'),
	(43, 1, 1, 'https://dropbox/vk/architecto.mprg', 234408, {"owner": "Selina Herzog"}, '2014-07-26 03:33:10', '2020-04-28 21:12:01'),
	(44, 1, 23, 'https://dropbox/vk/pariatur.png', 201834, {"owner": "Walker Leuschke"}, '2011-06-05 19:53:47', '2020-04-28 21:12:01'),
	(45, 3, 17, 'https://dropbox/vk/earum.avi', 61318, {"owner": "Stephania Howe"}, '2017-10-08 07:28:40', '2020-04-28 21:12:01'),
	(46, 2, 92, 'https://dropbox/vk/sit.png', 37453403, {"owner": "Isabella Muller"}, '2013-10-01 18:18:25', '2020-04-28 21:12:01'),
	(47, 3, 76, 'https://dropbox/vk/voluptatem.png', 295947, {"owner": "Lottie Mann"}, '2015-02-20 14:36:36', '2020-04-28 21:12:01'),
	(48, 3, 73, 'https://dropbox/vk/velit.avi', 48329599, {"owner": "Verla Barrows"}, '2015-07-12 15:49:39', '2020-04-28 21:12:01'),
	(49, 1, 99, 'https://dropbox/vk/et.png', 2306581, {"owner": "Roberta Dickens"}, '2017-09-17 06:14:33', '2020-04-28 21:12:01'),
	(50, 3, 24, 'https://dropbox/vk/ea.avi', 864231, {"owner": "Ubaldo Gleason"}, '2016-09-18 01:01:41', '2020-04-28 21:12:01'),
	(51, 3, 65, 'https://dropbox/vk/delectus.jpeg', 199500, {"owner": "Colleen Bauch"}, '2013-02-20 10:30:34', '2020-04-28 21:12:01'),
	(52, 2, 12, 'https://dropbox/vk/enim.avi', 87134, {"owner": "Joelle Casper"}, '2017-09-26 03:38:51', '2020-04-28 21:12:01'),
	(53, 1, 64, 'https://dropbox/vk/suscipit.jpeg', 423318, {"owner": "Claudie Gutkowski"}, '2016-08-17 03:52:37', '2020-04-28 21:12:01'),
	(54, 3, 79, 'https://dropbox/vk/quidem.jpeg', 513896, {"owner": "Lisette Koelpin"}, '2011-02-04 09:54:08', '2020-04-28 21:12:01'),
	(55, 3, 92, 'https://dropbox/vk/reiciendis.png', 5931949, {"owner": "Isabella Muller"}, '2019-05-02 10:13:30', '2020-04-28 21:12:01'),
	(56, 1, 79, 'https://dropbox/vk/itaque.jpeg', 289527, {"owner": "Lisette Koelpin"}, '2018-11-12 12:00:16', '2020-04-28 21:12:01'),
	(57, 1, 82, 'https://dropbox/vk/quibusdam.jpeg', 56625466, {"owner": "Courtney Brown"}, '2019-10-02 21:41:25', '2020-04-28 21:12:01'),
	(58, 1, 16, 'https://dropbox/vk/eligendi.jpeg', 6090652, {"owner": "Janice Hansen"}, '2011-11-27 18:47:55', '2020-04-28 21:12:01'),
	(59, 2, 82, 'https://dropbox/vk/reprehenderit.jpeg', 24336, {"owner": "Courtney Brown"}, '2015-09-23 22:54:31', '2020-04-28 21:12:01'),
	(60, 1, 98, 'https://dropbox/vk/nisi.avi', 87976, {"owner": "Marcel Corwin"}, '2013-03-02 22:14:56', '2020-04-28 21:12:01'),
	(61, 3, 28, 'https://dropbox/vk/vitae.png', 895946, {"owner": "Oleta Stanton"}, '2016-03-11 14:03:15', '2020-04-28 21:12:01'),
	(62, 2, 79, 'https://dropbox/vk/harum.mprg', 6285753, {"owner": "Lisette Koelpin"}, '2015-07-07 04:10:13', '2020-04-28 21:12:01'),
	(63, 2, 10, 'https://dropbox/vk/repellat.avi', 8824829, {"owner": "Rosario Dach"}, '2019-03-13 04:08:14', '2020-04-28 21:12:01'),
	(64, 1, 70, 'https://dropbox/vk/quia.avi', 601150, {"owner": "Carlee Schmidt"}, '2017-07-15 16:16:04', '2020-04-28 21:12:01'),
	(65, 3, 69, 'https://dropbox/vk/quo.mprg', 307913, {"owner": "Christa Bednar"}, '2015-01-17 08:15:26', '2020-04-28 21:12:01'),
	(66, 1, 71, 'https://dropbox/vk/ut.mprg', 3834630, {"owner": "Otis Wiegand"}, '2014-09-06 10:32:25', '2020-04-28 21:12:01'),
	(67, 2, 68, 'https://dropbox/vk/incidunt.jpeg', 2299, {"owner": "Wilford Boyer"}, '2014-01-24 12:32:03', '2020-04-28 21:12:01'),
	(68, 1, 70, 'https://dropbox/vk/nihil.png', 5396757, {"owner": "Carlee Schmidt"}, '2016-07-07 00:12:48', '2020-04-28 21:12:01'),
	(69, 1, 78, 'https://dropbox/vk/qui.avi', 1906, {"owner": "Augustus Nicolas"}, '2019-05-27 20:48:04', '2020-04-28 21:12:01'),
	(70, 1, 96, 'https://dropbox/vk/nemo.mprg', 726114, {"owner": "Christa Macejkovic"}, '2012-12-09 23:44:09', '2020-04-28 21:12:01'),
	(71, 3, 67, 'https://dropbox/vk/autem.png', 696832, {"owner": "Ephraim Cassin"}, '2019-01-18 23:36:57', '2020-04-28 21:12:01'),
	(72, 2, 78, 'https://dropbox/vk/voluptate.avi', 295818, {"owner": "Augustus Nicolas"}, '2017-04-06 04:09:22', '2020-04-28 21:12:01'),
	(73, 3, 1, 'https://dropbox/vk/quia.mprg', 9132672, {"owner": "Selina Herzog"}, '2017-02-17 06:16:31', '2020-04-28 21:12:01'),
	(74, 1, 30, 'https://dropbox/vk/cupiditate.avi', 378596, {"owner": "Ursula Jast"}, '2011-04-21 23:50:26', '2020-04-28 21:12:01'),
	(75, 3, 32, 'https://dropbox/vk/voluptatem.jpeg', 79596, {"owner": "Alexanne King"}, '2016-10-09 08:58:40', '2020-04-28 21:12:01'),
	(76, 3, 80, 'https://dropbox/vk/unde.png', 995528, {"owner": "Abner McCullough"}, '2010-09-06 21:52:16', '2020-04-28 21:12:01'),
	(77, 1, 17, 'https://dropbox/vk/sit.mprg', 831851, {"owner": "Stephania Howe"}, '2013-05-15 19:45:55', '2020-04-28 21:12:01'),
	(78, 2, 63, 'https://dropbox/vk/cumque.avi', 629685773, {"owner": "Crawford Hane"}, '2019-06-29 11:48:23', '2020-04-28 21:12:01'),
	(79, 2, 9, 'https://dropbox/vk/beatae.png', 162671, {"owner": "Alexandra Prosacco"}, '2018-01-07 13:31:03', '2020-04-28 21:12:01'),
	(80, 2, 33, 'https://dropbox/vk/deserunt.mprg', 47338, {"owner": "Zackary Larson"}, '2012-07-05 04:10:43', '2020-04-28 21:12:01'),
	(81, 3, 25, 'https://dropbox/vk/earum.jpeg', 83731744, {"owner": "Kendrick Hansen"}, '2013-11-11 19:07:47', '2020-04-28 21:12:01'),
	(82, 3, 10, 'https://dropbox/vk/harum.png', 307803, {"owner": "Rosario Dach"}, '2012-04-16 00:47:49', '2020-04-28 21:12:01'),
	(83, 3, 87, 'https://dropbox/vk/autem.mprg', 2080, {"owner": "Sharon Simonis"}, '2015-09-24 21:08:50', '2020-04-28 21:12:01'),
	(84, 1, 24, 'https://dropbox/vk/dicta.png', 41000, {"owner": "Ubaldo Gleason"}, '2012-07-06 01:11:53', '2020-04-28 21:12:01'),
	(85, 3, 28, 'https://dropbox/vk/rerum.jpeg', 98765668, {"owner": "Oleta Stanton"}, '2015-04-25 06:59:17', '2020-04-28 21:12:01'),
	(86, 3, 32, 'https://dropbox/vk/odit.png', 271595, {"owner": "Alexanne King"}, '2018-09-22 14:15:06', '2020-04-28 21:12:01'),
	(87, 1, 93, 'https://dropbox/vk/sed.mprg', 224975, {"owner": "Camden Simonis"}, '2014-04-21 21:10:05', '2020-04-28 21:12:01'),
	(88, 1, 43, 'https://dropbox/vk/corporis.avi', 38333829, {"owner": "Dayton Larkin"}, '2012-01-23 13:34:23', '2020-04-28 21:12:01'),
	(89, 3, 3, 'https://dropbox/vk/a.jpeg', 756286, {"owner": "Wilbert Hintz"}, '2014-05-04 10:27:05', '2020-04-28 21:12:01'),
	(90, 2, 75, 'https://dropbox/vk/voluptate.png', 87569, {"owner": "Earline Lueilwitz"}, '2018-03-13 15:37:27', '2020-04-28 21:12:01'),
	(91, 3, 100, 'https://dropbox/vk/enim.avi', 7746, {"owner": "Delpha Flatley"}, '2019-11-29 22:58:55', '2020-04-28 21:12:01'),
	(92, 3, 94, 'https://dropbox/vk/et.jpeg', 300091, {"owner": "Maybelle Schiller"}, '2015-12-18 14:07:30', '2020-04-28 21:12:01'),
	(93, 2, 12, 'https://dropbox/vk/et.jpeg', 511199535, {"owner": "Joelle Casper"}, '2016-12-01 10:42:59', '2020-04-28 21:12:01'),
	(94, 3, 42, 'https://dropbox/vk/fugit.avi', 9538, {"owner": "Elena Reynolds"}, '2013-09-05 20:08:20', '2020-04-28 21:12:01'),
	(95, 1, 89, 'https://dropbox/vk/est.avi', 55409, {"owner": "Fredrick Wiegand"}, '2014-01-29 14:39:39', '2020-04-28 21:12:01'),
	(96, 1, 98, 'https://dropbox/vk/error.mprg', 815531, {"owner": "Marcel Corwin"}, '2013-01-17 11:23:15', '2020-04-28 21:12:01'),
	(97, 2, 78, 'https://dropbox/vk/animi.avi', 107696, {"owner": "Augustus Nicolas"}, '2012-07-02 13:21:43', '2020-04-28 21:12:01'),
	(98, 3, 6, 'https://dropbox/vk/perspiciatis.jpeg', 27864388, {"owner": "Flo DuBuque"}, '2016-12-18 12:37:34', '2020-04-28 21:12:01'),
	(99, 3, 87, 'https://dropbox/vk/unde.mprg', 3889, {"owner": "Sharon Simonis"}, '2013-01-19 16:10:04', '2020-04-28 21:12:01'),
	(100, 2, 28, 'https://dropbox/vk/sint.png', 682722, {"owner": "Oleta Stanton"}, '2014-06-21 23:23:10', '2020-04-28 21:12:01');
/*!40000 ALTER TABLE `media` ENABLE KEYS */;


-- Дамп структуры для таблица vk.media_types
DROP TABLE IF EXISTS `media_types`;
CREATE TABLE IF NOT EXISTS `media_types` (
  `id` int(10) unsigned NOT NULL AUTO_INCREMENT,
  `name` varchar(255) COLLATE utf8_unicode_ci NOT NULL,
  PRIMARY KEY (`id`),
  UNIQUE KEY `name` (`name`)
) ENGINE=InnoDB AUTO_INCREMENT=4 DEFAULT CHARSET=utf8 COLLATE=utf8_unicode_ci;

-- Дамп данных таблицы vk.media_types: ~3 rows (приблизительно)
/*!40000 ALTER TABLE `media_types` DISABLE KEYS */;
INSERT INTO `media_types` (`id`, `name`) VALUES
	(3, 'audio'),
	(1, 'photo'),
	(2, 'video');
/*!40000 ALTER TABLE `media_types` ENABLE KEYS */;


-- Дамп структуры для таблица vk.messages
DROP TABLE IF EXISTS `messages`;
CREATE TABLE IF NOT EXISTS `messages` (
  `id` int(10) unsigned NOT NULL AUTO_INCREMENT,
  `from_user_id` int(10) unsigned NOT NULL,
  `to_user_id` int(10) unsigned DEFAULT NULL,
  `community_id` int(10) unsigned DEFAULT NULL,
  `body` text COLLATE utf8_unicode_ci NOT NULL,
  `is_important` tinyint(1) DEFAULT NULL,
  `is_delivered` tinyint(1) DEFAULT NULL,
  `created_at` datetime DEFAULT CURRENT_TIMESTAMP,
  PRIMARY KEY (`id`)
) ENGINE=InnoDB AUTO_INCREMENT=101 DEFAULT CHARSET=utf8 COLLATE=utf8_unicode_ci;

-- Дамп данных таблицы vk.messages: ~100 rows (приблизительно)
/*!40000 ALTER TABLE `messages` DISABLE KEYS */;
INSERT INTO `messages` (`id`, `from_user_id`, `to_user_id`, `community_id`, `body`, `is_important`, `is_delivered`, `created_at`) VALUES
	(1, 38, 89, 10, 'Aut expedita facere et qui. Quibusdam dolor magnam praesentium quibusdam. Ullam cupiditate rerum cupiditate non et pariatur reprehenderit nulla. Odio illo aliquid fuga debitis.', 1, 1, '2019-02-13 17:46:12'),
	(2, 88, 97, 1, 'Tempora consequatur ut quibusdam et maiores. Et autem dolore rem optio rem voluptatem dolores iste. Aut hic voluptatem earum sed asperiores. Ut occaecati sint quisquam autem quo nostrum qui quia.', 0, 1, '2015-04-17 12:10:16'),
	(3, 51, 25, 10, 'Nihil sit facilis exercitationem ut. Doloribus occaecati aut enim quam illum. Nostrum maiores voluptas facere laudantium amet laboriosam ea quaerat. Non quibusdam et commodi est.', 0, 0, '2015-10-01 13:30:51'),
	(4, 43, 5, 8, 'Enim quos nemo adipisci qui dolorem. Enim ratione autem soluta est ut libero modi eos. Reprehenderit repudiandae error iste sunt voluptatem sit quis officiis. Sequi quo nemo unde dolorem facilis.', 1, 1, '2012-08-28 10:10:19'),
	(5, 48, 79, 5, 'Est accusantium error accusamus a nihil vel. Et accusantium odio iure dolore ut et nam.', 1, 1, '2014-06-22 03:45:06'),
	(6, 18, 54, 7, 'Hic omnis voluptatem explicabo sed quod quaerat nisi magnam. Quo beatae quia alias assumenda sint odio. Eius ut fuga ab et et illo.', 0, 0, '2017-01-13 12:32:00'),
	(7, 72, 53, 7, 'Sunt labore et consequatur asperiores est laudantium omnis. Quia aut quia quos cupiditate quod sed cupiditate. Dignissimos illo nesciunt voluptatibus voluptas nemo eveniet dolorem qui.', 1, 0, '2015-12-14 04:49:55'),
	(8, 85, 18, 7, 'Impedit quis ex at non harum. Rerum provident ut animi et sed. Possimus rerum commodi aut laudantium maiores sequi et id.', 0, 0, '2011-01-30 07:10:53'),
	(9, 82, 42, 7, 'Praesentium fuga non maiores corrupti. Maxime enim velit tempore sequi. Corrupti animi nihil autem animi quis. Dolor quia inventore quia quae aut id.', 0, 1, '2017-01-23 21:29:42'),
	(10, 44, 48, 2, 'Ipsam est quia a tempore sunt nam. Eos officia non porro ipsa. Libero voluptatem debitis reiciendis dolorem eos tempora in. Distinctio non et placeat officia impedit voluptas eum.', 0, 1, '2015-02-11 17:14:53'),
	(11, 77, 85, 1, 'Autem sed nam possimus sit voluptatem. Molestiae alias voluptatum voluptatem ipsum aut ad. Deserunt soluta debitis dolore impedit. Ullam enim rerum molestiae.', 1, 1, '2019-08-20 22:15:33'),
	(12, 74, 73, 1, 'Sit rerum molestiae distinctio et est praesentium. Ducimus dolor quam delectus labore vel qui.', 1, 1, '2018-08-21 06:09:26'),
	(13, 82, 24, 3, 'Temporibus optio aut corrupti sed quam ratione voluptas distinctio. Tempore amet accusamus tenetur est quidem. Perferendis et corporis nobis nihil eaque. Optio nobis tenetur aut ea.', 1, 0, '2017-07-22 23:42:49'),
	(14, 77, 66, 3, 'Sit autem molestiae ipsam at in cumque quia. Deserunt in porro qui sed sit.', 1, 0, '2016-10-05 14:14:17'),
	(15, 55, 13, 1, 'Non eius enim voluptates sed nulla beatae. Rerum illum et tenetur dolorem voluptas voluptatem. Expedita repellat distinctio ea. Ratione dolorem optio vel facilis dolorem aspernatur ea.', 1, 1, '2019-10-12 13:23:58'),
	(16, 97, 31, 7, 'Asperiores omnis sed suscipit. Quibusdam modi vel rerum laboriosam repellat nihil. Sequi est consequatur assumenda molestiae.', 1, 1, '2010-12-28 17:32:49'),
	(17, 64, 3, 2, 'Earum iusto aut repellat eligendi aut sapiente quis fuga. Similique quis et rerum deleniti. Laborum et omnis consequatur distinctio necessitatibus sit ea modi.', 0, 0, '2012-06-03 22:42:18'),
	(18, 32, 88, 4, 'Deserunt nam sed dolorem corrupti nobis similique. Hic quia sed saepe ad vel est explicabo. Deleniti consectetur atque quisquam.', 0, 1, '2018-12-12 14:32:15'),
	(19, 95, 70, 8, 'A qui iste qui dolores. Fugiat nisi omnis magnam quia aut sit non. Aut ut sint iusto cumque rerum rerum. Omnis recusandae odio enim accusantium dicta.', 0, 1, '2015-03-09 16:58:21'),
	(20, 59, 13, 2, 'Et cupiditate error sed qui explicabo sed. Nihil voluptas velit sed impedit similique iusto hic ea. Cumque totam vel quasi nihil.', 0, 0, '2017-03-03 05:38:19'),
	(21, 74, 90, 1, 'Ut doloribus nam fugit expedita ab exercitationem. Itaque commodi voluptas quaerat esse dolorum. Ut qui et esse vitae sunt sed autem ut.', 0, 1, '2015-09-17 17:00:24'),
	(22, 78, 63, 8, 'Nobis explicabo odio non vero voluptatem. Expedita quos iste corporis incidunt inventore quia.', 0, 1, '2018-07-05 00:56:59'),
	(23, 78, 45, 1, 'Libero ut voluptas dolores est similique nihil architecto distinctio. Odio consequuntur rem ullam debitis.', 0, 0, '2018-01-05 10:27:35'),
	(24, 3, 21, 7, 'Ut illo voluptatem placeat ratione. Dolorem veniam rerum cumque atque est aut. Rem est repellat est aut.', 1, 1, '2019-04-05 06:51:35'),
	(25, 32, 76, 8, 'Sed ut minima dolore in non voluptatem. Qui voluptas accusantium necessitatibus tempore aut eos.', 0, 1, '2018-04-01 17:57:23'),
	(26, 39, 72, 2, 'Aut tempore sed commodi. Voluptas enim consequuntur quod officia adipisci dolor sunt animi. Asperiores inventore quaerat non. Similique est vitae iure consequatur.', 1, 0, '2016-06-10 15:16:08'),
	(27, 99, 36, 2, 'Et quod quod autem eos. Maxime voluptatem nulla asperiores dolore atque illum. Saepe alias consequatur esse modi alias sit beatae.', 1, 0, '2014-10-21 08:58:30'),
	(28, 13, 67, 10, 'Ut consequatur qui natus in consectetur aut ut. Tempore odit rerum dignissimos consequuntur. Similique labore ducimus et et.', 1, 1, '2015-10-25 08:23:18'),
	(29, 44, 62, 7, 'Fugit maxime voluptatem voluptatem reprehenderit quo. Repellendus consectetur eos non cumque. Aperiam id illo nulla itaque praesentium. Et nihil ipsa eum facilis consequatur.', 0, 0, '2013-10-02 21:23:08'),
	(30, 16, 20, 9, 'Repellat consequatur asperiores harum vero modi ex. Vel et in impedit nesciunt quam necessitatibus quis. Sit eius soluta sint dolore atque perspiciatis aliquam maiores. Cumque aut eius quibusdam aut.', 0, 1, '2011-08-19 19:56:17'),
	(31, 36, 94, 8, 'Id excepturi qui eveniet ab nulla velit. Dicta ipsam porro blanditiis explicabo cumque. Nam vel quae rerum eum eveniet maiores eum. Et et placeat quae earum dolorem quas pariatur aliquam.', 1, 0, '2020-02-07 13:52:27'),
	(32, 40, 71, 4, 'Cumque eius natus consequatur. Porro aliquam voluptatem sed voluptas non excepturi. Optio nihil non non dolorum ea. Beatae accusamus et et a exercitationem et.', 0, 1, '2012-02-20 07:10:36'),
	(33, 17, 49, 8, 'Ad eos quibusdam ut. Eligendi minus ratione et et repellat mollitia et. Beatae doloremque aliquid sequi neque placeat. Alias consequatur aut dolorum hic dolorem id quos et.', 1, 0, '2015-12-20 09:11:36'),
	(34, 18, 51, 10, 'Culpa autem repellendus officia molestias ad eaque rerum. Ipsam quia ut necessitatibus odit porro. Sed repellendus repellat ea. Accusantium nihil sequi dolorum id ut iusto quidem.', 1, 0, '2018-02-07 00:27:05'),
	(35, 85, 82, 8, 'Officia ullam rerum ullam consequatur eos. Consectetur omnis consequatur illum perferendis dolore. Et officia harum quas ab. Vitae corporis sapiente aut harum odio delectus.', 1, 0, '2017-02-01 05:53:45'),
	(36, 65, 20, 5, 'Cum consequatur in non dolores omnis culpa. Voluptatem nihil eum velit sed recusandae voluptas. In labore ad quaerat omnis.\nQuia ipsa nam vero veritatis. Ullam quidem qui libero ullam.', 1, 1, '2015-03-25 07:41:30'),
	(37, 75, 19, 9, 'Voluptatum et sapiente ad voluptates. Placeat tenetur libero culpa aut. Placeat placeat molestias et doloremque.', 0, 1, '2012-11-28 15:01:34'),
	(38, 87, 32, 5, 'At reprehenderit at nisi consequatur. Et omnis voluptas veniam possimus natus quaerat quo. Ut quo sed nulla quibusdam eveniet rerum itaque.', 0, 1, '2018-07-30 17:21:04'),
	(39, 87, 75, 1, 'Possimus laboriosam suscipit tempora dolor amet. Ut qui consequatur rem beatae error impedit deserunt. Error voluptatem voluptatibus doloremque temporibus. Omnis sit qui ex.', 0, 0, '2012-07-22 05:01:58'),
	(40, 56, 91, 3, 'Excepturi voluptas sequi corrupti laborum expedita tenetur quis exercitationem. Id necessitatibus laboriosam voluptatum maiores. Ipsa rem et eos qui occaecati eveniet qui.', 1, 1, '2019-06-03 14:54:36'),
	(41, 37, 26, 3, 'Placeat nisi adipisci cupiditate id numquam itaque. Nulla distinctio eveniet aut voluptates eum est nihil. Nobis amet est omnis commodi sit necessitatibus molestiae excepturi.', 1, 0, '2018-11-29 11:12:30'),
	(42, 8, 65, 10, 'Ipsum qui quia rerum blanditiis quisquam vel eum. Aut ea officiis non facilis distinctio totam. Perferendis molestias minus labore sit. Et neque quam ex voluptatem est nam.', 0, 0, '2014-07-31 01:27:20'),
	(43, 42, 82, 5, 'Voluptatem nemo natus sed voluptatibus inventore qui. Consequatur itaque incidunt officiis perferendis impedit eveniet dolore. Perferendis perspiciatis vero aut voluptatem qui aperiam quasi.', 0, 1, '2016-01-11 06:23:41'),
	(44, 20, 100, 10, 'Vero ut repudiandae autem nisi. Doloribus quia aut sed repellendus modi aut.', 1, 0, '2013-06-21 21:04:17'),
	(45, 18, 85, 8, 'Laborum ut nesciunt at est omnis nesciunt illum. Molestiae quidem ad sed vero distinctio aut. Tempora dolorum maiores odio accusamus harum veniam.', 0, 1, '2016-01-03 11:44:17'),
	(46, 92, 49, 10, 'Autem rerum quia cupiditate eos. Tenetur accusamus asperiores quis sit nihil vitae fuga. Repellat voluptatem nesciunt id occaecati repellat.', 0, 0, '2011-03-01 04:57:07'),
	(47, 37, 23, 2, 'Rerum ut quae sed nesciunt animi. Voluptas error officia earum earum. Cum aut fuga quo facere veritatis facere officiis et.', 1, 1, '2011-06-02 14:27:52'),
	(48, 18, 10, 5, 'Dolor ipsam animi deleniti vero distinctio. Sed a dolorum ut corporis nostrum libero. Ut vero aliquid autem aliquid. Delectus molestiae nobis qui atque.', 1, 1, '2017-12-13 22:59:10'),
	(49, 66, 96, 2, 'Quia consequatur minima repudiandae libero rerum ad non. Architecto expedita possimus soluta quo. Consequatur debitis vel illum eius sed nemo. Enim sed enim eos.', 1, 0, '2017-07-17 15:55:20'),
	(50, 75, 51, 1, 'Repellat dolor soluta sed. Minus ipsam minus iusto aut blanditiis. Fugit non molestias placeat consequatur.', 1, 1, '2015-09-27 02:58:51'),
	(51, 3, 88, 4, 'Autem porro architecto perferendis qui nemo. Id sed provident ut eligendi officia repellendus. Dolor eos quia sequi accusantium illo dignissimos. Et ipsum ipsa sapiente eum.', 1, 0, '2011-09-27 09:07:58'),
	(52, 26, 96, 1, 'Fugit sit reprehenderit eveniet odio ipsa ut inventore. Sint similique quod sit error quod ut autem eaque.', 0, 1, '2017-08-13 20:12:34'),
	(53, 19, 37, 9, 'Dolor et vel facere quidem. Deleniti sequi veritatis et. Rerum ea sint recusandae sed modi est autem quasi. Harum autem et facere eius sapiente.', 1, 1, '2015-11-22 19:12:56'),
	(54, 61, 57, 9, 'Quis doloremque sit nulla tempora enim cumque et perspiciatis. Delectus qui velit quis corporis. Reprehenderit velit saepe est voluptatem adipisci. Perspiciatis est possimus et iusto et.', 0, 1, '2016-03-29 18:24:31'),
	(55, 54, 75, 7, 'Enim voluptas provident ea voluptate facilis. Modi aut in est et. Ipsa ab distinctio eligendi quibusdam error.', 1, 0, '2011-08-20 09:59:30'),
	(56, 28, 66, 2, 'Repudiandae dolore ex aperiam architecto. Et at possimus sed voluptatem perspiciatis quaerat ut. Non est vitae eos in alias ut ut.', 0, 1, '2019-08-18 02:33:23'),
	(57, 22, 3, 4, 'Dolor qui quae qui at eum rerum enim. Itaque ut dolorem voluptas quasi dolores aliquid. Omnis cupiditate maxime eum quod quis voluptatem sed. Non eos rerum fugit dolores culpa a consequuntur.', 1, 1, '2012-11-24 12:46:14'),
	(58, 36, 21, 5, 'Ut est quae consectetur molestiae dolores quia. Expedita repellat quidem atque sint sunt. Non deserunt sint aut tenetur.', 0, 0, '2015-06-12 06:07:52'),
	(59, 80, 86, 5, 'Qui ab distinctio nihil ullam sint eos. Amet laudantium explicabo quidem. Veniam aut deleniti velit et omnis tempora non. Libero laudantium sit sunt.', 1, 0, '2011-06-04 18:13:10'),
	(60, 100, 60, 10, 'Impedit cumque quia repellat officiis. Repellendus aut in esse debitis saepe qui. Inventore vel omnis ut beatae. Rerum qui sequi quia fugit unde magni.', 1, 0, '2013-08-18 09:26:35'),
	(61, 10, 63, 8, 'Ut quia fuga accusantium ratione quis. Suscipit quia blanditiis incidunt reiciendis et sed fuga. Aliquid cum vero hic porro tempore id quia. Sint natus id voluptatibus et voluptatem libero id.', 1, 0, '2016-09-21 04:41:58'),
	(62, 45, 88, 8, 'Natus reiciendis molestiae consectetur autem omnis et. Nihil architecto eos voluptatem dolor. Expedita enim cupiditate animi nulla illum fuga.', 1, 1, '2013-09-14 14:50:48'),
	(63, 45, 7, 2, 'Repellendus harum accusamus corrupti est qui et. Et voluptatum harum eligendi et. Rerum ratione at ipsam aut. Nemo qui et quia rerum voluptatem ex.', 1, 0, '2019-04-22 22:03:59'),
	(64, 27, 68, 7, 'Modi consequatur culpa saepe. Autem soluta earum quia voluptas. Qui id libero eos voluptas laudantium atque dolores. Non quidem quia ea dignissimos.', 1, 1, '2018-02-28 02:20:31'),
	(65, 8, 21, 5, 'Laboriosam dignissimos amet quis architecto assumenda voluptas esse tempore. Facere quis sit odit ipsum odit. Molestiae non ut voluptas sed.', 1, 0, '2017-11-23 11:40:24'),
	(66, 74, 49, 1, 'Voluptatem voluptatem sapiente ut non et et. Et qui sunt in eum fugit non. Qui libero rerum est consectetur.', 1, 1, '2019-08-30 16:03:31'),
	(67, 88, 71, 1, 'Ducimus et modi magni enim. Aut sunt quia eaque voluptas quia ut. Nobis dolor et sit nihil eaque. Natus dolorum sed explicabo omnis quod.', 0, 0, '2019-05-02 02:50:39'),
	(68, 24, 6, 3, 'Omnis et recusandae consequuntur saepe aspernatur. Illo veritatis suscipit delectus. Doloribus cumque necessitatibus nam sint nemo. Quia similique deleniti provident vitae sunt odit natus.', 1, 0, '2012-10-28 12:57:24'),
	(69, 69, 86, 2, 'Ipsa sunt voluptas rem illum vitae quia. Perferendis perferendis in et cumque tempore optio assumenda. Dolor iste maxime dicta aut. Occaecati consequatur maxime soluta qui ducimus illo quae.', 1, 0, '2015-08-11 20:25:35'),
	(70, 10, 85, 8, 'Quaerat fuga voluptates architecto autem. Sit occaecati iure in quaerat consequuntur. Veritatis numquam alias harum in iusto ut.\nHic omnis aut tempore est et et. Reprehenderit sed ullam animi et.', 0, 0, '2011-06-08 06:15:52'),
	(71, 2, 94, 4, 'Et dignissimos ratione quisquam non doloremque quos voluptatem. Culpa consequatur velit eum rerum quia dolor suscipit. Sit in cupiditate repellendus est magnam consequuntur labore vel.', 1, 0, '2012-10-04 16:45:20'),
	(72, 82, 39, 3, 'Est accusantium laudantium quis quod omnis. Maiores voluptatem provident dolor debitis quia impedit commodi. Nam ut quia cum laboriosam.', 0, 0, '2016-10-29 09:39:19'),
	(73, 56, 83, 4, 'Adipisci natus et repudiandae aperiam consequatur odit reprehenderit id. Neque ea dolorem qui perferendis. Optio qui sint qui tenetur ducimus alias. Excepturi natus nobis earum rerum neque fugiat et.', 0, 1, '2015-07-03 10:19:06'),
	(74, 68, 9, 10, 'Ex voluptatibus eos pariatur cumque beatae animi. In eius repudiandae nemo eaque vitae vitae repellat vitae. Voluptas accusamus repellat pariatur aliquam sint recusandae ut.', 1, 1, '2020-03-08 17:36:51'),
	(75, 35, 17, 2, 'Quaerat vero saepe incidunt illum porro voluptas vitae. Qui incidunt et sunt dicta consequatur ipsum corporis.', 1, 1, '2012-11-01 07:09:23'),
	(76, 77, 91, 7, 'Magni voluptatem consectetur illo ut doloribus. Cupiditate consequatur repudiandae amet reiciendis rerum sed ut. Vel rerum sit iste eos sequi sunt fuga.', 1, 0, '2015-05-13 12:09:04'),
	(77, 84, 78, 4, 'Et eveniet blanditiis cumque impedit molestiae aut. Libero nemo pariatur dolorem exercitationem et aut dolorem. Ratione laborum ullam est laboriosam cupiditate.', 1, 0, '2018-07-09 14:27:56'),
	(78, 94, 1, 5, 'Sed est debitis eos aut perferendis laudantium. Id sint itaque tempora et est eius quis. Et quisquam est nulla quam exercitationem ipsa voluptatem molestiae. Aut nostrum quas eum maiores.', 0, 1, '2012-08-05 00:44:28'),
	(79, 24, 70, 3, 'Quos enim dolores deserunt. Dignissimos dolorem reiciendis et nemo quo nihil. Fugiat sed et reiciendis ipsam voluptatem.', 1, 1, '2011-01-11 06:11:17'),
	(80, 39, 80, 2, 'Velit ex ipsam sunt consequatur. Repudiandae qui corporis illo sit nobis minus. Delectus voluptatem aut perspiciatis beatae laborum quia aut. Porro aut explicabo quis est.', 1, 0, '2011-10-10 16:16:52'),
	(81, 14, 82, 1, 'Facilis ipsam incidunt enim eum possimus aliquam quis minus. Quos cum vel fugiat et vel.', 0, 1, '2014-10-05 03:09:16'),
	(82, 50, 63, 5, 'Beatae vel qui expedita quos mollitia est perspiciatis. Veniam eaque voluptates deserunt aut at dolor. Eos aut id ut quia enim.', 0, 1, '2013-01-07 00:55:06'),
	(83, 75, 18, 3, 'In est quaerat dicta laborum aperiam. Officia similique id temporibus error dolore aperiam aut.', 1, 1, '2017-06-09 00:10:01'),
	(84, 6, 85, 4, 'Maiores veritatis placeat porro non quisquam necessitatibus quo. Aut itaque est sit laboriosam. Eum possimus incidunt debitis dolor minima voluptas quaerat. Distinctio aut error quaerat quia.', 1, 0, '2013-05-22 04:44:18'),
	(85, 4, 20, 6, 'Blanditiis alias eum officiis eligendi deleniti. Eius laborum nam dicta. A magnam officiis blanditiis ex eos necessitatibus fugit.', 0, 0, '2019-03-23 09:33:15'),
	(86, 23, 97, 5, 'Eum eos velit rerum. Perspiciatis molestias sint libero non. Hic sed labore rerum cumque sint. Nam nihil itaque at magnam non est officia.', 1, 1, '2011-01-18 11:11:59'),
	(87, 91, 81, 3, 'Numquam inventore fugiat cum aut ut. Illo minima sit iusto qui voluptatem dolorem. Eum est numquam quisquam asperiores ut voluptates fugiat. Enim velit placeat ad commodi aperiam.', 1, 0, '2019-11-25 00:28:01'),
	(88, 28, 75, 3, 'Animi cum et enim ut mollitia amet ad. Hic maiores sint at voluptate alias cupiditate et. Sint eum laboriosam incidunt modi perspiciatis distinctio voluptatibus.', 1, 1, '2011-03-05 03:06:55'),
	(89, 72, 98, 10, 'Quia sunt quaerat ipsum suscipit. Error cum vel vel dolorum non ea. Harum tempora quisquam explicabo laudantium eum eligendi nisi.', 0, 0, '2011-10-12 17:55:05'),
	(90, 100, 37, 8, 'Reiciendis aliquid voluptas aut ut sapiente. Expedita optio voluptatem aspernatur.', 1, 1, '2017-06-26 06:13:42'),
	(91, 14, 50, 6, 'Distinctio suscipit quo at alias. Ab commodi sequi officiis non. Rerum eos aperiam vitae omnis.', 1, 1, '2015-04-04 01:10:50'),
	(92, 21, 100, 2, 'Harum qui quod est laboriosam sapiente error. Et id et voluptas natus sequi laborum. Est eum modi perspiciatis ipsam.', 1, 1, '2015-03-14 04:40:52'),
	(93, 67, 74, 4, 'Ut deleniti magni voluptatem dolores. Exercitationem sint quia veritatis molestiae aut dolorem. At consequuntur itaque sit ut explicabo voluptatem esse.', 1, 0, '2015-05-03 18:35:57'),
	(94, 95, 79, 2, 'Suscipit ut quia velit harum culpa. Velit sunt consequatur voluptate omnis ratione tempore est.', 1, 0, '2017-08-09 20:38:48'),
	(95, 32, 83, 4, 'Velit iusto vel quam temporibus. Consequatur nesciunt veritatis quos totam hic error non. Nemo incidunt repellendus enim.', 1, 0, '2013-07-26 11:04:01'),
	(96, 86, 6, 4, 'Accusantium numquam ducimus qui voluptatem quis. Cupiditate et quas ipsum molestiae provident ex non in. Ipsam assumenda eos voluptatum.', 1, 0, '2014-07-28 14:37:27'),
	(97, 30, 96, 2, 'Molestiae autem voluptate qui veniam similique velit. Dignissimos eligendi nam aliquam. Rem eos magnam vel reprehenderit.', 0, 0, '2018-10-03 23:54:19'),
	(98, 51, 24, 9, 'Ea totam aut tempora est nisi saepe. Est labore incidunt molestiae et quod est quia.', 0, 1, '2016-03-02 05:14:16'),
	(99, 73, 95, 9, 'Consequatur eligendi blanditiis iste. Et velit necessitatibus enim deserunt alias incidunt distinctio. Laborum architecto laborum itaque cupiditate. Omnis consequuntur omnis ullam optio optio.', 1, 0, '2013-08-21 11:35:45'),
	(100, 65, 94, 3, 'Officia corrupti ut voluptatum sit similique molestiae sed. Aut ad ut autem ut dolor ea vel. Est dolore qui minima maiores minima nesciunt.', 0, 1, '2016-06-21 18:01:35');
/*!40000 ALTER TABLE `messages` ENABLE KEYS */;


-- Дамп структуры для таблица vk.profiles
DROP TABLE IF EXISTS `profiles`;
CREATE TABLE IF NOT EXISTS `profiles` (
  `user_id` int(10) unsigned NOT NULL,
  `gender` char(1) COLLATE utf8_unicode_ci NOT NULL,
  `birthday` date DEFAULT NULL,
  `city` varchar(100) COLLATE utf8_unicode_ci DEFAULT NULL,
  `country` varchar(100) COLLATE utf8_unicode_ci DEFAULT NULL,
  `photo_id` int(10) unsigned DEFAULT NULL,
  PRIMARY KEY (`user_id`)
) ENGINE=InnoDB DEFAULT CHARSET=utf8 COLLATE=utf8_unicode_ci;

-- Дамп данных таблицы vk.profiles: ~100 rows (приблизительно)
/*!40000 ALTER TABLE `profiles` DISABLE KEYS */;
INSERT INTO `profiles` (`user_id`, `gender`, `birthday`, `city`, `country`, `photo_id`) VALUES
	(1, 'f', '1991-03-20', 'Coleshire', 'Guinea', NULL),
	(2, 'f', '1976-08-07', 'Zolaville', 'Saint Vincent and the Grenadines', NULL),
	(3, 'f', '1992-05-07', 'North Emelietown', 'Lesotho', NULL),
	(4, 'm', '2016-08-18', 'Dietrichbury', 'Egypt', NULL),
	(5, 'm', '1997-08-10', 'Port Jessika', 'United Arab Emirates', NULL),
	(6, 'f', '1997-12-28', 'Emeraldberg', 'Cocos (Keeling) Islands', NULL),
	(7, 'm', '2017-05-02', 'Johnsview', 'Uganda', NULL),
	(8, 'f', '1997-06-22', 'Cruickshankfurt', 'Malaysia', NULL),
	(9, 'f', '1980-11-25', 'Katharinamouth', 'Slovakia (Slovak Republic)', NULL),
	(10, 'f', '1998-10-07', 'North Stantonland', 'Comoros', NULL),
	(11, 'f', '1981-10-03', 'Schillerfort', 'Korea', NULL),
	(12, 'f', '1982-05-27', 'Kleinmouth', 'Eritrea', NULL),
	(13, 'm', '1987-08-27', 'Lake Coltville', 'Sierra Leone', NULL),
	(14, 'm', '1994-05-30', 'Masonton', 'Kiribati', NULL),
	(15, 'm', '1973-07-27', 'Huelsland', 'Saint Helena', NULL),
	(16, 'm', '2006-02-19', 'North Josephine', 'Ukraine', NULL),
	(17, 'm', '2000-08-10', 'Bernierborough', 'Anguilla', NULL),
	(18, 'f', '1997-11-15', 'Caseyberg', 'Kiribati', NULL),
	(19, 'f', '1990-06-30', 'New Amelialand', 'Panama', NULL),
	(20, 'm', '1983-03-12', 'Maudieside', 'South Africa', NULL),
	(21, 'f', '1987-12-22', 'Lake Alayna', 'Libyan Arab Jamahiriya', NULL),
	(22, 'f', '1982-07-24', 'Eleonorefurt', 'Nicaragua', NULL),
	(23, 'm', '1987-09-30', 'Lake Cassandrashire', 'Cape Verde', NULL),
	(24, 'm', '1971-01-11', 'Noemyberg', 'Vietnam', NULL),
	(25, 'f', '1981-12-12', 'Huelsmouth', 'Guinea-Bissau', NULL),
	(26, 'm', '1972-10-02', 'New German', 'Bahrain', NULL),
	(27, 'm', '2008-06-28', 'Leathaside', 'Netherlands Antilles', NULL),
	(28, 'f', '1993-02-01', 'Maryburgh', 'Ireland', NULL),
	(29, 'f', '2014-02-15', 'South Mohammed', 'Albania', NULL),
	(30, 'f', '1997-01-28', 'Marcellestad', 'Lithuania', NULL),
	(31, 'f', '1973-03-17', 'East Rosetta', 'Ukraine', NULL),
	(32, 'f', '2003-01-14', 'Horaceland', 'Suriname', NULL),
	(33, 'm', '1973-08-27', 'Leschtown', 'French Guiana', NULL),
	(34, 'f', '1989-04-08', 'South Ryleeside', 'Azerbaijan', NULL),
	(35, 'm', '1992-12-13', 'Durganton', 'Malaysia', NULL),
	(36, 'f', '1983-07-28', 'Hudsonborough', 'United States of America', NULL),
	(37, 'm', '1995-01-08', 'South Brendanstad', 'Panama', NULL),
	(38, 'f', '2019-11-02', 'Medhurstport', 'Seychelles', NULL),
	(39, 'm', '2014-02-01', 'Yundtside', 'French Polynesia', NULL),
	(40, 'f', '1989-01-29', 'Lake Gaston', 'Dominica', NULL),
	(41, 'm', '1990-11-13', 'North Tyrellmouth', 'Cook Islands', NULL),
	(42, 'm', '1970-11-11', 'Runolfssonfurt', 'Lao People\'s Democratic Republic', NULL),
	(43, 'm', '1985-05-31', 'Felicityburgh', 'Djibouti', NULL),
	(44, 'm', '1974-07-20', 'Jeramyfort', 'Saint Lucia', NULL),
	(45, 'm', '1976-12-13', 'Port Effie', 'Singapore', NULL),
	(46, 'm', '1976-04-09', 'O\'Keefemouth', 'Solomon Islands', NULL),
	(47, 'f', '1987-01-12', 'Port Kip', 'Romania', NULL),
	(48, 'm', '2012-04-06', 'West Jorge', 'Brazil', NULL),
	(49, 'f', '2005-02-28', 'Port Nobleland', 'Paraguay', NULL),
	(50, 'm', '1980-09-13', 'Stefaniefort', 'Belgium', NULL),
	(51, 'm', '2006-03-21', 'New Ryanport', 'Liechtenstein', NULL),
	(52, 'm', '1998-08-13', 'North Maximillian', 'Sudan', NULL),
	(53, 'm', '1988-08-10', 'Port Braeden', 'Latvia', NULL),
	(54, 'f', '2015-11-01', 'Mantestad', 'Saint Lucia', NULL),
	(55, 'm', '1986-07-02', 'East Tyrese', 'Portugal', NULL),
	(56, 'f', '1970-07-03', 'South Marion', 'Mauritius', NULL),
	(57, 'f', '1986-03-13', 'North Leanne', 'Saint Vincent and the Grenadines', NULL),
	(58, 'f', '1997-11-04', 'Ursulabury', 'Palau', NULL),
	(59, 'm', '1970-08-21', 'East Otho', 'Venezuela', NULL),
	(60, 'm', '2002-03-04', 'North Monserrat', 'Malta', NULL),
	(61, 'f', '1988-09-19', 'Abelport', 'Mongolia', NULL),
	(62, 'f', '1972-11-16', 'Darenstad', 'Sudan', NULL),
	(63, 'm', '1970-10-31', 'Schultzberg', 'British Virgin Islands', NULL),
	(64, 'f', '1974-05-15', 'Port Charlesside', 'Taiwan', NULL),
	(65, 'f', '1997-03-07', 'Mrazhaven', 'Spain', NULL),
	(66, 'm', '2011-08-28', 'Emilhaven', 'Turks and Caicos Islands', NULL),
	(67, 'f', '1993-11-04', 'Wymanmouth', 'Gibraltar', NULL),
	(68, 'm', '1997-07-18', 'Schowalterborough', 'Turkmenistan', NULL),
	(69, 'm', '1986-06-05', 'Turnerhaven', 'Guadeloupe', NULL),
	(70, 'f', '1976-06-02', 'North Brendaton', 'Swaziland', NULL),
	(71, 'm', '1993-07-22', 'Leuschkeside', 'Sudan', NULL),
	(72, 'm', '2004-03-05', 'Haskellborough', 'Burundi', NULL),
	(73, 'm', '2019-06-30', 'Littleburgh', 'Kiribati', NULL),
	(74, 'f', '1973-05-20', 'Emmerichshire', 'Taiwan', NULL),
	(75, 'm', '2008-11-15', 'Lilianmouth', 'Netherlands', NULL),
	(76, 'm', '2003-03-01', 'Donaldton', 'Malta', NULL),
	(77, 'm', '2012-09-14', 'South Mollie', 'Saint Helena', NULL),
	(78, 'f', '1986-03-26', 'Meganestad', 'Palestinian Territory', NULL),
	(79, 'm', '1980-09-09', 'Osinskifurt', 'South Georgia and the South Sandwich Islands', NULL),
	(80, 'm', '1978-05-27', 'Enolahaven', 'Sao Tome and Principe', NULL),
	(81, 'f', '1991-06-03', 'Jaskolskiborough', 'Zimbabwe', NULL),
	(82, 'f', '2015-11-26', 'Hyattport', 'Cayman Islands', NULL),
	(83, 'f', '2001-07-13', 'New Dallas', 'Burundi', NULL),
	(84, 'f', '1978-01-23', 'East Eldridge', 'Chad', NULL),
	(85, 'f', '2001-09-28', 'Nellaville', 'Western Sahara', NULL),
	(86, 'f', '2008-03-04', 'East Trevorville', 'Malta', NULL),
	(87, 'm', '1985-05-28', 'New Dejaside', 'Timor-Leste', NULL),
	(88, 'm', '1986-11-20', 'East Torreymouth', 'Cuba', NULL),
	(89, 'f', '1975-04-03', 'Feeneybury', 'Nicaragua', NULL),
	(90, 'm', '1979-07-07', 'East Jarret', 'Puerto Rico', NULL),
	(91, 'f', '1980-01-18', 'Altenwerthberg', 'South Georgia and the South Sandwich Islands', NULL),
	(92, 'f', '2010-11-21', 'Lake Maureen', 'Bosnia and Herzegovina', NULL),
	(93, 'm', '1976-06-26', 'West Britneymouth', 'Aruba', NULL),
	(94, 'm', '1978-11-14', 'Alexieport', 'Guadeloupe', NULL),
	(95, 'm', '1976-11-06', 'Urbantown', 'Slovakia (Slovak Republic)', NULL),
	(96, 'm', '1995-07-09', 'Boscomouth', 'Svalbard & Jan Mayen Islands', NULL),
	(97, 'm', '1998-01-23', 'New Anne', 'Malaysia', NULL),
	(98, 'f', '2016-01-18', 'New Savanna', 'Sierra Leone', NULL),
	(99, 'f', '1998-12-05', 'Prohaskatown', 'Egypt', NULL),
	(100, 'm', '2005-09-02', 'East Alainaberg', 'Cambodia', NULL);
/*!40000 ALTER TABLE `profiles` ENABLE KEYS */;


-- Дамп структуры для таблица vk.users
DROP TABLE IF EXISTS `users`;
CREATE TABLE IF NOT EXISTS `users` (
  `id` int(10) unsigned NOT NULL AUTO_INCREMENT,
  `first_name` varchar(100) COLLATE utf8_unicode_ci NOT NULL,
  `last_name` varchar(100) COLLATE utf8_unicode_ci NOT NULL,
  `email` varchar(120) COLLATE utf8_unicode_ci NOT NULL,
  `phone` varchar(120) COLLATE utf8_unicode_ci NOT NULL,
  `created_at` datetime DEFAULT CURRENT_TIMESTAMP,
  `updated_at` datetime DEFAULT CURRENT_TIMESTAMP ON UPDATE CURRENT_TIMESTAMP,
  PRIMARY KEY (`id`),
  UNIQUE KEY `email` (`email`),
  UNIQUE KEY `phone` (`phone`)
) ENGINE=InnoDB AUTO_INCREMENT=101 DEFAULT CHARSET=utf8 COLLATE=utf8_unicode_ci;

-- Дамп данных таблицы vk.users: ~100 rows (приблизительно)
/*!40000 ALTER TABLE `users` DISABLE KEYS */;
INSERT INTO `users` (`id`, `first_name`, `last_name`, `email`, `phone`, `created_at`, `updated_at`) VALUES
	(1, 'Selina', 'Herzog', 'antone92@example.org', '145-965-3188', '2018-08-06 00:55:43', '2020-04-24 20:19:18'),
	(2, 'Doris', 'Lubowitz', 'lbosco@example.net', '08032147891', '2013-05-18 02:13:10', '2019-02-02 02:47:05'),
	(3, 'Wilbert', 'Hintz', 'wmarvin@example.org', '(639)216-3718x36184', '2017-12-26 19:31:24', '2020-04-24 20:19:18'),
	(4, 'Myrtie', 'Weissnat', 'olson.gerardo@example.com', '(208)030-8932', '2019-02-07 20:28:31', '2020-04-24 20:19:18'),
	(5, 'Alford', 'Doyle', 'ifriesen@example.org', '286-883-4769', '2016-09-17 11:40:17', '2020-04-24 20:19:18'),
	(6, 'Flo', 'DuBuque', 'bella08@example.net', '09648893205', '2015-08-16 22:42:24', '2020-04-24 20:19:18'),
	(7, 'Deron', 'Langworth', 'ghills@example.com', '+84(0)9312857577', '2018-01-31 20:57:58', '2020-04-24 20:19:18'),
	(8, 'Hayley', 'O\'Hara', 'champlin.alysa@example.org', '(351)788-2358', '2017-04-17 17:26:24', '2020-04-24 20:19:18'),
	(9, 'Alexandra', 'Prosacco', 'broderick17@example.org', '02190889670', '2018-03-13 00:54:11', '2020-04-24 20:19:18'),
	(10, 'Rosario', 'Dach', 'aglae16@example.org', '268-645-4134x30668', '2016-10-06 13:19:53', '2020-04-24 20:19:18'),
	(11, 'Ian', 'Heaney', 'alycia00@example.com', '408.893.2754x1031', '2016-01-11 03:23:17', '2020-04-24 20:19:18'),
	(12, 'Joelle', 'Casper', 'felicity.buckridge@example.org', '00961891158', '2020-04-06 23:32:53', '2020-04-24 20:19:18'),
	(13, 'Daija', 'VonRueden', 'jackson.bartell@example.net', '1-887-644-9639x287', '2011-08-16 19:10:10', '2015-01-20 22:01:19'),
	(14, 'Jeanie', 'Koch', 'linnie27@example.org', '234-392-0925x36403', '2018-12-10 16:47:59', '2019-09-05 01:37:48'),
	(15, 'Bernadette', 'Schuster', 'jose61@example.org', '1-378-653-6815x126', '2020-02-17 12:22:40', '2020-04-24 20:19:18'),
	(16, 'Janice', 'Hansen', 'ally50@example.org', '(133)948-9882', '2019-11-23 05:58:13', '2020-04-24 20:19:18'),
	(17, 'Stephania', 'Howe', 'harber.jerald@example.com', '1-541-257-7830', '2014-09-06 16:52:11', '2020-01-16 13:07:29'),
	(18, 'Francesca', 'Deckow', 'kirsten.runte@example.org', '(550)856-0377x11212', '2018-07-11 21:20:31', '2020-04-24 20:19:18'),
	(19, 'Lorenza', 'Bechtelar', 'qhyatt@example.org', '154-027-3580x71781', '2019-04-16 01:18:21', '2020-04-24 20:19:18'),
	(20, 'Janet', 'Davis', 'mgleichner@example.com', '1-179-346-0730', '2010-05-12 16:16:41', '2020-02-17 01:01:17'),
	(21, 'Kyleigh', 'Kilback', 'mclaughlin.tiara@example.org', '332-082-1890x609', '2014-07-14 11:58:02', '2015-12-21 17:59:58'),
	(22, 'Roselyn', 'Abshire', 'sonya58@example.net', '143-237-6121', '2013-05-29 00:53:02', '2016-08-23 21:02:31'),
	(23, 'Walker', 'Leuschke', 'quincy.rodriguez@example.net', '+38(9)4829782590', '2018-11-14 02:17:11', '2020-04-24 20:19:18'),
	(24, 'Ubaldo', 'Gleason', 'jules60@example.com', '+45(3)6463089950', '2010-08-26 07:35:36', '2018-05-22 03:46:59'),
	(25, 'Kendrick', 'Hansen', 'mohammed03@example.net', '632.305.7905x976', '2015-11-17 06:03:15', '2020-04-24 20:19:18'),
	(26, 'Clinton', 'Anderson', 'payton.romaguera@example.net', '(475)042-8157x01682', '2011-11-04 01:55:06', '2014-01-02 02:48:56'),
	(27, 'Oleta', 'Hodkiewicz', 'marcia21@example.com', '1-247-838-9004x087', '2014-08-23 13:04:03', '2015-08-05 03:09:13'),
	(28, 'Oleta', 'Stanton', 'kozey.thalia@example.org', '909.440.6328', '2014-11-06 02:27:11', '2015-10-26 02:30:26'),
	(29, 'Arielle', 'Shields', 'oheller@example.net', '312.284.8195', '2014-03-19 05:55:19', '2016-08-23 04:11:58'),
	(30, 'Ursula', 'Jast', 'ellis01@example.org', '(733)872-7278', '2014-10-22 22:02:01', '2020-04-24 20:19:18'),
	(31, 'Hosea', 'Williamson', 'clinton42@example.org', '1-700-681-0913', '2020-02-26 21:25:09', '2020-04-24 20:19:18'),
	(32, 'Alexanne', 'King', 'nlangosh@example.org', '+56(0)0152616734', '2013-10-12 18:44:24', '2015-09-29 07:15:22'),
	(33, 'Zackary', 'Larson', 'rlebsack@example.net', '430-655-3518', '2015-08-24 04:12:02', '2019-10-27 07:27:30'),
	(34, 'Tito', 'Hamill', 'rau.lisa@example.com', '(701)740-2162x8250', '2017-10-09 02:18:19', '2020-04-24 20:19:18'),
	(35, 'Haley', 'Swaniawski', 'eulah33@example.net', '853.798.1033x3597', '2017-02-03 13:37:04', '2018-02-12 15:51:00'),
	(36, 'Thomas', 'Thompson', 'hraynor@example.com', '135-442-8382x93742', '2015-01-29 17:35:47', '2020-04-24 20:19:18'),
	(37, 'Eryn', 'Harvey', 'turner.merl@example.com', '809-394-3551x1026', '2010-04-25 18:08:37', '2018-12-06 23:54:58'),
	(38, 'Noelia', 'Roberts', 'lyla.lindgren@example.net', '1-389-231-1130', '2017-10-22 18:48:52', '2018-09-24 00:34:46'),
	(39, 'Aiden', 'Beier', 'manley31@example.com', '806-352-7775x280', '2020-02-07 11:30:01', '2020-04-24 20:19:18'),
	(40, 'Faye', 'Ankunding', 'cassandra74@example.com', '+37(4)2117145183', '2011-05-10 02:45:31', '2015-10-29 04:04:52'),
	(41, 'Nola', 'Bruen', 'akunze@example.org', '921-242-7167x58330', '2019-12-19 22:47:23', '2020-04-24 20:19:18'),
	(42, 'Elena', 'Reynolds', 'kessler.imani@example.org', '1-877-020-7239', '2015-12-26 12:34:58', '2020-04-24 20:19:18'),
	(43, 'Dayton', 'Larkin', 'christ82@example.com', '(837)864-2053x5238', '2016-07-08 01:41:25', '2018-07-28 06:24:34'),
	(44, 'Melyssa', 'Cronin', 'quitzon.geovanni@example.org', '(690)236-8667x25045', '2016-02-05 09:29:31', '2020-04-24 20:19:18'),
	(45, 'Rossie', 'Wyman', 'littel.ashley@example.org', '262.141.6186', '2015-11-08 07:52:31', '2020-04-24 20:19:18'),
	(46, 'Craig', 'Feil', 'alexandria55@example.org', '(576)662-2395x92368', '2010-11-03 06:52:59', '2012-12-03 00:02:26'),
	(47, 'Dallin', 'Kovacek', 'rempel.victoria@example.com', '(921)530-1690', '2018-04-28 03:17:27', '2020-04-24 20:19:18'),
	(48, 'Eleazar', 'Langosh', 'mreinger@example.org', '+15(3)0472798416', '2013-11-27 00:56:25', '2020-04-24 20:19:18'),
	(49, 'Mariela', 'Lang', 'arden.braun@example.com', '778-961-1318', '2012-11-15 10:51:40', '2017-01-31 19:01:56'),
	(50, 'Annabelle', 'Beatty', 'kasandra54@example.net', '1-684-661-0893', '2012-06-03 09:24:48', '2012-09-13 18:04:01'),
	(51, 'Natasha', 'Mayer', 'weissnat.kacie@example.com', '097.714.8747x8065', '2014-02-28 23:53:42', '2015-11-26 04:14:00'),
	(52, 'Daniela', 'Rempel', 'wilderman.lew@example.org', '535.244.0848', '2017-12-04 12:16:30', '2020-04-24 20:19:18'),
	(53, 'Assunta', 'Adams', 'botsford.chanelle@example.net', '(080)253-1806', '2018-12-04 18:13:27', '2019-08-02 13:38:31'),
	(54, 'Letha', 'Buckridge', 'narmstrong@example.com', '710-622-3627', '2014-08-02 18:54:52', '2016-10-05 06:00:20'),
	(55, 'Noble', 'Ferry', 'walker.leilani@example.org', '010-035-5585x0162', '2012-05-14 14:32:34', '2020-04-24 20:19:18'),
	(56, 'Layla', 'Kub', 'dalton32@example.org', '1-838-625-0722x3943', '2010-09-18 23:42:29', '2017-01-10 06:20:24'),
	(57, 'Kaley', 'Eichmann', 'jenkins.allison@example.com', '253.917.0109x65474', '2010-06-04 05:57:58', '2014-02-07 20:35:02'),
	(58, 'Wilbert', 'Fritsch', 'aliza56@example.com', '106.032.1389', '2018-06-27 09:28:34', '2020-04-24 20:19:18'),
	(59, 'Tad', 'Champlin', 'roxane07@example.org', '(753)810-1734', '2017-09-05 20:27:07', '2020-04-24 20:19:18'),
	(60, 'Lupe', 'Conn', 'tgulgowski@example.com', '1-025-261-0938', '2019-03-06 05:18:43', '2020-04-24 20:19:18'),
	(61, 'Branson', 'Jerde', 'tavares.ritchie@example.net', '(663)879-6874x952', '2019-09-10 03:40:49', '2020-04-24 20:19:18'),
	(62, 'Bernadette', 'Homenick', 'wolff.raymundo@example.org', '357.335.3631x14055', '2015-02-20 21:13:08', '2020-04-24 20:19:18'),
	(63, 'Crawford', 'Hane', 'retha96@example.net', '603.199.2334x51009', '2014-12-03 21:01:58', '2016-09-14 04:55:37'),
	(64, 'Claudie', 'Gutkowski', 'brippin@example.org', '936.743.7573', '2015-07-14 07:35:33', '2020-04-24 20:19:18'),
	(65, 'Colleen', 'Bauch', 'cruickshank.sadye@example.net', '404.535.2485', '2010-10-12 08:19:26', '2018-07-12 23:41:23'),
	(66, 'Benedict', 'Walker', 'hilton44@example.net', '1-165-750-6070', '2018-03-24 08:19:00', '2020-04-24 20:19:18'),
	(67, 'Ephraim', 'Cassin', 'hope81@example.org', '(117)553-1517', '2019-03-15 08:30:32', '2020-02-01 11:40:16'),
	(68, 'Wilford', 'Boyer', 'oceane.stroman@example.org', '1-304-611-7798', '2017-08-01 17:10:54', '2020-04-24 20:19:18'),
	(69, 'Christa', 'Bednar', 'bkohler@example.org', '03609574482', '2011-12-12 23:03:47', '2016-04-27 00:44:19'),
	(70, 'Carlee', 'Schmidt', 'igrimes@example.net', '08135900798', '2018-11-13 21:26:15', '2020-04-24 20:19:18'),
	(71, 'Otis', 'Wiegand', 'ned56@example.com', '783.745.1085x46021', '2014-02-17 08:35:01', '2020-04-24 20:19:18'),
	(72, 'Emmalee', 'Sawayn', 'neoma85@example.org', '361.504.4921x556', '2013-05-10 13:10:42', '2014-05-30 10:09:24'),
	(73, 'Verla', 'Barrows', 'jason.gislason@example.com', '632.945.3670', '2010-06-10 13:56:52', '2018-08-04 20:31:36'),
	(74, 'Reid', 'Block', 'marvin.joanne@example.org', '(468)072-8420', '2014-06-08 17:42:55', '2016-07-28 05:20:28'),
	(75, 'Earline', 'Lueilwitz', 'ida14@example.net', '437-166-4272x1168', '2018-07-11 04:34:58', '2020-04-24 20:19:18'),
	(76, 'Lottie', 'Mann', 'scot36@example.net', '1-339-996-3691x91116', '2018-06-17 08:28:54', '2020-04-24 20:19:18'),
	(77, 'Rollin', 'Gutkowski', 'liza.wyman@example.org', '672-202-2977x744', '2013-12-26 14:21:36', '2020-04-24 20:19:18'),
	(78, 'Augustus', 'Nicolas', 'winfield36@example.net', '259-452-9337', '2019-12-24 02:17:29', '2020-04-24 20:19:18'),
	(79, 'Lisette', 'Koelpin', 'botsford.carley@example.net', '(692)008-5279x80165', '2014-07-01 05:04:47', '2018-07-12 10:28:06'),
	(80, 'Abner', 'McCullough', 'jillian65@example.com', '+34(6)4647623871', '2015-02-06 10:17:28', '2020-04-24 20:19:18'),
	(81, 'Samson', 'Schmitt', 'npowlowski@example.org', '664-604-6285', '2013-12-25 11:40:20', '2014-03-16 02:07:44'),
	(82, 'Courtney', 'Brown', 'sandra.grady@example.org', '043-877-6042x58366', '2015-01-09 07:10:40', '2020-04-24 20:19:18'),
	(83, 'Destin', 'Hoeger', 'dgutmann@example.org', '1-240-842-6726x971', '2014-07-10 01:53:14', '2016-08-30 13:38:14'),
	(84, 'Margaretta', 'Kris', 'lillie.jacobs@example.org', '296.971.8435', '2010-08-01 23:13:27', '2011-12-05 20:07:58'),
	(85, 'Marie', 'Morissette', 'zwalter@example.com', '424-303-4371x482', '2019-07-04 23:54:47', '2020-04-24 20:19:18'),
	(86, 'Pearline', 'Vandervort', 'hegmann.reginald@example.net', '380.150.6337', '2013-11-17 17:14:38', '2014-01-17 04:53:20'),
	(87, 'Sharon', 'Simonis', 'dhamill@example.net', '223-482-2518x7367', '2018-11-30 13:52:50', '2018-12-23 10:27:28'),
	(88, 'Mona', 'Hodkiewicz', 'berneice55@example.org', '891.000.5108x7916', '2011-06-03 17:42:07', '2016-09-30 20:13:27'),
	(89, 'Fredrick', 'Wiegand', 'braden.pfeffer@example.com', '00344043612', '2018-08-07 00:33:17', '2020-04-24 20:19:18'),
	(90, 'Carleton', 'Gibson', 'melvin.greenholt@example.org', '04787521655', '2013-10-10 16:23:03', '2015-08-14 01:14:07'),
	(91, 'Esta', 'Beier', 'labadie.samir@example.org', '(227)791-3830x54071', '2014-07-22 07:43:22', '2015-02-16 17:09:33'),
	(92, 'Isabella', 'Muller', 'smraz@example.net', '999.472.9701', '2014-12-25 20:13:47', '2020-04-24 20:19:18'),
	(93, 'Camden', 'Simonis', 'tleannon@example.org', '(131)749-2912x729', '2013-10-13 20:50:55', '2020-04-24 20:19:18'),
	(94, 'Maybelle', 'Schiller', 'hills.jennie@example.com', '07607704594', '2018-10-18 23:05:46', '2020-04-24 20:19:18'),
	(95, 'Kennith', 'Stiedemann', 'fkemmer@example.org', '065.083.1150', '2016-12-07 05:56:01', '2020-04-24 20:19:18'),
	(96, 'Christa', 'Macejkovic', 'erdman.jaylin@example.net', '1-897-154-6240', '2017-03-22 12:28:09', '2017-10-08 03:11:15'),
	(97, 'Chester', 'Fadel', 'bins.edmond@example.com', '561-652-5388x10297', '2014-10-14 05:27:10', '2017-12-27 09:58:56'),
	(98, 'Marcel', 'Corwin', 'echristiansen@example.com', '(920)390-1367', '2019-09-16 10:15:26', '2020-04-24 20:19:18'),
	(99, 'Roberta', 'Dickens', 'olen44@example.net', '272-368-5895', '2020-04-05 17:39:17', '2020-04-24 20:19:18'),
	(100, 'Delpha', 'Flatley', 'lillie53@example.net', '436-853-7309x00114', '2017-04-25 18:14:36', '2020-04-24 20:19:18');
/*!40000 ALTER TABLE `users` ENABLE KEYS */;
/*!40101 SET SQL_MODE=IFNULL(@OLD_SQL_MODE, '') */;
/*!40014 SET FOREIGN_KEY_CHECKS=IF(@OLD_FOREIGN_KEY_CHECKS IS NULL, 1, @OLD_FOREIGN_KEY_CHECKS) */;
/*!40101 SET CHARACTER_SET_CLIENT=@OLD_CHARACTER_SET_CLIENT */;
